crash_unit_id,crash_record_id,crash_date_left,unit_no,unit_type,num_passengers,vehicle_id,cmrc_veh_i,make,model,lic_plate_state,vehicle_year,vehicle_defect,vehicle_type,vehicle_use,travel_direction,maneuver,towed_i,fire_i,occupant_cnt,towed_by,towed_to,area_00_i,area_01_i,area_02_i,area_03_i,area_04_i,area_05_i,area_06_i,area_07_i,area_08_i,area_09_i,area_10_i,area_11_i,area_12_i,area_99_i,first_contact_point,cmv_id,usdot_no,commercial_src,gvwr,carrier_name,carrier_state,carrier_city,hazmat_placards_i,hazmat_present_i,hazmat_report_i,mcs_report_i,hazmat_vio_cause_crash_i,mcs_vio_cause_crash_i,idot_permit_no,trailer1_width,trailer2_width,trailer1_length,axle_cnt,vehicle_config,cargo_body_type,load_type,hazmat_out_of_service_i,mcs_out_of_service_i,hazmat_class,crash_date_est_i,crash_date_right,posted_speed_limit,traffic_control_device,device_condition,weather_condition,lighting_condition,first_crash_type,trafficway_type,alignment,roadway_surface_cond,road_defect,report_type,crash_type,intersection_related_i,private_property_i,hit_and_run_i,damage,date_police_notified,prim_contributory_cause,sec_contributory_cause,street_no,street_direction,street_name,beat_of_occurrence,photos_taken_i,statements_taken_i,dooring_i,work_zone_i,work_zone_type,workers_present_i,num_units,most_severe_injury,injuries_total,injuries_fatal,injuries_incapacitating,injuries_non_incapacitating,injuries_reported_not_evident,injuries_no_indication,injuries_unknown,crash_hour,crash_day_of_week,crash_month,latitude,longitude,location
2066578,5bb58877864f2df59eb4993093f56b38e34ba1b0480786f2488ca809b0baf29be158bb212fdbf93760d33bfa60f375b5fe4c4b694792021ea5ea8529cee0fc33,2025-05-19T19:00:00.000,2,DRIVER,,1969986.0,,CHEVROLET,IMPALA,IL,2018.0,NONE,PASSENGER,PERSONAL,N,STRAIGHT AHEAD,,,1.0,,,,,,,Y,Y,,,,,,,,,REAR-RIGHT-CORNER,,,,,,,,,,,,,,,,,,,,,,,,,,2025-05-19T19:00:00.000,30,NO CONTROLS,NO CONTROLS,CLEAR,DAYLIGHT,SIDESWIPE SAME DIRECTION,NOT DIVIDED,STRAIGHT AND LEVEL,DRY,NO DEFECTS,NOT ON SCENE (DESK REPORT),NO INJURY / DRIVE AWAY,,,,"$501 - $1,500",2025-05-19T20:37:00.000,IMPROPER OVERTAKING/PASSING,NOT APPLICABLE,7201,S,KEDZIE AVE,831,,,,,,,2,NO INDICATION OF INJURY,0.0,0.0,0.0,0.0,0.0,3.0,0.0,19,2,5,41.7624679817,-87.7026113465,POINT (-87.7026113465 41.762467981716)
2066558,b881ebba3be4d85e5f5df95ad54a371a310142412de9ef0fdfb7d8ec875f57702dfa8ae2493815361c65ba17e04e47fdc0fecdfcdd60f2ca1053bb0a6f659838,2025-05-19T18:50:00.000,1,DRIVER,,1969967.0,,LINCOLN,OTHER (EXPLAIN IN NARRATIVE),IL,2005.0,NONE,PASSENGER,UNKNOWN/NA,W,STRAIGHT AHEAD,,,1.0,,,,,,,,,,,,,,,,Y,FRONT,,,,,,,,,,,,,,,,,,,,,,,,,,2025-05-19T18:50:00.000,30,TRAFFIC SIGNAL,FUNCTIONING PROPERLY,CLEAR,DAYLIGHT,REAR END,NOT DIVIDED,STRAIGHT AND LEVEL,DRY,NO DEFECTS,NOT ON SCENE (DESK REPORT),NO INJURY / DRIVE AWAY,,,Y,"OVER $1,500",2025-05-19T20:00:00.000,FAILING TO REDUCE SPEED TO AVOID CRASH,NOT APPLICABLE,3904,W,87TH ST,834,,,,,,,2,NO INDICATION OF INJURY,0.0,0.0,0.0,0.0,0.0,2.0,0.0,18,2,5,41.7350043196,-87.719265289,POINT (-87.719265289041 41.735004319631)
2066559,b881ebba3be4d85e5f5df95ad54a371a310142412de9ef0fdfb7d8ec875f57702dfa8ae2493815361c65ba17e04e47fdc0fecdfcdd60f2ca1053bb0a6f659838,2025-05-19T18:50:00.000,2,DRIVER,,1969972.0,,HONDA,CIVIC,IL,2021.0,NONE,PASSENGER,PERSONAL,W,SLOW/STOP IN TRAFFIC,,,1.0,,,,,,,,,Y,,,,,,,,REAR,,,,,,,,,,,,,,,,,,,,,,,,,,2025-05-19T18:50:00.000,30,TRAFFIC SIGNAL,FUNCTIONING PROPERLY,CLEAR,DAYLIGHT,REAR END,NOT DIVIDED,STRAIGHT AND LEVEL,DRY,NO DEFECTS,NOT ON SCENE (DESK REPORT),NO INJURY / DRIVE AWAY,,,Y,"OVER $1,500",2025-05-19T20:00:00.000,FAILING TO REDUCE SPEED TO AVOID CRASH,NOT APPLICABLE,3904,W,87TH ST,834,,,,,,,2,NO INDICATION OF INJURY,0.0,0.0,0.0,0.0,0.0,2.0,0.0,18,2,5,41.7350043196,-87.719265289,POINT (-87.719265289041 41.735004319631)
2066544,5e867b55ad103b8bdafde79be7e6c0726ed3bf5fd91f0d334cd010fe8ca83f95e8989d73c89e719afbdf5308bcff5470c1034f329c4339ace6a915afc60a3f13,2025-05-19T18:40:00.000,1,DRIVER,1.0,1969949.0,,TOYOTA,HIGHLANDER,IL,2022.0,NONE,SPORT UTILITY VEHICLE (SUV),PERSONAL,S,TURNING RIGHT,Y,,2.0,unknown,,,,,,,,,,,,,Y,,,FRONT-LEFT-CORNER,,,,,,,,,,,,,,,,,,,,,,,,,,2025-05-19T18:40:00.000,30,STOP SIGN/FLASHER,FUNCTIONING PROPERLY,CLEAR,DAYLIGHT,TURNING,DIVIDED - W/MEDIAN (NOT RAISED),STRAIGHT AND LEVEL,DRY,NO DEFECTS,NOT ON SCENE (DESK REPORT),INJURY AND / OR TOW DUE TO CRASH,Y,,Y,"OVER $1,500",2025-05-19T19:35:00.000,FAILING TO YIELD RIGHT-OF-WAY,NOT APPLICABLE,1630,E,83RD ST,414,,,,,,,3,NO INDICATION OF INJURY,0.0,0.0,0.0,0.0,0.0,3.0,0.0,18,2,5,41.7443325372,-87.5841906876,POINT (-87.584190687596 41.744332537167)
2066545,5e867b55ad103b8bdafde79be7e6c0726ed3bf5fd91f0d334cd010fe8ca83f95e8989d73c89e719afbdf5308bcff5470c1034f329c4339ace6a915afc60a3f13,2025-05-19T18:40:00.000,2,DRIVER,,1969952.0,,UNKNOWN,OTHER (EXPLAIN IN NARRATIVE),IL,,UNKNOWN,PASSENGER,UNKNOWN/NA,W,STRAIGHT AHEAD,,,1.0,,,,,,,,,,,,,,,,Y,UNKNOWN,,,,,,,,,,,,,,,,,,,,,,,,,,2025-05-19T18:40:00.000,30,STOP SIGN/FLASHER,FUNCTIONING PROPERLY,CLEAR,DAYLIGHT,TURNING,DIVIDED - W/MEDIAN (NOT RAISED),STRAIGHT AND LEVEL,DRY,NO DEFECTS,NOT ON SCENE (DESK REPORT),INJURY AND / OR TOW DUE TO CRASH,Y,,Y,"OVER $1,500",2025-05-19T19:35:00.000,FAILING TO YIELD RIGHT-OF-WAY,NOT APPLICABLE,1630,E,83RD ST,414,,,,,,,3,NO INDICATION OF INJURY,0.0,0.0,0.0,0.0,0.0,3.0,0.0,18,2,5,41.7443325372,-87.5841906876,POINT (-87.584190687596 41.744332537167)
2066546,5e867b55ad103b8bdafde79be7e6c0726ed3bf5fd91f0d334cd010fe8ca83f95e8989d73c89e719afbdf5308bcff5470c1034f329c4339ace6a915afc60a3f13,2025-05-19T18:40:00.000,3,PARKED,,1969954.0,,UNKNOWN,OTHER (EXPLAIN IN NARRATIVE),IL,,UNKNOWN,UNKNOWN/NA,NOT IN USE,E,PARKED,,,0.0,,,,,,,,,,,,,,,,Y,UNKNOWN,,,,,,,,,,,,,,,,,,,,,,,,,,2025-05-19T18:40:00.000,30,STOP SIGN/FLASHER,FUNCTIONING PROPERLY,CLEAR,DAYLIGHT,TURNING,DIVIDED - W/MEDIAN (NOT RAISED),STRAIGHT AND LEVEL,DRY,NO DEFECTS,NOT ON SCENE (DESK REPORT),INJURY AND / OR TOW DUE TO CRASH,Y,,Y,"OVER $1,500",2025-05-19T19:35:00.000,FAILING TO YIELD RIGHT-OF-WAY,NOT APPLICABLE,1630,E,83RD ST,414,,,,,,,3,NO INDICATION OF INJURY,0.0,0.0,0.0,0.0,0.0,3.0,0.0,18,2,5,41.7443325372,-87.5841906876,POINT (-87.584190687596 41.744332537167)
2066574,11a965f95d2b4b5d225f4e86bd89fc7af1ae941fd87c0a782a3b2ddc36a998fbbd532457e4721b76a2f0638fdf7dfa6f7fa93d18c22f859fa1fa1cfe943f9f93,2025-05-19T18:32:00.000,1,DRIVER,,1969982.0,,JEEP,PATRIOT,IL,2013.0,NONE,PASSENGER,PERSONAL,NW,STRAIGHT AHEAD,,,1.0,,,,,,,,,,,,,,,Y,,FRONT,,,,,,,,,,,,,,,,,,,,,,,,,,2025-05-19T18:32:00.000,30,NO CONTROLS,NO CONTROLS,CLEAR,DAYLIGHT,REAR END,NOT DIVIDED,STRAIGHT AND LEVEL,DRY,NO DEFECTS,NOT ON SCENE (DESK REPORT),NO INJURY / DRIVE AWAY,,,,"OVER $1,500",2025-05-19T18:35:00.000,DISTRACTION - FROM INSIDE VEHICLE,FOLLOWING TOO CLOSELY,471,N,MILWAUKEE AVE,1214,,,,,,,2,NO INDICATION OF INJURY,0.0,0.0,0.0,0.0,0.0,2.0,0.0,18,2,5,41.8906020928,-87.6464603442,POINT (-87.646460344182 41.890602092835)
2066575,11a965f95d2b4b5d225f4e86bd89fc7af1ae941fd87c0a782a3b2ddc36a998fbbd532457e4721b76a2f0638fdf7dfa6f7fa93d18c22f859fa1fa1cfe943f9f93,2025-05-19T18:32:00.000,2,DRIVER,,1969983.0,,FORD,TRANSIT,,2022.0,NONE,TRUCK - SINGLE UNIT,COMMERCIAL - SINGLE UNIT,NW,STRAIGHT AHEAD,,,1.0,,,,,,,,,Y,,,,,,,,REAR,,,,,,,,,,,,,,,,,,,,,,,,,,2025-05-19T18:32:00.000,30,NO CONTROLS,NO CONTROLS,CLEAR,DAYLIGHT,REAR END,NOT DIVIDED,STRAIGHT AND LEVEL,DRY,NO DEFECTS,NOT ON SCENE (DESK REPORT),NO INJURY / DRIVE AWAY,,,,"OVER $1,500",2025-05-19T18:35:00.000,DISTRACTION - FROM INSIDE VEHICLE,FOLLOWING TOO CLOSELY,471,N,MILWAUKEE AVE,1214,,,,,,,2,NO INDICATION OF INJURY,0.0,0.0,0.0,0.0,0.0,2.0,0.0,18,2,5,41.8906020928,-87.6464603442,POINT (-87.646460344182 41.890602092835)
2066530,20de33090f07c94115a33d30a082b532a4cbf655fce73da5a6243d68b9596030ea5e4dda5810e01116bba115a9d1e3a71e9853cae77427008148003c6e717b18,2025-05-19T18:30:00.000,2,PARKED,,1969937.0,,HONDA,CIVIC,IL,2012.0,UNKNOWN,PASSENGER,PERSONAL,UNKNOWN,PARKED,,,0.0,,,,,,,,,,,,,Y,Y,Y,,SIDE-LEFT,,,,,,,,,,,,,,,,,,,,,,,,,,2025-05-19T18:30:00.000,10,NO CONTROLS,NO CONTROLS,CLEAR,DAYLIGHT,PARKED MOTOR VEHICLE,PARKING LOT,STRAIGHT AND LEVEL,DRY,UNKNOWN,NOT ON SCENE (DESK REPORT),NO INJURY / DRIVE AWAY,,Y,,"OVER $1,500",2025-05-19T19:00:00.000,FAILING TO YIELD RIGHT-OF-WAY,FAILING TO YIELD RIGHT-OF-WAY,1531,W,TAYLOR ST,1231,,,,,,,2,NO INDICATION OF INJURY,0.0,0.0,0.0,0.0,0.0,1.0,0.0,18,2,5,41.8691702426,-87.6653844664,POINT (-87.665384466355 41.86917024255)
2066531,20de33090f07c94115a33d30a082b532a4cbf655fce73da5a6243d68b9596030ea5e4dda5810e01116bba115a9d1e3a71e9853cae77427008148003c6e717b18,2025-05-19T18:30:00.000,1,DRIVER,,1969945.0,,HONDA,ACCORD,IL,2024.0,UNKNOWN,PASSENGER,PERSONAL,UNKNOWN,LEAVING TRAFFIC LANE TO PARK,,,1.0,,,,,,,,,,,,,,,,Y,UNKNOWN,,,,,,,,,,,,,,,,,,,,,,,,,,2025-05-19T18:30:00.000,10,NO CONTROLS,NO CONTROLS,CLEAR,DAYLIGHT,PARKED MOTOR VEHICLE,PARKING LOT,STRAIGHT AND LEVEL,DRY,UNKNOWN,NOT ON SCENE (DESK REPORT),NO INJURY / DRIVE AWAY,,Y,,"OVER $1,500",2025-05-19T19:00:00.000,FAILING TO YIELD RIGHT-OF-WAY,FAILING TO YIELD RIGHT-OF-WAY,1531,W,TAYLOR ST,1231,,,,,,,2,NO INDICATION OF INJURY,0.0,0.0,0.0,0.0,0.0,1.0,0.0,18,2,5,41.8691702426,-87.6653844664,POINT (-87.665384466355 41.86917024255)
2066593,a61b6201e1647255ae52b0b1ca2d9da9561aec750cc2d2afdf273234ae1a35f5b3b00fcf01d82ae7ae79c844479fad5c0cfff7cdc608b4a9741e90431ef559c7,2025-05-19T18:20:00.000,1,DRIVER,,1970019.0,,CHEVROLET,CRUZE,IL,2017.0,UNKNOWN,UNKNOWN/NA,UNKNOWN/NA,E,PASSING/OVERTAKING,,,1.0,,,,,,,Y,Y,,,,,,,,,REAR-RIGHT-CORNER,,,,,,,,,,,,,,,,,,,,,,,,,,2025-05-19T18:20:00.000,30,NO CONTROLS,NO CONTROLS,CLEAR,DAYLIGHT,SIDESWIPE SAME DIRECTION,DIVIDED - W/MEDIAN BARRIER,STRAIGHT AND LEVEL,DRY,NO DEFECTS,ON SCENE,NO INJURY / DRIVE AWAY,,,Y,$500 OR LESS,2025-05-19T18:37:00.000,IMPROPER OVERTAKING/PASSING,NOT APPLICABLE,123,E,CERMAK RD,132,,,,,,,2,NO INDICATION OF INJURY,0.0,0.0,0.0,0.0,0.0,2.0,0.0,18,2,5,41.8527741629,-87.6227588471,POINT (-87.622758847071 41.852774162945)
2066594,a61b6201e1647255ae52b0b1ca2d9da9561aec750cc2d2afdf273234ae1a35f5b3b00fcf01d82ae7ae79c844479fad5c0cfff7cdc608b4a9741e90431ef559c7,2025-05-19T18:20:00.000,2,DRIVER,,1970023.0,,TOYOTA,HIGHLANDER,IL,2019.0,NONE,PASSENGER,PERSONAL,E,OTHER,,,1.0,,,,,,,,,,Y,Y,,,,,,SIDE-LEFT-REAR,,,,,,,,,,,,,,,,,,,,,,,,,,2025-05-19T18:20:00.000,30,NO CONTROLS,NO CONTROLS,CLEAR,DAYLIGHT,SIDESWIPE SAME DIRECTION,DIVIDED - W/MEDIAN BARRIER,STRAIGHT AND LEVEL,DRY,NO DEFECTS,ON SCENE,NO INJURY / DRIVE AWAY,,,Y,$500 OR LESS,2025-05-19T18:37:00.000,IMPROPER OVERTAKING/PASSING,NOT APPLICABLE,123,E,CERMAK RD,132,,,,,,,2,NO INDICATION OF INJURY,0.0,0.0,0.0,0.0,0.0,2.0,0.0,18,2,5,41.8527741629,-87.6227588471,POINT (-87.622758847071 41.852774162945)
2066536,b4df3e7110ab0eb8eb9a8284befbf45253b23e4e6c71c827b8b85532bab41f7bb36cae1eb27e5c703304fdbec76d95e0d2cb3ea7a7a083be1fcdc2d891d8e1e2,2025-05-19T18:15:00.000,1,DRIVER,,1969947.0,,TOYOTA,CAMRY,IL,2015.0,NONE,PASSENGER,TAXI/FOR HIRE,W,CHANGING LANES,,,1.0,,,,,Y,Y,Y,,,,,,,,,,SIDE-RIGHT,,,,,,,,,,,,,,,,,,,,,,,,,,2025-05-19T18:15:00.000,30,NO CONTROLS,NO CONTROLS,CLEAR,DAYLIGHT,SIDESWIPE SAME DIRECTION,DIVIDED - W/MEDIAN (NOT RAISED),STRAIGHT AND LEVEL,DRY,UNKNOWN,NOT ON SCENE (DESK REPORT),NO INJURY / DRIVE AWAY,,,,"OVER $1,500",2025-05-19T19:05:00.000,IMPROPER LANE USAGE,NOT APPLICABLE,3124,W,LOGAN BLVD,1411,,,,,,,2,NO INDICATION OF INJURY,0.0,0.0,0.0,0.0,0.0,2.0,0.0,18,2,5,41.9288926485,-87.7060042854,POINT (-87.706004285383 41.92889264853)
2066537,b4df3e7110ab0eb8eb9a8284befbf45253b23e4e6c71c827b8b85532bab41f7bb36cae1eb27e5c703304fdbec76d95e0d2cb3ea7a7a083be1fcdc2d891d8e1e2,2025-05-19T18:15:00.000,2,DRIVER,,1969955.0,,DODGE,CALIBER,IL,2011.0,NONE,PASSENGER,UNKNOWN/NA,W,STRAIGHT AHEAD,,,1.0,,,,,,,,,,,,Y,Y,Y,,,FRONT-LEFT-CORNER,,,,,,,,,,,,,,,,,,,,,,,,,,2025-05-19T18:15:00.000,30,NO CONTROLS,NO CONTROLS,CLEAR,DAYLIGHT,SIDESWIPE SAME DIRECTION,DIVIDED - W/MEDIAN (NOT RAISED),STRAIGHT AND LEVEL,DRY,UNKNOWN,NOT ON SCENE (DESK REPORT),NO INJURY / DRIVE AWAY,,,,"OVER $1,500",2025-05-19T19:05:00.000,IMPROPER LANE USAGE,NOT APPLICABLE,3124,W,LOGAN BLVD,1411,,,,,,,2,NO INDICATION OF INJURY,0.0,0.0,0.0,0.0,0.0,2.0,0.0,18,2,5,41.9288926485,-87.7060042854,POINT (-87.706004285383 41.92889264853)
2066549,fa92439e88fa2859f49a6f235c517fcff992a2946fd93ba3b1a4264a6fbbed57a6e7ecf9a930d977e602fd39d289c8953f26c4f92720cd3de647dc3e45284714,2025-05-19T18:13:00.000,1,DRIVER,,1969962.0,,HONDA,CR-V,IL,2015.0,NONE,PASSENGER,PERSONAL,N,TURNING RIGHT,,,1.0,,,,N,N,N,,,,Y,,,Y,Y,,,SIDE-LEFT,,,,,,,,,,,,,,,,,,,,,,,,,,2025-05-19T18:13:00.000,30,TRAFFIC SIGNAL,FUNCTIONING PROPERLY,CLEAR,DAYLIGHT,TURNING,NOT DIVIDED,STRAIGHT AND LEVEL,DRY,NO DEFECTS,NOT ON SCENE (DESK REPORT),NO INJURY / DRIVE AWAY,Y,,,"OVER $1,500",2025-05-19T19:45:00.000,UNABLE TO DETERMINE,UNABLE TO DETERMINE,6401,N,SHERIDAN RD,2432,,,,,,,2,NO INDICATION OF INJURY,0.0,0.0,0.0,0.0,0.0,2.0,0.0,18,2,5,41.9983088064,-87.6596963833,POINT (-87.659696383256 41.99830880639)
2066550,fa92439e88fa2859f49a6f235c517fcff992a2946fd93ba3b1a4264a6fbbed57a6e7ecf9a930d977e602fd39d289c8953f26c4f92720cd3de647dc3e45284714,2025-05-19T18:13:00.000,2,DRIVER,,1969964.0,,HUMMER,H2,IL,2008.0,NONE,SPORT UTILITY VEHICLE (SUV),PERSONAL,N,TURNING RIGHT,,,1.0,,,,Y,Y,Y,,,,,,,,,,,FRONT-RIGHT-CORNER,,,,,,,,,,,,,,,,,,,,,,,,,,2025-05-19T18:13:00.000,30,TRAFFIC SIGNAL,FUNCTIONING PROPERLY,CLEAR,DAYLIGHT,TURNING,NOT DIVIDED,STRAIGHT AND LEVEL,DRY,NO DEFECTS,NOT ON SCENE (DESK REPORT),NO INJURY / DRIVE AWAY,Y,,,"OVER $1,500",2025-05-19T19:45:00.000,UNABLE TO DETERMINE,UNABLE TO DETERMINE,6401,N,SHERIDAN RD,2432,,,,,,,2,NO INDICATION OF INJURY,0.0,0.0,0.0,0.0,0.0,2.0,0.0,18,2,5,41.9983088064,-87.6596963833,POINT (-87.659696383256 41.99830880639)
2066502,f3e4477c2e772c089e97f219946aeb1f172ac85a90283fb54d470b7956c7e5cfc8d7bb2a62b50acc0714dc020cef8b01a8f83d38fb6862b2a60d6a05ee328d47,2025-05-19T18:12:00.000,1,DRIVER,,1969906.0,,JEEP,PATRIOT,IL,2012.0,UNKNOWN,PASSENGER,PERSONAL,N,STRAIGHT AHEAD,Y,,1.0,,,,,,,,,,,,,,,,,SIDE-RIGHT,,,,,,,,,,,,,,,,,,,,,,,,,,2025-05-19T18:12:00.000,30,NO CONTROLS,NO CONTROLS,CLEAR,DUSK,PARKED MOTOR VEHICLE,NOT DIVIDED,STRAIGHT AND LEVEL,DRY,UNKNOWN,ON SCENE,INJURY AND / OR TOW DUE TO CRASH,,,,"OVER $1,500",2025-05-19T18:12:00.000,UNABLE TO DETERMINE,UNABLE TO DETERMINE,2047,N,MILWAUKEE AVE,1431,,,,,,,2,"REPORTED, NOT EVIDENT",1.0,0.0,0.0,0.0,1.0,0.0,0.0,18,2,5,41.9185203051,-87.6899446582,POINT (-87.689944658176 41.918520305149)
2066503,f3e4477c2e772c089e97f219946aeb1f172ac85a90283fb54d470b7956c7e5cfc8d7bb2a62b50acc0714dc020cef8b01a8f83d38fb6862b2a60d6a05ee328d47,2025-05-19T18:12:00.000,2,PARKED,,1969910.0,,NISSAN,MAXIMA,IL,2007.0,UNKNOWN,PASSENGER,PERSONAL,UNKNOWN,PARKED,Y,,0.0,,,,,,,,,,Y,Y,Y,Y,Y,,,SIDE-LEFT,,,,,,,,,,,,,,,,,,,,,,,,,,2025-05-19T18:12:00.000,30,NO CONTROLS,NO CONTROLS,CLEAR,DUSK,PARKED MOTOR VEHICLE,NOT DIVIDED,STRAIGHT AND LEVEL,DRY,UNKNOWN,ON SCENE,INJURY AND / OR TOW DUE TO CRASH,,,,"OVER $1,500",2025-05-19T18:12:00.000,UNABLE TO DETERMINE,UNABLE TO DETERMINE,2047,N,MILWAUKEE AVE,1431,,,,,,,2,"REPORTED, NOT EVIDENT",1.0,0.0,0.0,0.0,1.0,0.0,0.0,18,2,5,41.9185203051,-87.6899446582,POINT (-87.689944658176 41.918520305149)
2066472,2291d6d96dc33a64f81f5703b14b05c6da5c89741e99e35e8f6b493c80f3d77f970b099a54c84ab2cbe624935a96ea3ef28eb14849b54dfcdcf36fc8162bce04,2025-05-19T18:10:00.000,1,DRIVER,,1969883.0,,KIA,SOUL,IL,2025.0,UNKNOWN,PASSENGER,PERSONAL,N,STRAIGHT AHEAD,,,1.0,,,,,,,,,,,,,Y,Y,,,FRONT-LEFT-CORNER,,,,,,,,,,,,,,,,,,,,,,,,,,2025-05-19T18:10:00.000,30,UNKNOWN,UNKNOWN,CLEAR,DAYLIGHT,TURNING,FOUR WAY,STRAIGHT AND LEVEL,UNKNOWN,UNKNOWN,NOT ON SCENE (DESK REPORT),NO INJURY / DRIVE AWAY,,,,"OVER $1,500",2025-05-19T18:38:00.000,UNABLE TO DETERMINE,NOT APPLICABLE,7401,S,RACINE AVE,733,,,,,,,2,NO INDICATION OF INJURY,0.0,0.0,0.0,0.0,0.0,2.0,0.0,18,2,5,41.7595543801,-87.6538247102,POINT (-87.653824710167 41.759554380135)
2066473,2291d6d96dc33a64f81f5703b14b05c6da5c89741e99e35e8f6b493c80f3d77f970b099a54c84ab2cbe624935a96ea3ef28eb14849b54dfcdcf36fc8162bce04,2025-05-19T18:10:00.000,2,DRIVER,,1969878.0,,DODGE,CARAVAN,IL,2015.0,UNKNOWN,PASSENGER,PERSONAL,N,TURNING RIGHT,,,1.0,,,,,,Y,Y,,,,,,,,,,SIDE-RIGHT,,,,,,,,,,,,,,,,,,,,,,,,,,2025-05-19T18:10:00.000,30,UNKNOWN,UNKNOWN,CLEAR,DAYLIGHT,TURNING,FOUR WAY,STRAIGHT AND LEVEL,UNKNOWN,UNKNOWN,NOT ON SCENE (DESK REPORT),NO INJURY / DRIVE AWAY,,,,"OVER $1,500",2025-05-19T18:38:00.000,UNABLE TO DETERMINE,NOT APPLICABLE,7401,S,RACINE AVE,733,,,,,,,2,NO INDICATION OF INJURY,0.0,0.0,0.0,0.0,0.0,2.0,0.0,18,2,5,41.7595543801,-87.6538247102,POINT (-87.653824710167 41.759554380135)
2066514,442ca5ddb29f4c5ea7042278eda02cda1a69c6d02f20126544c375dcc83c4274d51be339e824b9d47e26105a12f6249370bb7f204d267badd6c71710c169767c,2025-05-19T18:05:00.000,1,DRIVER,,1969911.0,,HONDA,CIVIC,IL,2018.0,UNKNOWN,PASSENGER,UNKNOWN/NA,W,BACKING,,,1.0,,,,,,,,,,,,,,,,Y,UNKNOWN,,,,,,,,,,,,,,,,,,,,,,,,,,2025-05-19T18:05:00.000,30,STOP SIGN/FLASHER,FUNCTIONING PROPERLY,CLEAR,DAYLIGHT,TURNING,ONE-WAY,STRAIGHT AND LEVEL,DRY,UNKNOWN,NOT ON SCENE (DESK REPORT),NO INJURY / DRIVE AWAY,Y,,Y,"OVER $1,500",2025-05-19T19:00:00.000,IMPROPER BACKING,IMPROPER BACKING,1601,W,THORNDALE AVE,2012,,,,,,,2,NO INDICATION OF INJURY,0.0,0.0,0.0,0.0,0.0,2.0,0.0,18,2,5,41.9883114254,-87.6699286659,POINT (-87.669928665875 41.988311425384)
2066515,442ca5ddb29f4c5ea7042278eda02cda1a69c6d02f20126544c375dcc83c4274d51be339e824b9d47e26105a12f6249370bb7f204d267badd6c71710c169767c,2025-05-19T18:05:00.000,2,DRIVER,,1969922.0,,TOYOTA,CAMRY,IL,2018.0,UNKNOWN,PASSENGER,PERSONAL,W,TURNING RIGHT,,,1.0,,,,Y,,,,,,,,,,Y,Y,,FRONT,,,,,,,,,,,,,,,,,,,,,,,,,,2025-05-19T18:05:00.000,30,STOP SIGN/FLASHER,FUNCTIONING PROPERLY,CLEAR,DAYLIGHT,TURNING,ONE-WAY,STRAIGHT AND LEVEL,DRY,UNKNOWN,NOT ON SCENE (DESK REPORT),NO INJURY / DRIVE AWAY,Y,,Y,"OVER $1,500",2025-05-19T19:00:00.000,IMPROPER BACKING,IMPROPER BACKING,1601,W,THORNDALE AVE,2012,,,,,,,2,NO INDICATION OF INJURY,0.0,0.0,0.0,0.0,0.0,2.0,0.0,18,2,5,41.9883114254,-87.6699286659,POINT (-87.669928665875 41.988311425384)
2066460,07d54b02b5b4f7aec4da1379d97f708bba62b6ca74a9287158a198a0653c7a176d0c6ecc8718767840573c0dc8ee8d2f103bd8e6c9275e1cc9dacf6f90111dcc,2025-05-19T18:00:00.000,1,DRIVER,,1969876.0,,NISSAN,ROGUE,IL,2010.0,NONE,PASSENGER,PERSONAL,N,ENTERING TRAFFIC LANE FROM PARKING,,,1.0,,,,Y,,,,,,,,,,,,,FRONT-RIGHT-CORNER,,,,,,,,,,,,,,,,,,,,,,,,,,2025-05-19T18:00:00.000,30,NO CONTROLS,NO CONTROLS,CLEAR,DAYLIGHT,SIDESWIPE SAME DIRECTION,NOT DIVIDED,STRAIGHT AND LEVEL,DRY,NO DEFECTS,ON SCENE,NO INJURY / DRIVE AWAY,,,,"OVER $1,500",2025-05-19T18:01:00.000,FAILING TO YIELD RIGHT-OF-WAY,NOT APPLICABLE,3928,N,NORA AVE,1632,,,,,,,2,NO INDICATION OF INJURY,0.0,0.0,0.0,0.0,0.0,2.0,0.0,18,2,5,41.9516747812,-87.8024778139,POINT (-87.80247781386 41.951674781214)
2066461,07d54b02b5b4f7aec4da1379d97f708bba62b6ca74a9287158a198a0653c7a176d0c6ecc8718767840573c0dc8ee8d2f103bd8e6c9275e1cc9dacf6f90111dcc,2025-05-19T18:00:00.000,2,DRIVER,,1969890.0,,CHEVROLET,VAN,IL,2008.0,NONE,PASSENGER,PERSONAL,N,STRAIGHT AHEAD,,,1.0,,,,,,,,,,,Y,Y,Y,,,,SIDE-LEFT,,,,,,,,,,,,,,,,,,,,,,,,,,2025-05-19T18:00:00.000,30,NO CONTROLS,NO CONTROLS,CLEAR,DAYLIGHT,SIDESWIPE SAME DIRECTION,NOT DIVIDED,STRAIGHT AND LEVEL,DRY,NO DEFECTS,ON SCENE,NO INJURY / DRIVE AWAY,,,,"OVER $1,500",2025-05-19T18:01:00.000,FAILING TO YIELD RIGHT-OF-WAY,NOT APPLICABLE,3928,N,NORA AVE,1632,,,,,,,2,NO INDICATION OF INJURY,0.0,0.0,0.0,0.0,0.0,2.0,0.0,18,2,5,41.9516747812,-87.8024778139,POINT (-87.80247781386 41.951674781214)