crash_unit_id,crash_record_id,crash_date_left,unit_no,unit_type,num_passengers,vehicle_id,cmrc_veh_i,make,model,lic_plate_state,vehicle_year,vehicle_defect,vehicle_type,vehicle_use,travel_direction,maneuver,towed_i,fire_i,occupant_cnt,towed_by,towed_to,area_00_i,area_01_i,area_02_i,area_03_i,area_04_i,area_05_i,area_06_i,area_07_i,area_08_i,area_09_i,area_10_i,area_11_i,area_12_i,area_99_i,first_contact_point,cmv_id,usdot_no,commercial_src,gvwr,carrier_name,carrier_state,carrier_city,hazmat_placards_i,hazmat_present_i,hazmat_report_i,mcs_report_i,hazmat_vio_cause_crash_i,mcs_vio_cause_crash_i,idot_permit_no,trailer1_width,trailer2_width,trailer1_length,axle_cnt,vehicle_config,cargo_body_type,load_type,hazmat_out_of_service_i,mcs_out_of_service_i,hazmat_class,crash_date_est_i,crash_date_right,posted_speed_limit,traffic_control_device,device_condition,weather_condition,lighting_condition,first_crash_type,trafficway_type,alignment,roadway_surface_cond,road_defect,report_type,crash_type,intersection_related_i,private_property_i,hit_and_run_i,damage,date_police_notified,prim_contributory_cause,sec_contributory_cause,street_no,street_direction,street_name,beat_of_occurrence,photos_taken_i,statements_taken_i,dooring_i,work_zone_i,work_zone_type,workers_present_i,num_units,most_severe_injury,injuries_total,injuries_fatal,injuries_incapacitating,injuries_non_incapacitating,injuries_reported_not_evident,injuries_no_indication,injuries_unknown,crash_hour,crash_day_of_week,crash_month,latitude,longitude,location
2066591,401a6dcfabc17cc2746cef51a31a9f3e85c348401f48cd522e261407e09c67f180d5bc3ffef88b08e9efb0762418a7215c1cb9e9a88d1eca389956faf9057c6b,2025-05-19T18:00:00.000,1,DRIVER,,1969999.0,,CHEVROLET,TAHOE,IL,2012.0,UNKNOWN,SPORT UTILITY VEHICLE (SUV),UNKNOWN/NA,W,UNKNOWN/NA,,,1.0,,,,,,,,,,,,,,,,Y,UNKNOWN,,,,,,,,,,,,,,,,,,,,,,,,,Y,2025-05-19T18:00:00.000,25,TRAFFIC SIGNAL,UNKNOWN,CLEAR,DAYLIGHT,TURNING,DIVIDED - W/MEDIAN (NOT RAISED),STRAIGHT AND LEVEL,DRY,UNKNOWN,NOT ON SCENE (DESK REPORT),NO INJURY / DRIVE AWAY,Y,,,"OVER $1,500",2025-05-19T21:00:00.000,UNABLE TO DETERMINE,NOT APPLICABLE,2399,W,GRANVILLE AVE,2413,,,,,,,2,NO INDICATION OF INJURY,0.0,0.0,0.0,0.0,0.0,2.0,0.0,18,2,5,41.9939839518,-87.6897009496,POINT (-87.689700949645 41.993983951844)
2066592,401a6dcfabc17cc2746cef51a31a9f3e85c348401f48cd522e261407e09c67f180d5bc3ffef88b08e9efb0762418a7215c1cb9e9a88d1eca389956faf9057c6b,2025-05-19T18:00:00.000,2,DRIVER,,1970002.0,,HONDA,ACCORD,IL,2016.0,UNKNOWN,PASSENGER,PERSONAL,W,TURNING RIGHT,,,1.0,,,,,,,,,,,,Y,Y,,,,SIDE-LEFT,,,,,,,,,,,,,,,,,,,,,,,,,Y,2025-05-19T18:00:00.000,25,TRAFFIC SIGNAL,UNKNOWN,CLEAR,DAYLIGHT,TURNING,DIVIDED - W/MEDIAN (NOT RAISED),STRAIGHT AND LEVEL,DRY,UNKNOWN,NOT ON SCENE (DESK REPORT),NO INJURY / DRIVE AWAY,Y,,,"OVER $1,500",2025-05-19T21:00:00.000,UNABLE TO DETERMINE,NOT APPLICABLE,2399,W,GRANVILLE AVE,2413,,,,,,,2,NO INDICATION OF INJURY,0.0,0.0,0.0,0.0,0.0,2.0,0.0,18,2,5,41.9939839518,-87.6897009496,POINT (-87.689700949645 41.993983951844)
2066506,f3b80c45e2d9042d506dcb7ea2f8a08048553913d4290c7170bc2a0cc8eec75b0eacd7c20514244c6b258ad6fc7504bef2a6a2935d14d72b1e228ab010e2169d,2025-05-19T18:00:00.000,1,DRIVER,,1969903.0,,UNKNOWN,OTHER (EXPLAIN IN NARRATIVE),XX,,UNKNOWN,UNKNOWN/NA,UNKNOWN/NA,E,UNKNOWN/NA,,,1.0,,,,,,,,,,,,,,,,Y,UNKNOWN,,,,,,,,,,,,,,,,,,,,,,,,,,2025-05-19T18:00:00.000,25,TRAFFIC SIGNAL,FUNCTIONING PROPERLY,CLEAR,DAYLIGHT,PARKED MOTOR VEHICLE,ONE-WAY,STRAIGHT AND LEVEL,DRY,NO DEFECTS,ON SCENE,NO INJURY / DRIVE AWAY,,,Y,"OVER $1,500",2025-05-19T18:12:00.000,UNABLE TO DETERMINE,UNABLE TO DETERMINE,1549,W,57TH ST,713,,,,,,,2,NO INDICATION OF INJURY,0.0,0.0,0.0,0.0,0.0,1.0,0.0,18,2,5,41.7902843064,-87.6640560884,POINT (-87.664056088422 41.790284306443)
2066507,f3b80c45e2d9042d506dcb7ea2f8a08048553913d4290c7170bc2a0cc8eec75b0eacd7c20514244c6b258ad6fc7504bef2a6a2935d14d72b1e228ab010e2169d,2025-05-19T18:00:00.000,2,PARKED,,1969907.0,,LEXUS,NX,IL,2017.0,UNKNOWN,PASSENGER,PERSONAL,E,PARKED,,,0.0,,,,Y,Y,,,,,,,,,,,,FRONT-RIGHT-CORNER,,,,,,,,,,,,,,,,,,,,,,,,,,2025-05-19T18:00:00.000,25,TRAFFIC SIGNAL,FUNCTIONING PROPERLY,CLEAR,DAYLIGHT,PARKED MOTOR VEHICLE,ONE-WAY,STRAIGHT AND LEVEL,DRY,NO DEFECTS,ON SCENE,NO INJURY / DRIVE AWAY,,,Y,"OVER $1,500",2025-05-19T18:12:00.000,UNABLE TO DETERMINE,UNABLE TO DETERMINE,1549,W,57TH ST,713,,,,,,,2,NO INDICATION OF INJURY,0.0,0.0,0.0,0.0,0.0,1.0,0.0,18,2,5,41.7902843064,-87.6640560884,POINT (-87.664056088422 41.790284306443)
2066518,4c7696c03f5244906a9bba05e37efc6dae4951ddf20a013e5be10951c81b93ee67a387dada87b45f70bdf72e3567e9a6b5416e779bf351bd2637f42b036a0429,2025-05-19T17:42:00.000,1,DRIVER,,1969929.0,,CHEVROLET,SILVERADO,IL,2011.0,UNKNOWN,PICKUP,UNKNOWN/NA,W,TURNING LEFT,,,1.0,,,,,,,,,,,,,,,,Y,REAR,,,,,,,,,,,,,,,,,,,,,,,,,,2025-05-19T17:42:00.000,30,TRAFFIC SIGNAL,FUNCTIONING PROPERLY,CLEAR,DAYLIGHT,TURNING,FOUR WAY,STRAIGHT AND LEVEL,DRY,NO DEFECTS,NOT ON SCENE (DESK REPORT),NO INJURY / DRIVE AWAY,,,,"OVER $1,500",2025-05-19T17:43:00.000,IMPROPER BACKING,IMPROPER BACKING,3201,W,BELMONT AVE,1412,,,,,,,2,NO INDICATION OF INJURY,0.0,0.0,0.0,0.0,0.0,2.0,0.0,17,2,5,41.9392210489,-87.7077146023,POINT (-87.707714602329 41.939221048898)
2066519,4c7696c03f5244906a9bba05e37efc6dae4951ddf20a013e5be10951c81b93ee67a387dada87b45f70bdf72e3567e9a6b5416e779bf351bd2637f42b036a0429,2025-05-19T17:42:00.000,2,DRIVER,,1969941.0,,MERCEDES-BENZ,E320,IL,2025.0,UNKNOWN,PASSENGER,PERSONAL,E,STRAIGHT AHEAD,,,1.0,,,,Y,,,,,,,,,,Y,Y,Y,FRONT,,,,,,,,,,,,,,,,,,,,,,,,,,2025-05-19T17:42:00.000,30,TRAFFIC SIGNAL,FUNCTIONING PROPERLY,CLEAR,DAYLIGHT,TURNING,FOUR WAY,STRAIGHT AND LEVEL,DRY,NO DEFECTS,NOT ON SCENE (DESK REPORT),NO INJURY / DRIVE AWAY,,,,"OVER $1,500",2025-05-19T17:43:00.000,IMPROPER BACKING,IMPROPER BACKING,3201,W,BELMONT AVE,1412,,,,,,,2,NO INDICATION OF INJURY,0.0,0.0,0.0,0.0,0.0,2.0,0.0,17,2,5,41.9392210489,-87.7077146023,POINT (-87.707714602329 41.939221048898)
2066448,035290dc2a3cfe886553a9ac40fd2961cac1dc6de6b3fcb104ca736430efcbfaacf68de476164232f01a4d5d7d61461a95dbaba0ccff500b1c0503690d369a3d,2025-05-19T17:41:00.000,1,DRIVER,,1969868.0,,TOYOTA,COROLLA,IL,2015.0,UNKNOWN,PASSENGER,PERSONAL,SW,TURNING RIGHT,,,1.0,,,,,,,Y,Y,,,,,,,,,REAR-RIGHT-CORNER,,,,,,,,,,,,,,,,,,,,,,,,,,2025-05-19T17:41:00.000,30,TRAFFIC SIGNAL,FUNCTIONING PROPERLY,CLEAR,DAYLIGHT,TURNING,T-INTERSECTION,STRAIGHT AND LEVEL,DRY,NO DEFECTS,ON SCENE,NO INJURY / DRIVE AWAY,Y,,,"OVER $1,500",2025-05-19T17:41:00.000,IMPROPER TURNING/NO SIGNAL,NOT APPLICABLE,6740,N,RIDGE BLVD,2412,,,,,,,2,NO INDICATION OF INJURY,0.0,0.0,0.0,0.0,0.0,2.0,0.0,17,2,5,42.0045335502,-87.6800215274,POINT (-87.680021527442 42.004533550244)
2066449,035290dc2a3cfe886553a9ac40fd2961cac1dc6de6b3fcb104ca736430efcbfaacf68de476164232f01a4d5d7d61461a95dbaba0ccff500b1c0503690d369a3d,2025-05-19T17:41:00.000,2,DRIVER,,1969881.0,,TOYOTA,CAMRY,IL,2012.0,UNKNOWN,PASSENGER,PERSONAL,S,STRAIGHT AHEAD,,,1.0,,,,,,,,,,,,,,Y,,,FRONT-LEFT-CORNER,,,,,,,,,,,,,,,,,,,,,,,,,,2025-05-19T17:41:00.000,30,TRAFFIC SIGNAL,FUNCTIONING PROPERLY,CLEAR,DAYLIGHT,TURNING,T-INTERSECTION,STRAIGHT AND LEVEL,DRY,NO DEFECTS,ON SCENE,NO INJURY / DRIVE AWAY,Y,,,"OVER $1,500",2025-05-19T17:41:00.000,IMPROPER TURNING/NO SIGNAL,NOT APPLICABLE,6740,N,RIDGE BLVD,2412,,,,,,,2,NO INDICATION OF INJURY,0.0,0.0,0.0,0.0,0.0,2.0,0.0,17,2,5,42.0045335502,-87.6800215274,POINT (-87.680021527442 42.004533550244)
2066540,5022ecf0ede06eff9a5fd813d8af582b2848d9e2b31392774d24db933bc48a271c9c2962abe3914b4de408297827d9c7d89f65295af1ce99f61cb122c33e6d92,2025-05-19T17:40:00.000,1,DRIVER,,1969946.0,,CHRYSLER,TOWN & COUNTRY,IL,2010.0,BRAKES,VAN/MINI-VAN,PERSONAL,E,UNKNOWN/NA,,,1.0,,,,Y,,,,,,,,,,Y,Y,,FRONT-RIGHT-CORNER,,,,,,,,,,,,,,,,,,,,,,,,,,2025-05-19T17:40:00.000,30,NO CONTROLS,NO CONTROLS,CLEAR,DAYLIGHT,HEAD ON,NOT DIVIDED,STRAIGHT AND LEVEL,DRY,NO DEFECTS,ON SCENE,NO INJURY / DRIVE AWAY,,,,"OVER $1,500",2025-05-19T17:43:00.000,EQUIPMENT - VEHICLE CONDITION,UNABLE TO DETERMINE,1831,E,95TH ST,431,,,,,,,2,NO INDICATION OF INJURY,0.0,0.0,0.0,0.0,0.0,2.0,0.0,17,2,5,41.7223121996,-87.5790525246,POINT (-87.579052524628 41.722312199609)
2066541,5022ecf0ede06eff9a5fd813d8af582b2848d9e2b31392774d24db933bc48a271c9c2962abe3914b4de408297827d9c7d89f65295af1ce99f61cb122c33e6d92,2025-05-19T17:40:00.000,2,DRIVER,,1969953.0,,MERCEDES-BENZ,SPRINTER,IL,2023.0,NONE,VAN/MINI-VAN,PERSONAL,W,STRAIGHT AHEAD,,,1.0,,,,Y,Y,,,,,,,,,,Y,,FRONT-RIGHT-CORNER,,,,,,,,,,,,,,,,,,,,,,,,,,2025-05-19T17:40:00.000,30,NO CONTROLS,NO CONTROLS,CLEAR,DAYLIGHT,HEAD ON,NOT DIVIDED,STRAIGHT AND LEVEL,DRY,NO DEFECTS,ON SCENE,NO INJURY / DRIVE AWAY,,,,"OVER $1,500",2025-05-19T17:43:00.000,EQUIPMENT - VEHICLE CONDITION,UNABLE TO DETERMINE,1831,E,95TH ST,431,,,,,,,2,NO INDICATION OF INJURY,0.0,0.0,0.0,0.0,0.0,2.0,0.0,17,2,5,41.7223121996,-87.5790525246,POINT (-87.579052524628 41.722312199609)
2066524,994ba50b8801956f864b8665256803ca85bbfe99f1dd64e5c302eac0cd5860043a4aa3612502d8c4574f9aaf235fbd336ebc347edfc96d08d62724206f168dc2,2025-05-19T17:40:00.000,1,DRIVER,,1969924.0,,CHRYSLER,200,IL,2015.0,UNKNOWN,PASSENGER,PERSONAL,S,BACKING,,,1.0,,,,,,,,,,Y,,,,,,,SIDE-LEFT-REAR,,,,,,,,,,,,,,,,,,,,,,,,,,2025-05-19T17:40:00.000,30,STOP SIGN/FLASHER,FUNCTIONING PROPERLY,CLEAR,DAYLIGHT,REAR TO FRONT,NOT DIVIDED,STRAIGHT AND LEVEL,UNKNOWN,UNKNOWN,NOT ON SCENE (DESK REPORT),NO INJURY / DRIVE AWAY,,,,"OVER $1,500",2025-05-19T19:00:00.000,UNABLE TO DETERMINE,UNABLE TO DETERMINE,9501,S,CALUMET AVE,511,,,,,,,2,NO INDICATION OF INJURY,0.0,0.0,0.0,0.0,0.0,3.0,0.0,17,2,5,41.7217826519,-87.6152044951,POINT (-87.615204495083 41.721782651874)
2066525,994ba50b8801956f864b8665256803ca85bbfe99f1dd64e5c302eac0cd5860043a4aa3612502d8c4574f9aaf235fbd336ebc347edfc96d08d62724206f168dc2,2025-05-19T17:40:00.000,2,DRIVER,1.0,1969935.0,,SUBARU,IMPREZA,IL,2022.0,UNKNOWN,PASSENGER,PERSONAL,N,SLOW/STOP IN TRAFFIC,,,2.0,,,,Y,,,,,,,,,,,,,FRONT-RIGHT-CORNER,,,,,,,,,,,,,,,,,,,,,,,,,,2025-05-19T17:40:00.000,30,STOP SIGN/FLASHER,FUNCTIONING PROPERLY,CLEAR,DAYLIGHT,REAR TO FRONT,NOT DIVIDED,STRAIGHT AND LEVEL,UNKNOWN,UNKNOWN,NOT ON SCENE (DESK REPORT),NO INJURY / DRIVE AWAY,,,,"OVER $1,500",2025-05-19T19:00:00.000,UNABLE TO DETERMINE,UNABLE TO DETERMINE,9501,S,CALUMET AVE,511,,,,,,,2,NO INDICATION OF INJURY,0.0,0.0,0.0,0.0,0.0,3.0,0.0,17,2,5,41.7217826519,-87.6152044951,POINT (-87.615204495083 41.721782651874)
2066481,f4ab235ff3a90b3b0c080002d2395a7b4d3bdbdfc0a59d893405a40352a431596bef7a68bc9d9430755fdea7e1844ef2712a92c9dd7a0a7cfa472441b08ebe27,2025-05-19T17:40:00.000,1,DRIVER,,1969891.0,,LINCOLN,CORSAIR,IL,2024.0,UNKNOWN,SPORT UTILITY VEHICLE (SUV),UNKNOWN/NA,W,STRAIGHT AHEAD,Y,,1.0,the city,,,Y,Y,Y,,,,,,,,,,,REAR-RIGHT-CORNER,,,,,,,,,,,,,,,,,,,,,,,,,,2025-05-19T17:40:00.000,35,STOP SIGN/FLASHER,MISSING,CLEAR,DAYLIGHT,ANGLE,FOUR WAY,STRAIGHT AND LEVEL,DRY,NO DEFECTS,ON SCENE,INJURY AND / OR TOW DUE TO CRASH,Y,,,"OVER $1,500",2025-05-19T17:40:00.000,UNABLE TO DETERMINE,NOT APPLICABLE,434,N,HALSTED ST,1214,,,,,,,2,NO INDICATION OF INJURY,0.0,0.0,0.0,0.0,0.0,2.0,0.0,17,2,5,41.890077898,-87.6477560898,POINT (-87.647756089786 41.89007789797)
2066482,f4ab235ff3a90b3b0c080002d2395a7b4d3bdbdfc0a59d893405a40352a431596bef7a68bc9d9430755fdea7e1844ef2712a92c9dd7a0a7cfa472441b08ebe27,2025-05-19T17:40:00.000,2,DRIVER,,1969899.0,,LEXUS,RX350,IL,2025.0,NONE,SPORT UTILITY VEHICLE (SUV),UNKNOWN/NA,S,STRAIGHT AHEAD,Y,,1.0,the city,,,Y,,,,,,,,,,Y,Y,,FRONT,,,,,,,,,,,,,,,,,,,,,,,,,,2025-05-19T17:40:00.000,35,STOP SIGN/FLASHER,MISSING,CLEAR,DAYLIGHT,ANGLE,FOUR WAY,STRAIGHT AND LEVEL,DRY,NO DEFECTS,ON SCENE,INJURY AND / OR TOW DUE TO CRASH,Y,,,"OVER $1,500",2025-05-19T17:40:00.000,UNABLE TO DETERMINE,NOT APPLICABLE,434,N,HALSTED ST,1214,,,,,,,2,NO INDICATION OF INJURY,0.0,0.0,0.0,0.0,0.0,2.0,0.0,17,2,5,41.890077898,-87.6477560898,POINT (-87.647756089786 41.89007789797)
2066528,5261e2552d3076a5df6988321258691c28cbb1df646da36a4ee70a4933c7bcff4ddf1a1eb6674d4b57056e69045015022947fb9e9f30243d3ec801ad0a9455e6,2025-05-19T17:37:00.000,1,DRIVER,,1969933.0,,FORD,FUSION,IN,2011.0,NONE,PASSENGER,PERSONAL,W,STRAIGHT AHEAD,,,1.0,,,,Y,Y,,,,,,,,,Y,Y,,FRONT-RIGHT-CORNER,,,,,,,,,,,,,,,,,,,,,,,,,,2025-05-19T17:37:00.000,30,NO CONTROLS,NO CONTROLS,CLEAR,DAYLIGHT,ANGLE,NOT DIVIDED,STRAIGHT AND LEVEL,DRY,NO DEFECTS,ON SCENE,INJURY AND / OR TOW DUE TO CRASH,Y,,,"OVER $1,500",2025-05-19T17:37:00.000,FAILING TO YIELD RIGHT-OF-WAY,FAILING TO YIELD RIGHT-OF-WAY,2099,N,WESTERN AVE,1432,,,,,,,2,NONINCAPACITATING INJURY,1.0,0.0,0.0,1.0,0.0,1.0,0.0,17,2,5,41.9198113753,-87.687335238,POINT (-87.687335238035 41.919811375347)
2066529,5261e2552d3076a5df6988321258691c28cbb1df646da36a4ee70a4933c7bcff4ddf1a1eb6674d4b57056e69045015022947fb9e9f30243d3ec801ad0a9455e6,2025-05-19T17:37:00.000,2,DRIVER,,1969951.0,,CHEVROLET,EQUINOX,IL,2018.0,NONE,PASSENGER,PERSONAL,N,STRAIGHT AHEAD,,,1.0,,,,Y,Y,Y,Y,,,,,,,,,,SIDE-RIGHT,,,,,,,,,,,,,,,,,,,,,,,,,,2025-05-19T17:37:00.000,30,NO CONTROLS,NO CONTROLS,CLEAR,DAYLIGHT,ANGLE,NOT DIVIDED,STRAIGHT AND LEVEL,DRY,NO DEFECTS,ON SCENE,INJURY AND / OR TOW DUE TO CRASH,Y,,,"OVER $1,500",2025-05-19T17:37:00.000,FAILING TO YIELD RIGHT-OF-WAY,FAILING TO YIELD RIGHT-OF-WAY,2099,N,WESTERN AVE,1432,,,,,,,2,NONINCAPACITATING INJURY,1.0,0.0,0.0,1.0,0.0,1.0,0.0,17,2,5,41.9198113753,-87.687335238,POINT (-87.687335238035 41.919811375347)
2066538,9f15929966fbbfceafec11a9ec5ef0c513a3adb0f76e95a607ea4550aac7ef1c0eda6c8c2d0e99a02a1143c264f0df96f63459c47cf89bfdd9cf5bfea3ce0237,2025-05-19T17:30:00.000,1,DRIVER,,1969950.0,,UNKNOWN,OTHER (EXPLAIN IN NARRATIVE),,,UNKNOWN,UNKNOWN/NA,UNKNOWN/NA,UNKNOWN,UNKNOWN/NA,,,1.0,,,,,,,,,,,,,,,,Y,UNKNOWN,,,,,,,,,,,,,,,,,,,,,,,,,,2025-05-19T17:30:00.000,10,NO CONTROLS,NO CONTROLS,CLEAR,DAYLIGHT,PARKED MOTOR VEHICLE,PARKING LOT,STRAIGHT AND LEVEL,DRY,NO DEFECTS,NOT ON SCENE (DESK REPORT),NO INJURY / DRIVE AWAY,,,Y,"OVER $1,500",2025-05-19T19:30:00.000,UNABLE TO DETERMINE,NOT APPLICABLE,4501,S,PULASKI RD,821,,,,,,,2,NO INDICATION OF INJURY,0.0,0.0,0.0,0.0,0.0,1.0,0.0,17,2,5,41.8114515422,-87.7235746544,POINT (-87.72357465442 41.811451542236)
2066539,9f15929966fbbfceafec11a9ec5ef0c513a3adb0f76e95a607ea4550aac7ef1c0eda6c8c2d0e99a02a1143c264f0df96f63459c47cf89bfdd9cf5bfea3ce0237,2025-05-19T17:30:00.000,2,PARKED,,1969939.0,,TOYOTA,4RUNNER,IL,2008.0,NONE,PASSENGER,NOT IN USE,E,PARKED,,,0.0,,,,,,,,,Y,,,,,,,,REAR-LEFT-CORNER,,,,,,,,,,,,,,,,,,,,,,,,,,2025-05-19T17:30:00.000,10,NO CONTROLS,NO CONTROLS,CLEAR,DAYLIGHT,PARKED MOTOR VEHICLE,PARKING LOT,STRAIGHT AND LEVEL,DRY,NO DEFECTS,NOT ON SCENE (DESK REPORT),NO INJURY / DRIVE AWAY,,,Y,"OVER $1,500",2025-05-19T19:30:00.000,UNABLE TO DETERMINE,NOT APPLICABLE,4501,S,PULASKI RD,821,,,,,,,2,NO INDICATION OF INJURY,0.0,0.0,0.0,0.0,0.0,1.0,0.0,17,2,5,41.8114515422,-87.7235746544,POINT (-87.72357465442 41.811451542236)
2066486,264e379f390e3bfa49a0ab24ac9657cc8ae44f6d525ef2d2de399b3788ba3e9d56d5fb3c0faf964a295aa84d861c1ee36248aaaa022aca86f36a97a04580b630,2025-05-19T17:25:00.000,1,DRIVER,,1969897.0,,PORSCHE,OTHER (EXPLAIN IN NARRATIVE),IL,2025.0,UNKNOWN,PASSENGER,UNKNOWN/NA,N,OTHER,,,1.0,,,,,,,,,,,,,,,,,UNKNOWN,,,,,,,,,,,,,,,,,,,,,,,,,,2025-05-19T17:25:00.000,30,NO CONTROLS,NO CONTROLS,CLEAR,DAYLIGHT,PEDALCYCLIST,NOT DIVIDED,STRAIGHT AND LEVEL,DRY,NO DEFECTS,ON SCENE,INJURY AND / OR TOW DUE TO CRASH,,,Y,"$501 - $1,500",2025-05-19T17:39:00.000,UNABLE TO DETERMINE,UNABLE TO DETERMINE,3419,N,SOUTHPORT AVE,1924,,,,,,,2,NONINCAPACITATING INJURY,1.0,0.0,0.0,1.0,0.0,1.0,0.0,17,2,5,41.9440353962,-87.6637871173,POINT (-87.663787117332 41.944035396215)
2066487,264e379f390e3bfa49a0ab24ac9657cc8ae44f6d525ef2d2de399b3788ba3e9d56d5fb3c0faf964a295aa84d861c1ee36248aaaa022aca86f36a97a04580b630,2025-05-19T17:25:00.000,2,BICYCLE,,,,,,,,,,,,,,,,,,,,,,,,,,,,,,,,,,,,,,,,,,,,,,,,,,,,,,,,,,2025-05-19T17:25:00.000,30,NO CONTROLS,NO CONTROLS,CLEAR,DAYLIGHT,PEDALCYCLIST,NOT DIVIDED,STRAIGHT AND LEVEL,DRY,NO DEFECTS,ON SCENE,INJURY AND / OR TOW DUE TO CRASH,,,Y,"$501 - $1,500",2025-05-19T17:39:00.000,UNABLE TO DETERMINE,UNABLE TO DETERMINE,3419,N,SOUTHPORT AVE,1924,,,,,,,2,NONINCAPACITATING INJURY,1.0,0.0,0.0,1.0,0.0,1.0,0.0,17,2,5,41.9440353962,-87.6637871173,POINT (-87.663787117332 41.944035396215)
2066456,4d0346aa755371bbd0e4c8e23a1882583436073cc999e14bbf34639b4b670536b57f32c3d119a0e07c3bff423df33a52cb6c41f3860a7c6924f191fe5798298c,2025-05-19T17:22:00.000,1,DRIVER,,1969866.0,,FORD,ECOSPORT,IL,2018.0,NONE,SPORT UTILITY VEHICLE (SUV),PERSONAL,E,CHANGING LANES,,,1.0,,,,,,,,,,Y,Y,,,,,,SIDE-LEFT-REAR,,,,,,,,,,,,,,,,,,,,,,,,,,2025-05-19T17:22:00.000,30,NO CONTROLS,NO CONTROLS,CLEAR,DAYLIGHT,SIDESWIPE SAME DIRECTION,DIVIDED - W/MEDIAN BARRIER,STRAIGHT AND LEVEL,DRY,NO DEFECTS,ON SCENE,NO INJURY / DRIVE AWAY,,,,"OVER $1,500",2025-05-19T17:28:00.000,IMPROPER LANE USAGE,NOT APPLICABLE,1119,W,GARFIELD BLVD,712,,,,,,,2,NO INDICATION OF INJURY,0.0,0.0,0.0,0.0,0.0,2.0,0.0,17,2,5,41.7937096884,-87.6533126567,POINT (-87.653312656658 41.793709688406)
2066457,4d0346aa755371bbd0e4c8e23a1882583436073cc999e14bbf34639b4b670536b57f32c3d119a0e07c3bff423df33a52cb6c41f3860a7c6924f191fe5798298c,2025-05-19T17:22:00.000,2,DRIVER,,1969873.0,,HONDA,CR-V,IL,2019.0,NONE,SPORT UTILITY VEHICLE (SUV),PERSONAL,E,STRAIGHT AHEAD,,,1.0,,,,Y,Y,,,,,,,,,,,,FRONT-RIGHT-CORNER,,,,,,,,,,,,,,,,,,,,,,,,,,2025-05-19T17:22:00.000,30,NO CONTROLS,NO CONTROLS,CLEAR,DAYLIGHT,SIDESWIPE SAME DIRECTION,DIVIDED - W/MEDIAN BARRIER,STRAIGHT AND LEVEL,DRY,NO DEFECTS,ON SCENE,NO INJURY / DRIVE AWAY,,,,"OVER $1,500",2025-05-19T17:28:00.000,IMPROPER LANE USAGE,NOT APPLICABLE,1119,W,GARFIELD BLVD,712,,,,,,,2,NO INDICATION OF INJURY,0.0,0.0,0.0,0.0,0.0,2.0,0.0,17,2,5,41.7937096884,-87.6533126567,POINT (-87.653312656658 41.793709688406)
2066478,5cdb124b8fc41a52cb194cef260930dc3b504fa9a6ded81489955cdddfd580979e8b3505c4bfabf41d1fbacb203a28b1d6028ed88ec3f1b6ba1bc3e27621b04b,2025-05-19T17:20:00.000,1,DRIVER,,1969886.0,,UNKNOWN,OTHER (EXPLAIN IN NARRATIVE),IL,2021.0,NONE,OTHER,TOW TRUCK,N,SLOW/STOP IN TRAFFIC,,,1.0,,,,,,,,,,,,,,,Y,,FRONT,,,,,,,,,,,,,,,,,,,,,,,,,,2025-05-19T17:20:00.000,30,NO CONTROLS,NO CONTROLS,CLEAR,DAYLIGHT,REAR END,DIVIDED - W/MEDIAN BARRIER,STRAIGHT AND LEVEL,DRY,NO DEFECTS,ON SCENE,NO INJURY / DRIVE AWAY,,,,"OVER $1,500",2025-05-19T17:22:00.000,FOLLOWING TOO CLOSELY,UNABLE TO DETERMINE,607,N,ASHLAND AVE,1215,,,,,,,3,NO INDICATION OF INJURY,0.0,0.0,0.0,0.0,0.0,3.0,0.0,17,2,5,41.8926865048,-87.6670458057,POINT (-87.667045805672 41.892686504753)
2066479,5cdb124b8fc41a52cb194cef260930dc3b504fa9a6ded81489955cdddfd580979e8b3505c4bfabf41d1fbacb203a28b1d6028ed88ec3f1b6ba1bc3e27621b04b,2025-05-19T17:20:00.000,2,DRIVER,,1969894.0,,JEEP,GRAND CHEROKEE,IN,2023.0,NONE,SPORT UTILITY VEHICLE (SUV),PERSONAL,N,SLOW/STOP IN TRAFFIC,,,1.0,,,,Y,,,,Y,Y,Y,,,,Y,Y,,REAR,,,,,,,,,,,,,,,,,,,,,,,,,,2025-05-19T17:20:00.000,30,NO CONTROLS,NO CONTROLS,CLEAR,DAYLIGHT,REAR END,DIVIDED - W/MEDIAN BARRIER,STRAIGHT AND LEVEL,DRY,NO DEFECTS,ON SCENE,NO INJURY / DRIVE AWAY,,,,"OVER $1,500",2025-05-19T17:22:00.000,FOLLOWING TOO CLOSELY,UNABLE TO DETERMINE,607,N,ASHLAND AVE,1215,,,,,,,3,NO INDICATION OF INJURY,0.0,0.0,0.0,0.0,0.0,3.0,0.0,17,2,5,41.8926865048,-87.6670458057,POINT (-87.667045805672 41.892686504753)