crash_unit_id,crash_record_id,crash_date_left,unit_no,unit_type,num_passengers,vehicle_id,cmrc_veh_i,make,model,lic_plate_state,vehicle_year,vehicle_defect,vehicle_type,vehicle_use,travel_direction,maneuver,towed_i,fire_i,occupant_cnt,towed_by,towed_to,area_00_i,area_01_i,area_02_i,area_03_i,area_04_i,area_05_i,area_06_i,area_07_i,area_08_i,area_09_i,area_10_i,area_11_i,area_12_i,area_99_i,first_contact_point,cmv_id,usdot_no,commercial_src,gvwr,carrier_name,carrier_state,carrier_city,hazmat_placards_i,hazmat_present_i,hazmat_report_i,mcs_report_i,hazmat_vio_cause_crash_i,mcs_vio_cause_crash_i,idot_permit_no,trailer1_width,trailer2_width,trailer1_length,axle_cnt,vehicle_config,cargo_body_type,load_type,hazmat_out_of_service_i,mcs_out_of_service_i,hazmat_class,crash_date_est_i,crash_date_right,posted_speed_limit,traffic_control_device,device_condition,weather_condition,lighting_condition,first_crash_type,trafficway_type,alignment,roadway_surface_cond,road_defect,report_type,crash_type,intersection_related_i,private_property_i,hit_and_run_i,damage,date_police_notified,prim_contributory_cause,sec_contributory_cause,street_no,street_direction,street_name,beat_of_occurrence,photos_taken_i,statements_taken_i,dooring_i,work_zone_i,work_zone_type,workers_present_i,num_units,most_severe_injury,injuries_total,injuries_fatal,injuries_incapacitating,injuries_non_incapacitating,injuries_reported_not_evident,injuries_no_indication,injuries_unknown,crash_hour,crash_day_of_week,crash_month,latitude,longitude,location
2066480,5cdb124b8fc41a52cb194cef260930dc3b504fa9a6ded81489955cdddfd580979e8b3505c4bfabf41d1fbacb203a28b1d6028ed88ec3f1b6ba1bc3e27621b04b,2025-05-19T17:20:00.000,3,DRIVER,,1969901.0,,UNKNOWN,OTHER (EXPLAIN IN NARRATIVE),,,NONE,VAN/MINI-VAN,OTHER,N,SLOW/STOP IN TRAFFIC,,,1.0,,,,,,,,Y,Y,Y,,,,,,,REAR,,,,,,,,,,,,,,,,,,,,,,,,,,2025-05-19T17:20:00.000,30,NO CONTROLS,NO CONTROLS,CLEAR,DAYLIGHT,REAR END,DIVIDED - W/MEDIAN BARRIER,STRAIGHT AND LEVEL,DRY,NO DEFECTS,ON SCENE,NO INJURY / DRIVE AWAY,,,,"OVER $1,500",2025-05-19T17:22:00.000,FOLLOWING TOO CLOSELY,UNABLE TO DETERMINE,607,N,ASHLAND AVE,1215,,,,,,,3,NO INDICATION OF INJURY,0.0,0.0,0.0,0.0,0.0,3.0,0.0,17,2,5,41.8926865048,-87.6670458057,POINT (-87.667045805672 41.892686504753)
2066553,775a689e5188cdf6e24ea57c8da73590f14a96fd15fcb46141bee64e55b79d0c37adbcf9b64519f3b024edbdc02e3b1d0c6a56a4bedbbf08de90895d991a084c,2025-05-19T17:17:00.000,1,DRIVER,,1969961.0,,DODGE,GRAND CARAVAN,IL,2012.0,NONE,VAN/MINI-VAN,PERSONAL,W,CHANGING LANES,,,1.0,,,,Y,,,,,,,,,,Y,,,FRONT,,,,,,,,,,,,,,,,,,,,,,,,,,2025-05-19T17:17:00.000,30,NO CONTROLS,NO CONTROLS,CLEAR,DAYLIGHT,SIDESWIPE SAME DIRECTION,NOT DIVIDED,STRAIGHT AND LEVEL,DRY,NO DEFECTS,NOT ON SCENE (DESK REPORT),NO INJURY / DRIVE AWAY,,,N,"OVER $1,500",2025-05-19T19:30:00.000,IMPROPER OVERTAKING/PASSING,NOT APPLICABLE,2556,S,CALIFORNIA AVE,1033,,,,,,,2,NO INDICATION OF INJURY,0.0,0.0,0.0,0.0,0.0,2.0,0.0,17,2,5,41.8447339387,-87.6953630667,POINT (-87.695363066709 41.844733938666)
2066554,775a689e5188cdf6e24ea57c8da73590f14a96fd15fcb46141bee64e55b79d0c37adbcf9b64519f3b024edbdc02e3b1d0c6a56a4bedbbf08de90895d991a084c,2025-05-19T17:17:00.000,2,DRIVER,,1969973.0,,NISSAN,ROGUE,IL,2009.0,NONE,SPORT UTILITY VEHICLE (SUV),PERSONAL,W,STRAIGHT AHEAD,,,1.0,,,,,,,,,,,Y,Y,Y,,,,SIDE-LEFT,,,,,,,,,,,,,,,,,,,,,,,,,,2025-05-19T17:17:00.000,30,NO CONTROLS,NO CONTROLS,CLEAR,DAYLIGHT,SIDESWIPE SAME DIRECTION,NOT DIVIDED,STRAIGHT AND LEVEL,DRY,NO DEFECTS,NOT ON SCENE (DESK REPORT),NO INJURY / DRIVE AWAY,,,N,"OVER $1,500",2025-05-19T19:30:00.000,IMPROPER OVERTAKING/PASSING,NOT APPLICABLE,2556,S,CALIFORNIA AVE,1033,,,,,,,2,NO INDICATION OF INJURY,0.0,0.0,0.0,0.0,0.0,2.0,0.0,17,2,5,41.8447339387,-87.6953630667,POINT (-87.695363066709 41.844733938666)
2066439,4fb568b5bfd00b3ae8740a8214b9690508390f89cbf4363997d87d67094156cf4c6b6c1aae7d563fee41d3ead3f91bfc2aedb2eca59cc42323060bccf4e4ed94,2025-05-19T17:15:00.000,1,DRIVER,,1969849.0,,TOYOTA,CAMRY,IL,2014.0,NONE,PASSENGER,TAXI/FOR HIRE,W,PASSING/OVERTAKING,,,1.0,,,,Y,,,,,,,,,,,,,FRONT-RIGHT-CORNER,,,,,,,,,,,,,,,,,,,,,,,,,,2025-05-19T17:15:00.000,30,NO CONTROLS,NO CONTROLS,CLOUDY/OVERCAST,DAYLIGHT,TURNING,FOUR WAY,STRAIGHT AND LEVEL,UNKNOWN,UNKNOWN,NOT ON SCENE (DESK REPORT),NO INJURY / DRIVE AWAY,Y,,,"OVER $1,500",2025-05-19T17:15:00.000,FAILING TO YIELD RIGHT-OF-WAY,FAILING TO REDUCE SPEED TO AVOID CRASH,700,W,FULTON MARKET,1214,,,,,,,2,NO INDICATION OF INJURY,0.0,0.0,0.0,0.0,0.0,2.0,0.0,17,2,5,41.8869119866,-87.6457343785,POINT (-87.645734378536 41.886911986619)
2066440,4fb568b5bfd00b3ae8740a8214b9690508390f89cbf4363997d87d67094156cf4c6b6c1aae7d563fee41d3ead3f91bfc2aedb2eca59cc42323060bccf4e4ed94,2025-05-19T17:15:00.000,2,DRIVER,,1969853.0,,TOYOTA,CAMRY,IL,2016.0,NONE,PASSENGER,PERSONAL,W,TURNING LEFT,,,1.0,,,,,,,,,,,,,N,Y,,,FRONT-LEFT-CORNER,,,,,,,,,,,,,,,,,,,,,,,,,,2025-05-19T17:15:00.000,30,NO CONTROLS,NO CONTROLS,CLOUDY/OVERCAST,DAYLIGHT,TURNING,FOUR WAY,STRAIGHT AND LEVEL,UNKNOWN,UNKNOWN,NOT ON SCENE (DESK REPORT),NO INJURY / DRIVE AWAY,Y,,,"OVER $1,500",2025-05-19T17:15:00.000,FAILING TO YIELD RIGHT-OF-WAY,FAILING TO REDUCE SPEED TO AVOID CRASH,700,W,FULTON MARKET,1214,,,,,,,2,NO INDICATION OF INJURY,0.0,0.0,0.0,0.0,0.0,2.0,0.0,17,2,5,41.8869119866,-87.6457343785,POINT (-87.645734378536 41.886911986619)
2066551,03493bb17452c90ec54ab0b61151815bd3a09252a8bf2be0c1244366dc618c3d4f1ead135d7fa5355e30e05fe6c6403bb6010a1af168ac970472c20606749e74,2025-05-19T17:13:00.000,1,DRIVER,,1969965.0,,GENERAL MOTORS CORPORATION (GMC),TERRAIN,IL,2013.0,UNKNOWN,PASSENGER,UNKNOWN/NA,S,TURNING LEFT,,,1.0,,,,Y,,,,,,,,,Y,Y,Y,,FRONT,,,,,,,,,,,,,,,,,,,,,,,,,,2025-05-19T17:13:00.000,30,UNKNOWN,UNKNOWN,CLEAR,DAYLIGHT,TURNING,PARKING LOT,STRAIGHT AND LEVEL,DRY,UNKNOWN,ON SCENE,NO INJURY / DRIVE AWAY,,,,$500 OR LESS,2025-05-19T17:42:00.000,FAILING TO REDUCE SPEED TO AVOID CRASH,FAILING TO YIELD RIGHT-OF-WAY,9500,S,STONY ISLAND AVE,511,,Y,,,,,2,NO INDICATION OF INJURY,0.0,0.0,0.0,0.0,0.0,2.0,0.0,17,2,5,41.722257273,-87.5852755651,POINT (-87.585275565077 41.722257273006)
2066552,03493bb17452c90ec54ab0b61151815bd3a09252a8bf2be0c1244366dc618c3d4f1ead135d7fa5355e30e05fe6c6403bb6010a1af168ac970472c20606749e74,2025-05-19T17:13:00.000,2,DRIVER,,1969971.0,,DODGE,CALIBER,IL,2011.0,UNKNOWN,PASSENGER,UNKNOWN/NA,E,STRAIGHT AHEAD,,,1.0,,,,,,,,,,Y,Y,Y,,,,,SIDE-RIGHT,,,,,,,,,,,,,,,,,,,,,,,,,,2025-05-19T17:13:00.000,30,UNKNOWN,UNKNOWN,CLEAR,DAYLIGHT,TURNING,PARKING LOT,STRAIGHT AND LEVEL,DRY,UNKNOWN,ON SCENE,NO INJURY / DRIVE AWAY,,,,$500 OR LESS,2025-05-19T17:42:00.000,FAILING TO REDUCE SPEED TO AVOID CRASH,FAILING TO YIELD RIGHT-OF-WAY,9500,S,STONY ISLAND AVE,511,,Y,,,,,2,NO INDICATION OF INJURY,0.0,0.0,0.0,0.0,0.0,2.0,0.0,17,2,5,41.722257273,-87.5852755651,POINT (-87.585275565077 41.722257273006)
2066454,4747a9be683a0554826ac6eb74013bfc84cb4f851f3976d0bdfe415def6b3d3ecb7ed3f51314ede6ebbcc8b738efa1d20ec7019c8fbe13fc9b15ff5ab135063a,2025-05-19T17:10:00.000,1,DRIVER,,1969864.0,,SUBARU,FORESTER,IL,2023.0,UNKNOWN,PASSENGER,PERSONAL,SW,TURNING LEFT,,,1.0,,,,Y,Y,,,,,,,,,,Y,,FRONT-RIGHT-CORNER,,,,,,,,,,,,,,,,,,,,,,,,,,2025-05-19T17:10:00.000,30,STOP SIGN/FLASHER,FUNCTIONING PROPERLY,UNKNOWN,UNKNOWN,TURNING,T-INTERSECTION,STRAIGHT AND LEVEL,UNKNOWN,UNKNOWN,ON SCENE,NO INJURY / DRIVE AWAY,Y,,,"OVER $1,500",2025-05-19T17:12:00.000,FAILING TO YIELD RIGHT-OF-WAY,NOT APPLICABLE,2199,N,LEAVITT ST,1432,,,,,,,2,NO INDICATION OF INJURY,0.0,0.0,0.0,0.0,0.0,2.0,0.0,17,2,5,41.9212862272,-87.6824919315,POINT (-87.682491931531 41.921286227215)
2066455,4747a9be683a0554826ac6eb74013bfc84cb4f851f3976d0bdfe415def6b3d3ecb7ed3f51314ede6ebbcc8b738efa1d20ec7019c8fbe13fc9b15ff5ab135063a,2025-05-19T17:10:00.000,2,DRIVER,,1969872.0,,TESLA,MODEL S,IL,2019.0,UNKNOWN,PASSENGER,PERSONAL,S,STRAIGHT AHEAD,,,1.0,,,,,,,,,,,Y,Y,N,,,,SIDE-LEFT,,,,,,,,,,,,,,,,,,,,,,,,,,2025-05-19T17:10:00.000,30,STOP SIGN/FLASHER,FUNCTIONING PROPERLY,UNKNOWN,UNKNOWN,TURNING,T-INTERSECTION,STRAIGHT AND LEVEL,UNKNOWN,UNKNOWN,ON SCENE,NO INJURY / DRIVE AWAY,Y,,,"OVER $1,500",2025-05-19T17:12:00.000,FAILING TO YIELD RIGHT-OF-WAY,NOT APPLICABLE,2199,N,LEAVITT ST,1432,,,,,,,2,NO INDICATION OF INJURY,0.0,0.0,0.0,0.0,0.0,2.0,0.0,17,2,5,41.9212862272,-87.6824919315,POINT (-87.682491931531 41.921286227215)
2066435,9cc49afa0d73f68401f6e4bf89e60c85c689a48fa7bd90a7bea936f8a98801b186c449203c222f9ba44a9b4e811a331417ac39c492dcad2c3f3f47ae0ce069a5,2025-05-19T17:07:00.000,1,DRIVER,,1969845.0,,HONDA,CR-V,IL,2010.0,LIGHTS,PASSENGER,PERSONAL,S,STRAIGHT AHEAD,,,1.0,,,,,,,,,,,,,,,Y,,FRONT,,,,,,,,,,,,,,,,,,,,,,,,,,2025-05-19T17:07:00.000,30,TRAFFIC SIGNAL,FUNCTIONING PROPERLY,CLEAR,DAYLIGHT,REAR END,FOUR WAY,STRAIGHT AND LEVEL,DRY,WORN SURFACE,ON SCENE,NO INJURY / DRIVE AWAY,Y,,,"OVER $1,500",2025-05-19T17:09:00.000,FAILING TO REDUCE SPEED TO AVOID CRASH,UNABLE TO DETERMINE,5302,N,LINCOLN AVE,2011,Y,Y,,,,,2,NO INDICATION OF INJURY,0.0,0.0,0.0,0.0,0.0,2.0,0.0,17,2,5,41.977783437,-87.6927011395,POINT (-87.692701139529 41.977783436956)
2066441,9cc49afa0d73f68401f6e4bf89e60c85c689a48fa7bd90a7bea936f8a98801b186c449203c222f9ba44a9b4e811a331417ac39c492dcad2c3f3f47ae0ce069a5,2025-05-19T17:07:00.000,2,DRIVER,,1969850.0,,JEEP,CHEROKEE,IL,2016.0,NONE,PASSENGER,PERSONAL,S,SLOW/STOP IN TRAFFIC,,,1.0,,,,,,,,,Y,,,,,,,,REAR,,,,,,,,,,,,,,,,,,,,,,,,,,2025-05-19T17:07:00.000,30,TRAFFIC SIGNAL,FUNCTIONING PROPERLY,CLEAR,DAYLIGHT,REAR END,FOUR WAY,STRAIGHT AND LEVEL,DRY,WORN SURFACE,ON SCENE,NO INJURY / DRIVE AWAY,Y,,,"OVER $1,500",2025-05-19T17:09:00.000,FAILING TO REDUCE SPEED TO AVOID CRASH,UNABLE TO DETERMINE,5302,N,LINCOLN AVE,2011,Y,Y,,,,,2,NO INDICATION OF INJURY,0.0,0.0,0.0,0.0,0.0,2.0,0.0,17,2,5,41.977783437,-87.6927011395,POINT (-87.692701139529 41.977783436956)
2066512,00c92f4d80c1246bbe3f5e4a62323b8accdeba868833f2a02fe5f8bcdb6d5f4f50cfc1c0e68553b09475dd61d248e5ac1e71d1997ea12d6679efe9f2d24b9aa1,2025-05-19T17:00:00.000,1,DRIVER,,1969912.0,,HYUNDAI,ELANTRA,IL,2012.0,NONE,PASSENGER,PERSONAL,E,STRAIGHT AHEAD,,,1.0,,,,,,,,,,,,,,,,Y,FRONT,,,,,,,,,,,,,,,,,,,,,,,,,,2025-05-19T17:00:00.000,30,NO CONTROLS,NO CONTROLS,CLEAR,DAYLIGHT,REAR END,NOT DIVIDED,STRAIGHT AND LEVEL,DRY,NO DEFECTS,NOT ON SCENE (DESK REPORT),INJURY AND / OR TOW DUE TO CRASH,,,Y,"OVER $1,500",2025-05-19T19:08:00.000,FOLLOWING TOO CLOSELY,NOT APPLICABLE,307,E,MARQUETTE RD,322,,,,,,,2,NONINCAPACITATING INJURY,1.0,0.0,0.0,1.0,0.0,1.0,0.0,17,2,5,41.7728062177,-87.6183857267,POINT (-87.618385726674 41.772806217686)
2066513,00c92f4d80c1246bbe3f5e4a62323b8accdeba868833f2a02fe5f8bcdb6d5f4f50cfc1c0e68553b09475dd61d248e5ac1e71d1997ea12d6679efe9f2d24b9aa1,2025-05-19T17:00:00.000,2,DRIVER,,1969923.0,,HONDA,CIVIC,IL,2025.0,NONE,OTHER,PERSONAL,E,STRAIGHT AHEAD,,,1.0,,,,,,,,,Y,,,,,,,,REAR,,,,,,,,,,,,,,,,,,,,,,,,,,2025-05-19T17:00:00.000,30,NO CONTROLS,NO CONTROLS,CLEAR,DAYLIGHT,REAR END,NOT DIVIDED,STRAIGHT AND LEVEL,DRY,NO DEFECTS,NOT ON SCENE (DESK REPORT),INJURY AND / OR TOW DUE TO CRASH,,,Y,"OVER $1,500",2025-05-19T19:08:00.000,FOLLOWING TOO CLOSELY,NOT APPLICABLE,307,E,MARQUETTE RD,322,,,,,,,2,NONINCAPACITATING INJURY,1.0,0.0,0.0,1.0,0.0,1.0,0.0,17,2,5,41.7728062177,-87.6183857267,POINT (-87.618385726674 41.772806217686)
2066419,6c5bb1239a53b82762111880ae5ca6ebb554c9648f0116a43b4d7682d2273e4969dc2d7495590da36a2c015529c14562d330d563a6f193d37e05b01f671abd82,2025-05-19T17:00:00.000,1,DRIVER,,1969822.0,,NISSAN,ALTIMA,,,UNKNOWN,PASSENGER,PERSONAL,W,STRAIGHT AHEAD,,,1.0,,,,,,,,,,,,,,,,,SIDE-RIGHT,,,,,,,,,,,,,,,,,,,,,,,,,,2025-05-19T17:00:00.000,30,NO CONTROLS,NO CONTROLS,CLEAR,DAYLIGHT,SIDESWIPE SAME DIRECTION,NOT DIVIDED,STRAIGHT AND LEVEL,DRY,UNKNOWN,NOT ON SCENE (DESK REPORT),NO INJURY / DRIVE AWAY,,,Y,"OVER $1,500",2025-05-19T17:26:00.000,UNABLE TO DETERMINE,UNABLE TO DETERMINE,11730,S,MARSHFIELD AVE,2234,,,,,,,2,NO INDICATION OF INJURY,0.0,0.0,0.0,0.0,0.0,2.0,0.0,17,2,5,41.6803322053,-87.6625846787,POINT (-87.662584678739 41.680332205335)
2066420,6c5bb1239a53b82762111880ae5ca6ebb554c9648f0116a43b4d7682d2273e4969dc2d7495590da36a2c015529c14562d330d563a6f193d37e05b01f671abd82,2025-05-19T17:00:00.000,2,DRIVER,,1969826.0,,(HOMEMADE TRAILER),(HOMEMADE TRAILER),,,UNKNOWN,OTHER,OTHER,W,STRAIGHT AHEAD,,,1.0,,,,,,,,,,,,,,,,,REAR,,,,,,,,,,,,,,,,,,,,,,,,,,2025-05-19T17:00:00.000,30,NO CONTROLS,NO CONTROLS,CLEAR,DAYLIGHT,SIDESWIPE SAME DIRECTION,NOT DIVIDED,STRAIGHT AND LEVEL,DRY,UNKNOWN,NOT ON SCENE (DESK REPORT),NO INJURY / DRIVE AWAY,,,Y,"OVER $1,500",2025-05-19T17:26:00.000,UNABLE TO DETERMINE,UNABLE TO DETERMINE,11730,S,MARSHFIELD AVE,2234,,,,,,,2,NO INDICATION OF INJURY,0.0,0.0,0.0,0.0,0.0,2.0,0.0,17,2,5,41.6803322053,-87.6625846787,POINT (-87.662584678739 41.680332205335)
2066452,af2163ef3c3fe239516fb715bb139c0651272a83c65a5e11df6537cc60ecd2cbaad8264c4decaa41e8e11ab9442a6dba7370e0cea1811a13d5029c5e7850daae,2025-05-19T17:00:00.000,1,DRIVER,,1969865.0,,NISSAN,ALTIMA,IL,2021.0,UNKNOWN,PASSENGER,PERSONAL,S,STRAIGHT AHEAD,,,1.0,,,,Y,Y,,,,,,,,,,,,FRONT-RIGHT-CORNER,,,,,,,,,,,,,,,,,,,,,,,,,,2025-05-19T17:00:00.000,30,NO CONTROLS,NO CONTROLS,CLEAR,DAYLIGHT,SIDESWIPE SAME DIRECTION,DIVIDED - W/MEDIAN (NOT RAISED),STRAIGHT AND LEVEL,DRY,NO DEFECTS,NOT ON SCENE (DESK REPORT),NO INJURY / DRIVE AWAY,,,,"OVER $1,500",2025-05-19T17:30:00.000,IMPROPER OVERTAKING/PASSING,FOLLOWING TOO CLOSELY,7856,S,STONY ISLAND AVE,411,,,,,,,2,NO INDICATION OF INJURY,0.0,0.0,0.0,0.0,0.0,2.0,0.0,17,2,5,41.7518453078,-87.5861482354,POINT (-87.586148235418 41.751845307752)
2066453,af2163ef3c3fe239516fb715bb139c0651272a83c65a5e11df6537cc60ecd2cbaad8264c4decaa41e8e11ab9442a6dba7370e0cea1811a13d5029c5e7850daae,2025-05-19T17:00:00.000,2,DRIVER,,1969884.0,,AUDI,A6,IN,2013.0,UNKNOWN,PASSENGER,PERSONAL,S,STRAIGHT AHEAD,,,1.0,,,,,,,,,,Y,Y,,,,,,REAR-LEFT-CORNER,,,,,,,,,,,,,,,,,,,,,,,,,,2025-05-19T17:00:00.000,30,NO CONTROLS,NO CONTROLS,CLEAR,DAYLIGHT,SIDESWIPE SAME DIRECTION,DIVIDED - W/MEDIAN (NOT RAISED),STRAIGHT AND LEVEL,DRY,NO DEFECTS,NOT ON SCENE (DESK REPORT),NO INJURY / DRIVE AWAY,,,,"OVER $1,500",2025-05-19T17:30:00.000,IMPROPER OVERTAKING/PASSING,FOLLOWING TOO CLOSELY,7856,S,STONY ISLAND AVE,411,,,,,,,2,NO INDICATION OF INJURY,0.0,0.0,0.0,0.0,0.0,2.0,0.0,17,2,5,41.7518453078,-87.5861482354,POINT (-87.586148235418 41.751845307752)
2066496,d383f1346ba911186f0bf0ec0bdf0f5a3278251fab43229c4fd2952026189f1268dd8fcec26167b4aa1b29aac6c04e8cb8d1d530137a19a45e9bde1c7d18f367,2025-05-19T17:00:00.000,1,DRIVER,,1969904.0,,MAZDA,CX-5,IL,2021.0,UNKNOWN,PASSENGER,PERSONAL,N,STRAIGHT AHEAD,,,1.0,,,,Y,Y,,,,,,,,,,,,FRONT-RIGHT-CORNER,,,,,,,,,,,,,,,,,,,,,,,,,,2025-05-19T17:00:00.000,30,TRAFFIC SIGNAL,FUNCTIONING PROPERLY,CLEAR,DAYLIGHT,SIDESWIPE SAME DIRECTION,DIVIDED - W/MEDIAN (NOT RAISED),STRAIGHT AND LEVEL,DRY,NO DEFECTS,NOT ON SCENE (DESK REPORT),NO INJURY / DRIVE AWAY,,,,"OVER $1,500",2025-05-19T18:30:00.000,UNABLE TO DETERMINE,UNABLE TO DETERMINE,21,S,ASHLAND AVE,1224,,,,,,,2,NO INDICATION OF INJURY,0.0,0.0,0.0,0.0,0.0,2.0,0.0,17,2,5,41.880749768,-87.6666414513,POINT (-87.666641451266 41.880749768035)
2066497,d383f1346ba911186f0bf0ec0bdf0f5a3278251fab43229c4fd2952026189f1268dd8fcec26167b4aa1b29aac6c04e8cb8d1d530137a19a45e9bde1c7d18f367,2025-05-19T17:00:00.000,2,DRIVER,,1969916.0,,HYUNDAI,ELANTRA,IL,2017.0,NONE,PASSENGER,PERSONAL,N,SLOW/STOP IN TRAFFIC,,,1.0,,,,,,,,,,Y,Y,,,,,,REAR-LEFT-CORNER,,,,,,,,,,,,,,,,,,,,,,,,,,2025-05-19T17:00:00.000,30,TRAFFIC SIGNAL,FUNCTIONING PROPERLY,CLEAR,DAYLIGHT,SIDESWIPE SAME DIRECTION,DIVIDED - W/MEDIAN (NOT RAISED),STRAIGHT AND LEVEL,DRY,NO DEFECTS,NOT ON SCENE (DESK REPORT),NO INJURY / DRIVE AWAY,,,,"OVER $1,500",2025-05-19T18:30:00.000,UNABLE TO DETERMINE,UNABLE TO DETERMINE,21,S,ASHLAND AVE,1224,,,,,,,2,NO INDICATION OF INJURY,0.0,0.0,0.0,0.0,0.0,2.0,0.0,17,2,5,41.880749768,-87.6666414513,POINT (-87.666641451266 41.880749768035)
2066442,b1ef8c11e9e13f20179d90e2712ba876cc622087426f46ae70ff99a65dca1890474fbb74edbc8be8526925385030c4fb1c44227f3b8d38ee0ea652ea60a38de2,2025-05-19T16:45:00.000,1,DRIVER,1.0,1969857.0,,LINCOLN,MKX,IL,,UNKNOWN,SPORT UTILITY VEHICLE (SUV),UNKNOWN/NA,N,STRAIGHT AHEAD,Y,,2.0,PRIVATE TOW,,,,,,,,,,,,,,,,FRONT,,,,,,,,,,,,,,,,,,,,,,,,,,2025-05-19T16:45:00.000,25,NO CONTROLS,NO CONTROLS,CLEAR,DAYLIGHT,REAR END,DIVIDED - W/MEDIAN (NOT RAISED),STRAIGHT AND LEVEL,DRY,UNKNOWN,ON SCENE,INJURY AND / OR TOW DUE TO CRASH,,,,"OVER $1,500",2025-05-19T16:47:00.000,FOLLOWING TOO CLOSELY,NOT APPLICABLE,2500,N,CLARK ST,1935,,Y,,,,,2,NO INDICATION OF INJURY,0.0,0.0,0.0,0.0,0.0,3.0,0.0,16,2,5,41.9278051021,-87.6419630601,POINT (-87.641963060076 41.927805102093)
2066443,b1ef8c11e9e13f20179d90e2712ba876cc622087426f46ae70ff99a65dca1890474fbb74edbc8be8526925385030c4fb1c44227f3b8d38ee0ea652ea60a38de2,2025-05-19T16:45:00.000,2,DRIVER,,1969854.0,,LEXUS,ES,MN,2022.0,UNKNOWN,PASSENGER,UNKNOWN/NA,N,STRAIGHT AHEAD,,,1.0,,,,,,,,,,,,,,,,,REAR,,,,,,,,,,,,,,,,,,,,,,,,,,2025-05-19T16:45:00.000,25,NO CONTROLS,NO CONTROLS,CLEAR,DAYLIGHT,REAR END,DIVIDED - W/MEDIAN (NOT RAISED),STRAIGHT AND LEVEL,DRY,UNKNOWN,ON SCENE,INJURY AND / OR TOW DUE TO CRASH,,,,"OVER $1,500",2025-05-19T16:47:00.000,FOLLOWING TOO CLOSELY,NOT APPLICABLE,2500,N,CLARK ST,1935,,Y,,,,,2,NO INDICATION OF INJURY,0.0,0.0,0.0,0.0,0.0,3.0,0.0,16,2,5,41.9278051021,-87.6419630601,POINT (-87.641963060076 41.927805102093)
2066429,036ad309e2f0084a5e24dc7e73440a2ae59ccd680a399c5b0a955f657063133cfbee1ee31ca056661230eaa0243ca0da437165eba8ba838b0d1694939a920cdb,2025-05-19T16:35:00.000,1,DRIVER,,1969839.0,,ALFA ROMEO,STELVIO,IL,2020.0,NONE,PASSENGER,UNKNOWN/NA,E,STRAIGHT AHEAD,,,1.0,,,,,,,,,,,,,,,,Y,UNKNOWN,,,,,,,,,,,,,,,,,,,,,,,,,,2025-05-19T16:35:00.000,30,NO CONTROLS,NO CONTROLS,CLEAR,DAYLIGHT,SIDESWIPE SAME DIRECTION,NOT DIVIDED,STRAIGHT AND LEVEL,UNKNOWN,UNKNOWN,NOT ON SCENE (DESK REPORT),NO INJURY / DRIVE AWAY,,,,$500 OR LESS,2025-05-19T17:46:00.000,UNABLE TO DETERMINE,NOT APPLICABLE,3019,W,PETERSON AVE,2011,,,,,,,2,NO INDICATION OF INJURY,0.0,0.0,0.0,0.0,0.0,2.0,0.0,16,2,5,41.9902996887,-87.7051332139,POINT (-87.705133213892 41.990299688692)
2066430,036ad309e2f0084a5e24dc7e73440a2ae59ccd680a399c5b0a955f657063133cfbee1ee31ca056661230eaa0243ca0da437165eba8ba838b0d1694939a920cdb,2025-05-19T16:35:00.000,2,DRIVER,,1969843.0,,TOYOTA,PRIUS,IL,2016.0,NONE,PASSENGER,PERSONAL,E,STRAIGHT AHEAD,,,1.0,,,,,,,,,,Y,,,,,,,REAR-LEFT-CORNER,,,,,,,,,,,,,,,,,,,,,,,,,,2025-05-19T16:35:00.000,30,NO CONTROLS,NO CONTROLS,CLEAR,DAYLIGHT,SIDESWIPE SAME DIRECTION,NOT DIVIDED,STRAIGHT AND LEVEL,UNKNOWN,UNKNOWN,NOT ON SCENE (DESK REPORT),NO INJURY / DRIVE AWAY,,,,$500 OR LESS,2025-05-19T17:46:00.000,UNABLE TO DETERMINE,NOT APPLICABLE,3019,W,PETERSON AVE,2011,,,,,,,2,NO INDICATION OF INJURY,0.0,0.0,0.0,0.0,0.0,2.0,0.0,16,2,5,41.9902996887,-87.7051332139,POINT (-87.705133213892 41.990299688692)
2066411,2c57d6163e9ddce1f15e82ffd0c1de7c192b9b6b2be7de619ca2a4482c4ac463a1841ef7de82a02e473266069d0c23a45cde5cbcfa633898e0a41f01ad462c33,2025-05-19T16:29:00.000,1,DRIVER,,1969823.0,,TOYOTA,SIENNA,IL,2006.0,UNKNOWN,VAN/MINI-VAN,UNKNOWN/NA,S,STARTING IN TRAFFIC,,,1.0,,,,,,,,,,,,,,,Y,,FRONT-LEFT-CORNER,,,,,,,,,,,,,,,,,,,,,,,,,,2025-05-19T16:29:00.000,30,STOP SIGN/FLASHER,FUNCTIONING PROPERLY,CLEAR,DAYLIGHT,REAR END,DIVIDED - W/MEDIAN (NOT RAISED),STRAIGHT AND LEVEL,UNKNOWN,UNKNOWN,NOT ON SCENE (DESK REPORT),NO INJURY / DRIVE AWAY,,,,"$501 - $1,500",2025-05-19T17:20:00.000,NOT APPLICABLE,NOT APPLICABLE,6454,S,MORGAN ST,724,,,,,,,2,NO INDICATION OF INJURY,0.0,0.0,0.0,0.0,0.0,2.0,0.0,16,2,5,41.7762419381,-87.6497023764,POINT (-87.649702376372 41.776241938112)