crash_unit_id,crash_record_id,crash_date_left,unit_no,unit_type,num_passengers,vehicle_id,cmrc_veh_i,make,model,lic_plate_state,vehicle_year,vehicle_defect,vehicle_type,vehicle_use,travel_direction,maneuver,towed_i,fire_i,occupant_cnt,towed_by,towed_to,area_00_i,area_01_i,area_02_i,area_03_i,area_04_i,area_05_i,area_06_i,area_07_i,area_08_i,area_09_i,area_10_i,area_11_i,area_12_i,area_99_i,first_contact_point,cmv_id,usdot_no,commercial_src,gvwr,carrier_name,carrier_state,carrier_city,hazmat_placards_i,hazmat_present_i,hazmat_report_i,mcs_report_i,hazmat_vio_cause_crash_i,mcs_vio_cause_crash_i,idot_permit_no,trailer1_width,trailer2_width,trailer1_length,axle_cnt,vehicle_config,cargo_body_type,load_type,hazmat_out_of_service_i,mcs_out_of_service_i,hazmat_class,crash_date_est_i,crash_date_right,posted_speed_limit,traffic_control_device,device_condition,weather_condition,lighting_condition,first_crash_type,trafficway_type,alignment,roadway_surface_cond,road_defect,report_type,crash_type,intersection_related_i,private_property_i,hit_and_run_i,damage,date_police_notified,prim_contributory_cause,sec_contributory_cause,street_no,street_direction,street_name,beat_of_occurrence,photos_taken_i,statements_taken_i,dooring_i,work_zone_i,work_zone_type,workers_present_i,num_units,most_severe_injury,injuries_total,injuries_fatal,injuries_incapacitating,injuries_non_incapacitating,injuries_reported_not_evident,injuries_no_indication,injuries_unknown,crash_hour,crash_day_of_week,crash_month,latitude,longitude,location
2066412,2c57d6163e9ddce1f15e82ffd0c1de7c192b9b6b2be7de619ca2a4482c4ac463a1841ef7de82a02e473266069d0c23a45cde5cbcfa633898e0a41f01ad462c33,2025-05-19T16:29:00.000,2,DRIVER,,1969837.0,,VOLKSWAGEN,TIGUAN,IL,2017.0,UNKNOWN,PASSENGER,PERSONAL,S,STRAIGHT AHEAD,,,1.0,,,,,,,,Y,Y,,,,,,,,REAR-RIGHT-CORNER,,,,,,,,,,,,,,,,,,,,,,,,,,2025-05-19T16:29:00.000,30,STOP SIGN/FLASHER,FUNCTIONING PROPERLY,CLEAR,DAYLIGHT,REAR END,DIVIDED - W/MEDIAN (NOT RAISED),STRAIGHT AND LEVEL,UNKNOWN,UNKNOWN,NOT ON SCENE (DESK REPORT),NO INJURY / DRIVE AWAY,,,,"$501 - $1,500",2025-05-19T17:20:00.000,NOT APPLICABLE,NOT APPLICABLE,6454,S,MORGAN ST,724,,,,,,,2,NO INDICATION OF INJURY,0.0,0.0,0.0,0.0,0.0,2.0,0.0,16,2,5,41.7762419381,-87.6497023764,POINT (-87.649702376372 41.776241938112)
2066413,c5afecc2268aeedf48ccfcd33abe9bc7b8dcb8d3485872fd1004de4a2520237b4345509927ef21be42b3b6fbea07c4a36ed6bebf66459b820616f0487f929d58,2025-05-19T16:20:00.000,1,DRIVER,,1969821.0,,SATURN,LS SERIES (LS / LS1 / LS2),IL,2000.0,UNKNOWN,UNKNOWN/NA,UNKNOWN/NA,SW,TURNING LEFT,,,1.0,,,N,,,,,,,,,,,,,Y,FRONT-RIGHT-CORNER,,,,,,,,,,,,,,,,,,,,,,,,,,2025-05-19T16:20:00.000,30,STOP SIGN/FLASHER,FUNCTIONING PROPERLY,CLEAR,DAYLIGHT,TURNING,NOT DIVIDED,STRAIGHT AND LEVEL,DRY,NO DEFECTS,NOT ON SCENE (DESK REPORT),NO INJURY / DRIVE AWAY,,,Y,"OVER $1,500",2025-05-19T17:15:00.000,IMPROPER TURNING/NO SIGNAL,NOT APPLICABLE,3668,S,WESTERN BLVD,911,,,,,,,2,NO INDICATION OF INJURY,0.0,0.0,0.0,0.0,0.0,2.0,0.0,16,2,5,41.8263353905,-87.6844973817,POINT (-87.684497381744 41.826335390507)
2066414,c5afecc2268aeedf48ccfcd33abe9bc7b8dcb8d3485872fd1004de4a2520237b4345509927ef21be42b3b6fbea07c4a36ed6bebf66459b820616f0487f929d58,2025-05-19T16:20:00.000,2,DRIVER,,1969827.0,,KIA,SOUL,IL,2015.0,NONE,PASSENGER,PERSONAL,N,SLOW/STOP IN TRAFFIC,,,1.0,,,Y,,,,,,,,,,,,,,REAR-LEFT-CORNER,,,,,,,,,,,,,,,,,,,,,,,,,,2025-05-19T16:20:00.000,30,STOP SIGN/FLASHER,FUNCTIONING PROPERLY,CLEAR,DAYLIGHT,TURNING,NOT DIVIDED,STRAIGHT AND LEVEL,DRY,NO DEFECTS,NOT ON SCENE (DESK REPORT),NO INJURY / DRIVE AWAY,,,Y,"OVER $1,500",2025-05-19T17:15:00.000,IMPROPER TURNING/NO SIGNAL,NOT APPLICABLE,3668,S,WESTERN BLVD,911,,,,,,,2,NO INDICATION OF INJURY,0.0,0.0,0.0,0.0,0.0,2.0,0.0,16,2,5,41.8263353905,-87.6844973817,POINT (-87.684497381744 41.826335390507)
2066450,e4ff29e5341d9091b42519aa97e2ec1e271212cf7070fa86d35ed2fd26999b6559ce1805700c9417f00102a943c7663dc6932951ac9000f25430d1fb81e339db,2025-05-19T16:20:00.000,1,DRIVER,,1969861.0,,HONDA,PILOT,IL,2016.0,NONE,PASSENGER,PERSONAL,W,BACKING,,,1.0,,,,,,,,,,,,,,,,,REAR,,,,,,,,,,,,,,,,,,,,,,,,,,2025-05-19T16:20:00.000,30,NO CONTROLS,NO CONTROLS,CLEAR,DAYLIGHT,PARKED MOTOR VEHICLE,NOT DIVIDED,STRAIGHT AND LEVEL,DRY,NO DEFECTS,NOT ON SCENE (DESK REPORT),NO INJURY / DRIVE AWAY,,,,"OVER $1,500",2025-05-19T17:35:00.000,DRIVING SKILLS/KNOWLEDGE/EXPERIENCE,IMPROPER BACKING,920,W,BELMONT AVE,1924,,,,,,,2,NO INDICATION OF INJURY,0.0,0.0,0.0,0.0,0.0,1.0,0.0,16,2,5,41.9400469097,-87.652393356,POINT (-87.652393356017 41.940046909662)
2066451,e4ff29e5341d9091b42519aa97e2ec1e271212cf7070fa86d35ed2fd26999b6559ce1805700c9417f00102a943c7663dc6932951ac9000f25430d1fb81e339db,2025-05-19T16:20:00.000,2,PARKED,,1969867.0,,TOYOTA,PRIUS,IL,2007.0,NONE,PASSENGER,PERSONAL,W,PARKED,,,0.0,,,,,,,,,,,,,,,,,FRONT,,,,,,,,,,,,,,,,,,,,,,,,,,2025-05-19T16:20:00.000,30,NO CONTROLS,NO CONTROLS,CLEAR,DAYLIGHT,PARKED MOTOR VEHICLE,NOT DIVIDED,STRAIGHT AND LEVEL,DRY,NO DEFECTS,NOT ON SCENE (DESK REPORT),NO INJURY / DRIVE AWAY,,,,"OVER $1,500",2025-05-19T17:35:00.000,DRIVING SKILLS/KNOWLEDGE/EXPERIENCE,IMPROPER BACKING,920,W,BELMONT AVE,1924,,,,,,,2,NO INDICATION OF INJURY,0.0,0.0,0.0,0.0,0.0,1.0,0.0,16,2,5,41.9400469097,-87.652393356,POINT (-87.652393356017 41.940046909662)
2066374,306317c6432e615bebab9b182cee025feac305d7ca78b543c705bb14400cd350dee4f49e92804592acb8da93b4816e5589a0988b4e1dea0734641d7e4e957c19,2025-05-19T16:17:00.000,1,DRIVER,1.0,1969794.0,,NISSAN,SENTRA,IL,2017.0,NONE,PASSENGER,PERSONAL,W,CHANGING LANES,,,2.0,,,,Y,Y,Y,Y,,,,,,,,,,FRONT-RIGHT-CORNER,,,,,,,,,,,,,,,,,,,,,,,,,,2025-05-19T16:17:00.000,30,TRAFFIC SIGNAL,FUNCTIONING PROPERLY,CLEAR,DAYLIGHT,TURNING,FOUR WAY,STRAIGHT AND LEVEL,DRY,NO DEFECTS,ON SCENE,NO INJURY / DRIVE AWAY,Y,,,"$501 - $1,500",2025-05-19T16:20:00.000,IMPROPER OVERTAKING/PASSING,IMPROPER TURNING/NO SIGNAL,400,W,63RD ST,711,,,,,,,2,NO INDICATION OF INJURY,0.0,0.0,0.0,0.0,0.0,3.0,0.0,16,2,5,41.7800180367,-87.6351127639,POINT (-87.635112763932 41.780018036652)
2066375,306317c6432e615bebab9b182cee025feac305d7ca78b543c705bb14400cd350dee4f49e92804592acb8da93b4816e5589a0988b4e1dea0734641d7e4e957c19,2025-05-19T16:17:00.000,2,DRIVER,,1969804.0,,CHEVROLET,EQUINOX,IL,2020.0,NONE,SPORT UTILITY VEHICLE (SUV),PERSONAL,W,TURNING RIGHT,,,1.0,,,,,,,,,,,,,Y,Y,,,FRONT-LEFT-CORNER,,,,,,,,,,,,,,,,,,,,,,,,,,2025-05-19T16:17:00.000,30,TRAFFIC SIGNAL,FUNCTIONING PROPERLY,CLEAR,DAYLIGHT,TURNING,FOUR WAY,STRAIGHT AND LEVEL,DRY,NO DEFECTS,ON SCENE,NO INJURY / DRIVE AWAY,Y,,,"$501 - $1,500",2025-05-19T16:20:00.000,IMPROPER OVERTAKING/PASSING,IMPROPER TURNING/NO SIGNAL,400,W,63RD ST,711,,,,,,,2,NO INDICATION OF INJURY,0.0,0.0,0.0,0.0,0.0,3.0,0.0,16,2,5,41.7800180367,-87.6351127639,POINT (-87.635112763932 41.780018036652)
2066607,051820805c9f59f3a8166084008f6d52192bb56e67e382ef222d74c18c93723b68a039beaf653a9cb3590c4175960a2085d518b03eab44c1952bc17360115d30,2025-05-19T16:15:00.000,1,DRIVER,,1970013.0,,UNKNOWN,OTHER (EXPLAIN IN NARRATIVE),IL,,UNKNOWN,UNKNOWN/NA,UNKNOWN/NA,UNKNOWN,UNKNOWN/NA,,,1.0,,,,,,,,,,,,,,,,,UNKNOWN,,,,,,,,,,,,,,,,,,,,,,,,,,2025-05-19T16:15:00.000,30,TRAFFIC SIGNAL,FUNCTIONING PROPERLY,CLEAR,DAYLIGHT,HEAD ON,FOUR WAY,STRAIGHT AND LEVEL,DRY,NO DEFECTS,ON SCENE,INJURY AND / OR TOW DUE TO CRASH,,,Y,"OVER $1,500",2025-05-19T16:15:00.000,UNABLE TO DETERMINE,UNABLE TO DETERMINE,260,N,PULASKI RD,1114,,,,,,,2,INCAPACITATING INJURY,1.0,0.0,1.0,0.0,0.0,1.0,0.0,16,2,5,41.8852672244,-87.7259475795,POINT (-87.725947579501 41.885267224369)
2066608,051820805c9f59f3a8166084008f6d52192bb56e67e382ef222d74c18c93723b68a039beaf653a9cb3590c4175960a2085d518b03eab44c1952bc17360115d30,2025-05-19T16:15:00.000,2,DRIVER,,1970016.0,,FORD,FOCUS,IL,2012.0,UNKNOWN,PASSENGER,PERSONAL,UNKNOWN,UNKNOWN/NA,Y,,1.0,PRIVATE TOW,UNKNOWN,,Y,Y,Y,,,,,,,,Y,Y,,UNKNOWN,,,,,,,,,,,,,,,,,,,,,,,,,,2025-05-19T16:15:00.000,30,TRAFFIC SIGNAL,FUNCTIONING PROPERLY,CLEAR,DAYLIGHT,HEAD ON,FOUR WAY,STRAIGHT AND LEVEL,DRY,NO DEFECTS,ON SCENE,INJURY AND / OR TOW DUE TO CRASH,,,Y,"OVER $1,500",2025-05-19T16:15:00.000,UNABLE TO DETERMINE,UNABLE TO DETERMINE,260,N,PULASKI RD,1114,,,,,,,2,INCAPACITATING INJURY,1.0,0.0,1.0,0.0,0.0,1.0,0.0,16,2,5,41.8852672244,-87.7259475795,POINT (-87.725947579501 41.885267224369)
2066444,d4137cd95e92a07b4688b79655d148efe79de2ea7706e138fc9cbae45ecce3b336eb6e7022b30074543479956872962202621686d09091438580df758e5a10ed,2025-05-19T16:15:00.000,1,DRIVER,,1969869.0,,TOYOTA,RAV4,IL,2022.0,NONE,PASSENGER,PERSONAL,N,TURNING LEFT,,,1.0,,,,Y,Y,,,,,,,,,,,,FRONT-RIGHT-CORNER,,,,,,,,,,,,,,,,,,,,,,,,,,2025-05-19T16:15:00.000,30,NO CONTROLS,NO CONTROLS,CLEAR,DAYLIGHT,TURNING,NOT DIVIDED,STRAIGHT AND LEVEL,DRY,NO DEFECTS,NOT ON SCENE (DESK REPORT),NO INJURY / DRIVE AWAY,,,Y,"$501 - $1,500",2025-05-19T18:14:00.000,UNABLE TO DETERMINE,NOT APPLICABLE,1602,N,CLARK ST,1814,,,,,,,2,NO INDICATION OF INJURY,0.0,0.0,0.0,0.0,0.0,3.0,0.0,16,2,5,41.9112955592,-87.6318737964,POINT (-87.631873796351 41.911295559168)
2066445,d4137cd95e92a07b4688b79655d148efe79de2ea7706e138fc9cbae45ecce3b336eb6e7022b30074543479956872962202621686d09091438580df758e5a10ed,2025-05-19T16:15:00.000,2,DRIVER,1.0,1969875.0,,HONDA,ACCORD,IL,2021.0,NONE,PASSENGER,PERSONAL,N,TURNING LEFT,,,2.0,,,,,,,,,,,,,Y,Y,,,FRONT-LEFT-CORNER,,,,,,,,,,,,,,,,,,,,,,,,,,2025-05-19T16:15:00.000,30,NO CONTROLS,NO CONTROLS,CLEAR,DAYLIGHT,TURNING,NOT DIVIDED,STRAIGHT AND LEVEL,DRY,NO DEFECTS,NOT ON SCENE (DESK REPORT),NO INJURY / DRIVE AWAY,,,Y,"$501 - $1,500",2025-05-19T18:14:00.000,UNABLE TO DETERMINE,NOT APPLICABLE,1602,N,CLARK ST,1814,,,,,,,2,NO INDICATION OF INJURY,0.0,0.0,0.0,0.0,0.0,3.0,0.0,16,2,5,41.9112955592,-87.6318737964,POINT (-87.631873796351 41.911295559168)
2066508,15435964ed75bf5b96dd60e7894f65d64f58794194beba593a4da9afbb63d0d377f6b06a17b1124923d791a75f8757d3190bd95bff236d4e04d7161b49cfa466,2025-05-19T16:10:00.000,1,DRIVER,4.0,1969917.0,,CHEVROLET,TRAVERSE,IL,2014.0,UNKNOWN,PASSENGER,PERSONAL,S,TURNING LEFT,Y,,5.0,,,,N,,,,,,,,,Y,Y,Y,,SIDE-LEFT-FRONT,,,,,,,,,,,,,,,,,,,,,,,,,,2025-05-19T16:10:00.000,30,NO CONTROLS,FUNCTIONING PROPERLY,CLEAR,DAYLIGHT,TURNING,DIVIDED - W/MEDIAN (NOT RAISED),STRAIGHT AND LEVEL,DRY,NO DEFECTS,ON SCENE,INJURY AND / OR TOW DUE TO CRASH,,,,"OVER $1,500",2025-05-19T16:31:00.000,FAILING TO YIELD RIGHT-OF-WAY,IMPROPER TURNING/NO SIGNAL,8698,S,ASHLAND AVE,614,,,,,,,2,"REPORTED, NOT EVIDENT",7.0,0.0,0.0,0.0,7.0,0.0,0.0,16,2,5,41.7358790327,-87.6632137867,POINT (-87.66321378669 41.735879032682)
2066509,15435964ed75bf5b96dd60e7894f65d64f58794194beba593a4da9afbb63d0d377f6b06a17b1124923d791a75f8757d3190bd95bff236d4e04d7161b49cfa466,2025-05-19T16:10:00.000,2,DRIVER,1.0,1969938.0,,TESLA,MODEL 3,IL,2024.0,UNKNOWN,PASSENGER,PERSONAL,N,STRAIGHT AHEAD,Y,,2.0,,POUND #2,,Y,,,,,,,,,,N,Y,,FRONT-RIGHT-CORNER,,,,,,,,,,,,,,,,,,,,,,,,,,2025-05-19T16:10:00.000,30,NO CONTROLS,FUNCTIONING PROPERLY,CLEAR,DAYLIGHT,TURNING,DIVIDED - W/MEDIAN (NOT RAISED),STRAIGHT AND LEVEL,DRY,NO DEFECTS,ON SCENE,INJURY AND / OR TOW DUE TO CRASH,,,,"OVER $1,500",2025-05-19T16:31:00.000,FAILING TO YIELD RIGHT-OF-WAY,IMPROPER TURNING/NO SIGNAL,8698,S,ASHLAND AVE,614,,,,,,,2,"REPORTED, NOT EVIDENT",7.0,0.0,0.0,0.0,7.0,0.0,0.0,16,2,5,41.7358790327,-87.6632137867,POINT (-87.66321378669 41.735879032682)
2066378,c9b5ca2578857ba0e8850adb5804cbd0e484ad62a514154caf2f5fd7c37547c2500c3f183228990603332f48f5421b52efcb48631e19bac0eb46b0e8ad4326ce,2025-05-19T16:05:00.000,1,DRIVER,,1969791.0,,HYUNDAI,SANTA FE,IL,2012.0,UNKNOWN,PASSENGER,UNKNOWN/NA,S,TURNING LEFT,,,1.0,,,,Y,,,,,,,,,,,,,FRONT-RIGHT-CORNER,,,,,,,,,,,,,,,,,,,,,,,,,,2025-05-19T16:05:00.000,30,NO CONTROLS,NO CONTROLS,CLEAR,DAYLIGHT,TURNING,DIVIDED - W/MEDIAN BARRIER,STRAIGHT AND LEVEL,DRY,UNKNOWN,ON SCENE,NO INJURY / DRIVE AWAY,Y,,,"OVER $1,500",2025-05-19T16:09:00.000,UNABLE TO DETERMINE,NOT APPLICABLE,4451,W,DEVON AVE,1711,,,,,,,2,NO INDICATION OF INJURY,0.0,0.0,0.0,0.0,0.0,2.0,0.0,16,2,5,41.9971417608,-87.7405427216,POINT (-87.740542721554 41.997141760848)
2066379,c9b5ca2578857ba0e8850adb5804cbd0e484ad62a514154caf2f5fd7c37547c2500c3f183228990603332f48f5421b52efcb48631e19bac0eb46b0e8ad4326ce,2025-05-19T16:05:00.000,2,DRIVER,,1969802.0,,MERCEDES-BENZ,OTHER (EXPLAIN IN NARRATIVE),IL,2020.0,UNKNOWN,PASSENGER,UNKNOWN/NA,E,STRAIGHT AHEAD,,,1.0,,,,,,,,,,,,,Y,Y,,,FRONT-LEFT-CORNER,,,,,,,,,,,,,,,,,,,,,,,,,,2025-05-19T16:05:00.000,30,NO CONTROLS,NO CONTROLS,CLEAR,DAYLIGHT,TURNING,DIVIDED - W/MEDIAN BARRIER,STRAIGHT AND LEVEL,DRY,UNKNOWN,ON SCENE,NO INJURY / DRIVE AWAY,Y,,,"OVER $1,500",2025-05-19T16:09:00.000,UNABLE TO DETERMINE,NOT APPLICABLE,4451,W,DEVON AVE,1711,,,,,,,2,NO INDICATION OF INJURY,0.0,0.0,0.0,0.0,0.0,2.0,0.0,16,2,5,41.9971417608,-87.7405427216,POINT (-87.740542721554 41.997141760848)
2066391,a389363bb9e8a15e66ac7290ac40033e1f65dacf0bc2e4836ddb8102468bbe9f4f4fb9c0898788902cd7b466e90f60758d336e068074ca432cc351b0ed2e9102,2025-05-19T16:00:00.000,1,DRIVER,,1969801.0,,KIA,STINGER,,,UNKNOWN,PASSENGER,UNKNOWN/NA,S,MERGING,,,1.0,,,,,,,,,,,,,,,,Y,SIDE-RIGHT-FRONT,,,,,,,,,,,,,,,,,,,,,,,,,,2025-05-19T16:00:00.000,30,NO CONTROLS,NO CONTROLS,CLEAR,DAYLIGHT,SIDESWIPE SAME DIRECTION,DIVIDED - W/MEDIAN (NOT RAISED),STRAIGHT AND LEVEL,DRY,NO DEFECTS,NOT ON SCENE (DESK REPORT),NO INJURY / DRIVE AWAY,,,Y,"OVER $1,500",2025-05-19T16:45:00.000,IMPROPER LANE USAGE,UNABLE TO DETERMINE,4000,S,HALSTED ST,925,,,,,,,2,NO INDICATION OF INJURY,0.0,0.0,0.0,0.0,0.0,3.0,0.0,16,2,5,41.8214451649,-87.6460159953,POINT (-87.646015995337 41.821445164932)
2066392,a389363bb9e8a15e66ac7290ac40033e1f65dacf0bc2e4836ddb8102468bbe9f4f4fb9c0898788902cd7b466e90f60758d336e068074ca432cc351b0ed2e9102,2025-05-19T16:00:00.000,2,DRIVER,1.0,1969818.0,,TOYOTA,CAMRY,IL,2017.0,NONE,PASSENGER,PERSONAL,S,STRAIGHT AHEAD,,,2.0,,,,,,,,,,Y,,,,,,,SIDE-LEFT-REAR,,,,,,,,,,,,,,,,,,,,,,,,,,2025-05-19T16:00:00.000,30,NO CONTROLS,NO CONTROLS,CLEAR,DAYLIGHT,SIDESWIPE SAME DIRECTION,DIVIDED - W/MEDIAN (NOT RAISED),STRAIGHT AND LEVEL,DRY,NO DEFECTS,NOT ON SCENE (DESK REPORT),NO INJURY / DRIVE AWAY,,,Y,"OVER $1,500",2025-05-19T16:45:00.000,IMPROPER LANE USAGE,UNABLE TO DETERMINE,4000,S,HALSTED ST,925,,,,,,,2,NO INDICATION OF INJURY,0.0,0.0,0.0,0.0,0.0,3.0,0.0,16,2,5,41.8214451649,-87.6460159953,POINT (-87.646015995337 41.821445164932)
2066464,b0df674ac4554864568a4e128cbf7100cc26b65d8d6bb761c2a3a0172dd2ff2001d2a6dc5b55a031f75791018848531d8f1444ca8e27067b8acb59a4e5f49509,2025-05-19T16:00:00.000,1,DRIVER,,1969877.0,,UNKNOWN,OTHER (EXPLAIN IN NARRATIVE),,,OTHER,SPORT UTILITY VEHICLE (SUV),UNKNOWN/NA,S,STRAIGHT AHEAD,,,1.0,,,,,,,,,,,,,,,,Y,SIDE-LEFT,,,,,,,,,,,,,,,,,,,,,,,,,,2025-05-19T16:00:00.000,30,NO CONTROLS,NO CONTROLS,RAIN,DAYLIGHT,SIDESWIPE SAME DIRECTION,NOT DIVIDED,STRAIGHT AND LEVEL,DRY,UNKNOWN,NOT ON SCENE (DESK REPORT),NO INJURY / DRIVE AWAY,,,Y,"OVER $1,500",2025-05-19T18:25:00.000,UNABLE TO DETERMINE,NOT APPLICABLE,3906,N,HARLEM AVE,1631,,,,,,,2,NO INDICATION OF INJURY,0.0,0.0,0.0,0.0,0.0,2.0,0.0,16,2,5,41.9509484987,-87.8073522668,POINT (-87.807352266819 41.950948498737)
2066465,b0df674ac4554864568a4e128cbf7100cc26b65d8d6bb761c2a3a0172dd2ff2001d2a6dc5b55a031f75791018848531d8f1444ca8e27067b8acb59a4e5f49509,2025-05-19T16:00:00.000,2,DRIVER,,1969887.0,,FORD,ESCAPE,IL,2017.0,UNKNOWN,SPORT UTILITY VEHICLE (SUV),PERSONAL,S,STRAIGHT AHEAD,,,1.0,,,,,Y,Y,Y,Y,,,,,,,,,SIDE-RIGHT,,,,,,,,,,,,,,,,,,,,,,,,,,2025-05-19T16:00:00.000,30,NO CONTROLS,NO CONTROLS,RAIN,DAYLIGHT,SIDESWIPE SAME DIRECTION,NOT DIVIDED,STRAIGHT AND LEVEL,DRY,UNKNOWN,NOT ON SCENE (DESK REPORT),NO INJURY / DRIVE AWAY,,,Y,"OVER $1,500",2025-05-19T18:25:00.000,UNABLE TO DETERMINE,NOT APPLICABLE,3906,N,HARLEM AVE,1631,,,,,,,2,NO INDICATION OF INJURY,0.0,0.0,0.0,0.0,0.0,2.0,0.0,16,2,5,41.9509484987,-87.8073522668,POINT (-87.807352266819 41.950948498737)
2066579,d1e033b6d77ce652cfc8077b795c86e617a57c2b2f81c521ab4416924656a1ef2c468abbb00165b615cb1723772b48fdc1874562ed1e07fea56e472a655dc7c8,2025-05-19T16:00:00.000,1,DRIVER,,1969987.0,,BMW,530I,IL,2024.0,NONE,PASSENGER,PERSONAL,N,STRAIGHT AHEAD,,,1.0,,,,Y,,,,,,,,,Y,Y,Y,,FRONT,,,,,,,,,,,,,,,,,,,,,,,,,,2025-05-19T16:00:00.000,35,NO CONTROLS,NO CONTROLS,CLEAR,DAYLIGHT,ANGLE,OTHER,"CURVE, LEVEL",DRY,NO DEFECTS,ON SCENE,INJURY AND / OR TOW DUE TO CRASH,Y,,,"OVER $1,500",2025-05-19T16:04:00.000,FAILING TO YIELD RIGHT-OF-WAY,DRIVING SKILLS/KNOWLEDGE/EXPERIENCE,26,N,BESSIE COLEMAN DR,1654,,,,,,,2,NONINCAPACITATING INJURY,1.0,0.0,0.0,1.0,0.0,1.0,0.0,16,2,5,,,
2066580,d1e033b6d77ce652cfc8077b795c86e617a57c2b2f81c521ab4416924656a1ef2c468abbb00165b615cb1723772b48fdc1874562ed1e07fea56e472a655dc7c8,2025-05-19T16:00:00.000,2,DRIVER,,1969991.0,,JEEP,COMPASS,IL,2015.0,NONE,SPORT UTILITY VEHICLE (SUV),PERSONAL,W,STRAIGHT AHEAD,Y,,1.0,private co,private company,,,,,,,,,Y,Y,Y,Y,Y,,FRONT-LEFT-CORNER,,,,,,,,,,,,,,,,,,,,,,,,,,2025-05-19T16:00:00.000,35,NO CONTROLS,NO CONTROLS,CLEAR,DAYLIGHT,ANGLE,OTHER,"CURVE, LEVEL",DRY,NO DEFECTS,ON SCENE,INJURY AND / OR TOW DUE TO CRASH,Y,,,"OVER $1,500",2025-05-19T16:04:00.000,FAILING TO YIELD RIGHT-OF-WAY,DRIVING SKILLS/KNOWLEDGE/EXPERIENCE,26,N,BESSIE COLEMAN DR,1654,,,,,,,2,NONINCAPACITATING INJURY,1.0,0.0,0.0,1.0,0.0,1.0,0.0,16,2,5,,,
2066322,d96aaccffbb57bb051cd22b6e4139d09bdcd541dda8f12228dd4d6a409024e47548ff3e56b724163a710dd81e618a84ac6e6f1bdc3165a011680dca19036a3a4,2025-05-19T16:00:00.000,1,DRIVER,,1969741.0,,LEXUS,RX330,IL,2004.0,NONE,PASSENGER,PERSONAL,N,STRAIGHT AHEAD,,,1.0,,,,,,,,,,,,,,,Y,,FRONT,,,,,,,,,,,,,,,,,,,,,,,,,,2025-05-19T16:00:00.000,30,TRAFFIC SIGNAL,FUNCTIONING PROPERLY,CLOUDY/OVERCAST,DAYLIGHT,REAR END,NOT DIVIDED,STRAIGHT AND LEVEL,DRY,NO DEFECTS,NOT ON SCENE (DESK REPORT),NO INJURY / DRIVE AWAY,,,,"OVER $1,500",2025-05-19T16:15:00.000,FOLLOWING TOO CLOSELY,UNABLE TO DETERMINE,6400,W,IRVING PARK RD,1632,,,,,,,2,NO INDICATION OF INJURY,0.0,0.0,0.0,0.0,0.0,2.0,0.0,16,2,5,41.9530247508,-87.7866832377,POINT (-87.786683237666 41.953024750753)
2066323,d96aaccffbb57bb051cd22b6e4139d09bdcd541dda8f12228dd4d6a409024e47548ff3e56b724163a710dd81e618a84ac6e6f1bdc3165a011680dca19036a3a4,2025-05-19T16:00:00.000,2,DRIVER,,1969746.0,,GENERAL MOTORS CORPORATION (GMC),SIERRA,IL,2014.0,NONE,PASSENGER,PERSONAL,N,SLOW/STOP IN TRAFFIC,,,1.0,,,,,,,,,Y,,,,,,,,REAR,,,,,,,,,,,,,,,,,,,,,,,,,,2025-05-19T16:00:00.000,30,TRAFFIC SIGNAL,FUNCTIONING PROPERLY,CLOUDY/OVERCAST,DAYLIGHT,REAR END,NOT DIVIDED,STRAIGHT AND LEVEL,DRY,NO DEFECTS,NOT ON SCENE (DESK REPORT),NO INJURY / DRIVE AWAY,,,,"OVER $1,500",2025-05-19T16:15:00.000,FOLLOWING TOO CLOSELY,UNABLE TO DETERMINE,6400,W,IRVING PARK RD,1632,,,,,,,2,NO INDICATION OF INJURY,0.0,0.0,0.0,0.0,0.0,2.0,0.0,16,2,5,41.9530247508,-87.7866832377,POINT (-87.786683237666 41.953024750753)
2066394,2f47efe7f7eb4e7e03e05434ec81d23a5fbb76b2e927d14388334abb9d0b8825c1b52bdb069cc7b4c459198e28f2f1901c5e22a5a45b5612e9495ccd4abe02ad,2025-05-19T15:55:00.000,1,DRIVER,,1969800.0,,CHEVROLET,BLAZER,IL,2021.0,NONE,PASSENGER,PERSONAL,S,STRAIGHT AHEAD,,,1.0,,,,Y,Y,Y,Y,Y,,,,,,,,,SIDE-RIGHT,,,,,,,,,,,,,,,,,,,,,,,,,,2025-05-19T15:55:00.000,30,NO CONTROLS,NO CONTROLS,CLEAR,DAYLIGHT,SIDESWIPE SAME DIRECTION,NOT DIVIDED,STRAIGHT AND LEVEL,DRY,NO DEFECTS,NOT ON SCENE (DESK REPORT),NO INJURY / DRIVE AWAY,,,,"OVER $1,500",2025-05-19T17:10:00.000,FAILING TO YIELD RIGHT-OF-WAY,NOT APPLICABLE,5042,S,ARCHER AVE,815,,,,,,,2,NO INDICATION OF INJURY,0.0,0.0,0.0,0.0,0.0,2.0,0.0,15,2,5,41.8014167599,-87.725934171,POINT (-87.725934171029 41.801416759935)