crash_unit_id,crash_record_id,crash_date_left,unit_no,unit_type,num_passengers,vehicle_id,cmrc_veh_i,make,model,lic_plate_state,vehicle_year,vehicle_defect,vehicle_type,vehicle_use,travel_direction,maneuver,towed_i,fire_i,occupant_cnt,towed_by,towed_to,area_00_i,area_01_i,area_02_i,area_03_i,area_04_i,area_05_i,area_06_i,area_07_i,area_08_i,area_09_i,area_10_i,area_11_i,area_12_i,area_99_i,first_contact_point,cmv_id,usdot_no,commercial_src,gvwr,carrier_name,carrier_state,carrier_city,hazmat_placards_i,hazmat_present_i,hazmat_report_i,mcs_report_i,hazmat_vio_cause_crash_i,mcs_vio_cause_crash_i,idot_permit_no,trailer1_width,trailer2_width,trailer1_length,axle_cnt,vehicle_config,cargo_body_type,load_type,hazmat_out_of_service_i,mcs_out_of_service_i,hazmat_class,crash_date_est_i,crash_date_right,posted_speed_limit,traffic_control_device,device_condition,weather_condition,lighting_condition,first_crash_type,trafficway_type,alignment,roadway_surface_cond,road_defect,report_type,crash_type,intersection_related_i,private_property_i,hit_and_run_i,damage,date_police_notified,prim_contributory_cause,sec_contributory_cause,street_no,street_direction,street_name,beat_of_occurrence,photos_taken_i,statements_taken_i,dooring_i,work_zone_i,work_zone_type,workers_present_i,num_units,most_severe_injury,injuries_total,injuries_fatal,injuries_incapacitating,injuries_non_incapacitating,injuries_reported_not_evident,injuries_no_indication,injuries_unknown,crash_hour,crash_day_of_week,crash_month,latitude,longitude,location
2066395,2f47efe7f7eb4e7e03e05434ec81d23a5fbb76b2e927d14388334abb9d0b8825c1b52bdb069cc7b4c459198e28f2f1901c5e22a5a45b5612e9495ccd4abe02ad,2025-05-19T15:55:00.000,2,DRIVER,,1969810.0,,FORD,EXPLORER,,2011.0,NONE,PASSENGER,PERSONAL,S,STRAIGHT AHEAD,,,1.0,,,,,,,,,,Y,Y,Y,Y,Y,,,SIDE-LEFT,,,,,,,,,,,,,,,,,,,,,,,,,,2025-05-19T15:55:00.000,30,NO CONTROLS,NO CONTROLS,CLEAR,DAYLIGHT,SIDESWIPE SAME DIRECTION,NOT DIVIDED,STRAIGHT AND LEVEL,DRY,NO DEFECTS,NOT ON SCENE (DESK REPORT),NO INJURY / DRIVE AWAY,,,,"OVER $1,500",2025-05-19T17:10:00.000,FAILING TO YIELD RIGHT-OF-WAY,NOT APPLICABLE,5042,S,ARCHER AVE,815,,,,,,,2,NO INDICATION OF INJURY,0.0,0.0,0.0,0.0,0.0,2.0,0.0,15,2,5,41.8014167599,-87.725934171,POINT (-87.725934171029 41.801416759935)
2066365,8c937f9ae23e1c4d51fbb382dd59dbc09b0629a32e69c5f764bfbb0f07cd277b208df794da2f6bd92e881e40ad24b5067ece52f7071b158256365162c903b066,2025-05-19T15:53:00.000,1,DRIVER,1.0,1969781.0,,TOYOTA,CAMRY,IL,2013.0,NONE,PASSENGER,PERSONAL,N,STRAIGHT AHEAD,,,2.0,,,,,,,Y,Y,,,,,,,,,SIDE-RIGHT-REAR,,,,,,,,,,,,,,,,,,,,,,,,,,2025-05-19T15:53:00.000,15,STOP SIGN/FLASHER,NO CONTROLS,CLEAR,DAYLIGHT,ANGLE,DIVIDED - W/MEDIAN (NOT RAISED),STRAIGHT AND LEVEL,DRY,NO DEFECTS,ON SCENE,NO INJURY / DRIVE AWAY,,,,"OVER $1,500",2025-05-19T15:54:00.000,UNABLE TO DETERMINE,UNABLE TO DETERMINE,2301,S,LAKE SHORE DR SB,132,,,,,,,2,NO INDICATION OF INJURY,0.0,0.0,0.0,0.0,0.0,3.0,0.0,15,2,5,41.8511074802,-87.6128666325,POINT (-87.612866632544 41.85110748019)
2066366,8c937f9ae23e1c4d51fbb382dd59dbc09b0629a32e69c5f764bfbb0f07cd277b208df794da2f6bd92e881e40ad24b5067ece52f7071b158256365162c903b066,2025-05-19T15:53:00.000,2,DRIVER,,1969803.0,Y,"PETERBILT MOTORS COMPANY (DIVISION OF PACCAR, INC.)","PETERBILT MOTORS CO., DIVISION PACCAR, INC.",TN,2025.0,NONE,TRACTOR W/ SEMI-TRAILER,OTHER,E,OTHER,,,1.0,,,Y,,,,,,,,,,,,,,NONE,21460.0,,DRIVER,3.0,DREAMLINER TRANSPORTATION SERVICES,TN,WHITE CREEK,,N,N,U,N,N,,,,,,,,,N,N,,,2025-05-19T15:53:00.000,15,STOP SIGN/FLASHER,NO CONTROLS,CLEAR,DAYLIGHT,ANGLE,DIVIDED - W/MEDIAN (NOT RAISED),STRAIGHT AND LEVEL,DRY,NO DEFECTS,ON SCENE,NO INJURY / DRIVE AWAY,,,,"OVER $1,500",2025-05-19T15:54:00.000,UNABLE TO DETERMINE,UNABLE TO DETERMINE,2301,S,LAKE SHORE DR SB,132,,,,,,,2,NO INDICATION OF INJURY,0.0,0.0,0.0,0.0,0.0,3.0,0.0,15,2,5,41.8511074802,-87.6128666325,POINT (-87.612866632544 41.85110748019)
2066367,2ad5fcf794b0a85f44cd8c400ef42773804258bb1dd3a3ae587ad4e8f90386e5560a2bfb993837877d7c17ea757cdb7cfc234dda190a55551aa8f9658404205a,2025-05-19T15:50:00.000,1,DRIVER,,1969776.0,,SATURN,OUTLOOK,IL,2008.0,UNKNOWN,PASSENGER,UNKNOWN/NA,E,BACKING,,,1.0,,,,,,,,,,Y,,,,,,,REAR-LEFT-CORNER,,,,,,,,,,,,,,,,,,,,,,,,,,2025-05-19T15:50:00.000,25,NO CONTROLS,NO CONTROLS,CLEAR,DAYLIGHT,REAR TO REAR,OTHER,STRAIGHT AND LEVEL,DRY,NO DEFECTS,ON SCENE,NO INJURY / DRIVE AWAY,,,,"OVER $1,500",2025-05-19T16:01:00.000,IMPROPER BACKING,NOT APPLICABLE,2831,N,ASHLAND AVE,1932,,,,,,,2,NO INDICATION OF INJURY,0.0,0.0,0.0,0.0,0.0,2.0,0.0,15,2,5,41.9332658796,-87.6682830438,POINT (-87.668283043842 41.933265879606)
2066368,2ad5fcf794b0a85f44cd8c400ef42773804258bb1dd3a3ae587ad4e8f90386e5560a2bfb993837877d7c17ea757cdb7cfc234dda190a55551aa8f9658404205a,2025-05-19T15:50:00.000,2,DRIVER,,1969785.0,,MAZDA,MAZDA6,IL,2014.0,UNKNOWN,PASSENGER,PERSONAL,W,STRAIGHT AHEAD,,,1.0,,,,,,,,Y,,,,,,,,,REAR-RIGHT-CORNER,,,,,,,,,,,,,,,,,,,,,,,,,,2025-05-19T15:50:00.000,25,NO CONTROLS,NO CONTROLS,CLEAR,DAYLIGHT,REAR TO REAR,OTHER,STRAIGHT AND LEVEL,DRY,NO DEFECTS,ON SCENE,NO INJURY / DRIVE AWAY,,,,"OVER $1,500",2025-05-19T16:01:00.000,IMPROPER BACKING,NOT APPLICABLE,2831,N,ASHLAND AVE,1932,,,,,,,2,NO INDICATION OF INJURY,0.0,0.0,0.0,0.0,0.0,2.0,0.0,15,2,5,41.9332658796,-87.6682830438,POINT (-87.668283043842 41.933265879606)
2066320,b6e7df350f8fd354f8643727651c9133ba776bf80f7c9a6138f74b2e5ae7af1579bbcc6187d5eedd2ae79bf76f016818f42e62f9cf042022f2a636812c09eb79,2025-05-19T15:50:00.000,1,DRIVER,,1969759.0,,FORD,F150,IL,2018.0,UNKNOWN,PICKUP,PERSONAL,N,STRAIGHT AHEAD,,,1.0,,,,,,,,,,,,,,,Y,,FRONT,,,,,,,,,,,,,,,,,,,,,,,,,Y,2025-05-19T15:50:00.000,25,TRAFFIC SIGNAL,FUNCTIONING PROPERLY,CLEAR,DAYLIGHT,REAR END,NOT DIVIDED,STRAIGHT AND LEVEL,DRY,NO DEFECTS,NOT ON SCENE (DESK REPORT),NO INJURY / DRIVE AWAY,,,Y,"OVER $1,500",2025-05-19T16:10:00.000,FOLLOWING TOO CLOSELY,UNABLE TO DETERMINE,5616,N,NAGLE AVE,1612,,,,,,,2,NO INDICATION OF INJURY,0.0,0.0,0.0,0.0,0.0,3.0,0.0,15,2,5,41.9835035379,-87.7878709674,POINT (-87.787870967367 41.983503537933)
2066321,b6e7df350f8fd354f8643727651c9133ba776bf80f7c9a6138f74b2e5ae7af1579bbcc6187d5eedd2ae79bf76f016818f42e62f9cf042022f2a636812c09eb79,2025-05-19T15:50:00.000,2,DRIVER,1.0,1969750.0,,ACURA,RLX,IL,2024.0,UNKNOWN,SPORT UTILITY VEHICLE (SUV),PERSONAL,N,SLOW/STOP IN TRAFFIC,,,2.0,,,,,,,,Y,Y,Y,,,,,,,REAR,,,,,,,,,,,,,,,,,,,,,,,,,Y,2025-05-19T15:50:00.000,25,TRAFFIC SIGNAL,FUNCTIONING PROPERLY,CLEAR,DAYLIGHT,REAR END,NOT DIVIDED,STRAIGHT AND LEVEL,DRY,NO DEFECTS,NOT ON SCENE (DESK REPORT),NO INJURY / DRIVE AWAY,,,Y,"OVER $1,500",2025-05-19T16:10:00.000,FOLLOWING TOO CLOSELY,UNABLE TO DETERMINE,5616,N,NAGLE AVE,1612,,,,,,,2,NO INDICATION OF INJURY,0.0,0.0,0.0,0.0,0.0,3.0,0.0,15,2,5,41.9835035379,-87.7878709674,POINT (-87.787870967367 41.983503537933)
2066343,dad50b0c3e103fe75a8d07ccc93a1852f8309b1ebdc242aa5c9e5f77e7c0ee081e2f94a92f593e5eeb036966c1f24f1a5f77222bb7ed6072228a51987604b8e2,2025-05-19T15:45:00.000,1,DRIVER,,1969766.0,,LEXUS,HS250H,IL,2010.0,NONE,PASSENGER,PERSONAL,E,STRAIGHT AHEAD,,,1.0,,,,,,,,,,,,,,,Y,,FRONT,,,,,,,,,,,,,,,,,,,,,,,,,,2025-05-19T15:45:00.000,30,TRAFFIC SIGNAL,FUNCTIONING PROPERLY,CLEAR,DAYLIGHT,REAR END,NOT DIVIDED,STRAIGHT AND LEVEL,DRY,NO DEFECTS,NOT ON SCENE (DESK REPORT),NO INJURY / DRIVE AWAY,,,,"$501 - $1,500",2025-05-19T16:35:00.000,FOLLOWING TOO CLOSELY,NOT APPLICABLE,4000,W,47TH ST,815,,,,,,,3,NO INDICATION OF INJURY,0.0,0.0,0.0,0.0,0.0,4.0,0.0,15,2,5,41.8079929327,-87.7236491204,POINT (-87.72364912042 41.807992932693)
2066344,dad50b0c3e103fe75a8d07ccc93a1852f8309b1ebdc242aa5c9e5f77e7c0ee081e2f94a92f593e5eeb036966c1f24f1a5f77222bb7ed6072228a51987604b8e2,2025-05-19T15:45:00.000,2,DRIVER,1.0,1969755.0,,NISSAN,OTHER (EXPLAIN IN NARRATIVE),IL,2010.0,NONE,PASSENGER,PERSONAL,E,SLOW/STOP IN TRAFFIC,,,2.0,,,,,,,,,,,,,,,Y,,FRONT,,,,,,,,,,,,,,,,,,,,,,,,,,2025-05-19T15:45:00.000,30,TRAFFIC SIGNAL,FUNCTIONING PROPERLY,CLEAR,DAYLIGHT,REAR END,NOT DIVIDED,STRAIGHT AND LEVEL,DRY,NO DEFECTS,NOT ON SCENE (DESK REPORT),NO INJURY / DRIVE AWAY,,,,"$501 - $1,500",2025-05-19T16:35:00.000,FOLLOWING TOO CLOSELY,NOT APPLICABLE,4000,W,47TH ST,815,,,,,,,3,NO INDICATION OF INJURY,0.0,0.0,0.0,0.0,0.0,4.0,0.0,15,2,5,41.8079929327,-87.7236491204,POINT (-87.72364912042 41.807992932693)
2066345,dad50b0c3e103fe75a8d07ccc93a1852f8309b1ebdc242aa5c9e5f77e7c0ee081e2f94a92f593e5eeb036966c1f24f1a5f77222bb7ed6072228a51987604b8e2,2025-05-19T15:45:00.000,3,DRIVER,,1969748.0,,NISSAN,CUBE,IL,2013.0,NONE,OTHER,PERSONAL,E,SLOW/STOP IN TRAFFIC,,,1.0,,,,,,,,,Y,,,,,,,,REAR,,,,,,,,,,,,,,,,,,,,,,,,,,2025-05-19T15:45:00.000,30,TRAFFIC SIGNAL,FUNCTIONING PROPERLY,CLEAR,DAYLIGHT,REAR END,NOT DIVIDED,STRAIGHT AND LEVEL,DRY,NO DEFECTS,NOT ON SCENE (DESK REPORT),NO INJURY / DRIVE AWAY,,,,"$501 - $1,500",2025-05-19T16:35:00.000,FOLLOWING TOO CLOSELY,NOT APPLICABLE,4000,W,47TH ST,815,,,,,,,3,NO INDICATION OF INJURY,0.0,0.0,0.0,0.0,0.0,4.0,0.0,15,2,5,41.8079929327,-87.7236491204,POINT (-87.72364912042 41.807992932693)
2066625,93c92bc475f9e3b373eb2992ca412be77e7087d05e7a0bcb222a8427654fcf21eda020e45c88461dda490e9dd064fdeb9771b74acf11a7051901b3b812b2745e,2025-05-19T15:42:00.000,1,DRIVER,1.0,1970031.0,,JEEP,COMPASS,FL,2024.0,UNKNOWN,PASSENGER,UNKNOWN/NA,W,TURNING LEFT,,,2.0,,,,Y,Y,,,,,,,,,,Y,,FRONT-RIGHT-CORNER,,,,,,,,,,,,,,,,,,,,,,,,,,2025-05-19T15:42:00.000,30,TRAFFIC SIGNAL,FUNCTIONING PROPERLY,CLEAR,DAYLIGHT,PEDALCYCLIST,DIVIDED - W/MEDIAN BARRIER,STRAIGHT AND LEVEL,DRY,NO DEFECTS,,INJURY AND / OR TOW DUE TO CRASH,Y,,Y,"OVER $1,500",2025-05-19T15:55:00.000,FAILING TO YIELD RIGHT-OF-WAY,FAILING TO YIELD RIGHT-OF-WAY,42,W,IDA B WELLS DR,113,,,N,,,,2,INCAPACITATING INJURY,1.0,0.0,1.0,0.0,0.0,2.0,0.0,15,2,5,41.8757362591,-87.6292129469,POINT (-87.629212946899 41.875736259062)
2066626,93c92bc475f9e3b373eb2992ca412be77e7087d05e7a0bcb222a8427654fcf21eda020e45c88461dda490e9dd064fdeb9771b74acf11a7051901b3b812b2745e,2025-05-19T15:42:00.000,2,BICYCLE,,,,,,,,,,,,,,,,,,,,,,,,,,,,,,,,,,,,,,,,,,,,,,,,,,,,,,,,,,2025-05-19T15:42:00.000,30,TRAFFIC SIGNAL,FUNCTIONING PROPERLY,CLEAR,DAYLIGHT,PEDALCYCLIST,DIVIDED - W/MEDIAN BARRIER,STRAIGHT AND LEVEL,DRY,NO DEFECTS,,INJURY AND / OR TOW DUE TO CRASH,Y,,Y,"OVER $1,500",2025-05-19T15:55:00.000,FAILING TO YIELD RIGHT-OF-WAY,FAILING TO YIELD RIGHT-OF-WAY,42,W,IDA B WELLS DR,113,,,N,,,,2,INCAPACITATING INJURY,1.0,0.0,1.0,0.0,0.0,2.0,0.0,15,2,5,41.8757362591,-87.6292129469,POINT (-87.629212946899 41.875736259062)
2066329,26578ed82656ef84bfcc5dc0708251d88b0b70ae394703719f1f6b7e13dd68ed1e3d69e7086a4cd892cbcf08e80476f4bf88b8c5a614d0d0d5ab6afa7c1eb042,2025-05-19T15:40:00.000,1,DRIVER,,1969783.0,,CHEVROLET,CRUZE,IL,2012.0,UNKNOWN,PASSENGER,UNKNOWN/NA,N,SLOW/STOP IN TRAFFIC,,,1.0,,,,Y,,,,,,,,,,,,,FRONT-RIGHT-CORNER,,,,,,,,,,,,,,,,,,,,,,,,,,2025-05-19T15:40:00.000,30,TRAFFIC SIGNAL,FUNCTIONING PROPERLY,CLEAR,DAYLIGHT,TURNING,NOT DIVIDED,STRAIGHT AND LEVEL,UNKNOWN,UNKNOWN,NOT ON SCENE (DESK REPORT),NO INJURY / DRIVE AWAY,,,,"$501 - $1,500",2025-05-19T15:55:00.000,UNABLE TO DETERMINE,NOT APPLICABLE,5517,S,UNION AVE,711,,,,,,,2,NO INDICATION OF INJURY,0.0,0.0,0.0,0.0,0.0,3.0,0.0,15,2,5,41.7934739564,-87.6425587051,POINT (-87.64255870507 41.793473956415)
2066330,26578ed82656ef84bfcc5dc0708251d88b0b70ae394703719f1f6b7e13dd68ed1e3d69e7086a4cd892cbcf08e80476f4bf88b8c5a614d0d0d5ab6afa7c1eb042,2025-05-19T15:40:00.000,2,DRIVER,1.0,1969811.0,,NISSAN,ALTIMA,IL,2020.0,NONE,PASSENGER,PERSONAL,W,TURNING RIGHT,,,2.0,,,,,,,,,,,,,,Y,,,FRONT-LEFT-CORNER,,,,,,,,,,,,,,,,,,,,,,,,,,2025-05-19T15:40:00.000,30,TRAFFIC SIGNAL,FUNCTIONING PROPERLY,CLEAR,DAYLIGHT,TURNING,NOT DIVIDED,STRAIGHT AND LEVEL,UNKNOWN,UNKNOWN,NOT ON SCENE (DESK REPORT),NO INJURY / DRIVE AWAY,,,,"$501 - $1,500",2025-05-19T15:55:00.000,UNABLE TO DETERMINE,NOT APPLICABLE,5517,S,UNION AVE,711,,,,,,,2,NO INDICATION OF INJURY,0.0,0.0,0.0,0.0,0.0,3.0,0.0,15,2,5,41.7934739564,-87.6425587051,POINT (-87.64255870507 41.793473956415)
2066363,88bd7b60f9e4ad9cb6c6588df6e9ebf22b78d5959f5bd2888cdea6ad72ecc433e26ccf7003ef93876a2fd1d6e1a503daec2fc4a9a036ee376ee32a365ea39b17,2025-05-19T15:35:00.000,1,DRIVER,,1969773.0,,CHEVROLET,MALIBU,IL,2016.0,NONE,PASSENGER,PERSONAL,S,PASSING/OVERTAKING,,,1.0,,,,,,Y,Y,Y,,,,,,,,,SIDE-RIGHT-REAR,,,,,,,,,,,,,,,,,,,,,,,,,,2025-05-19T15:35:00.000,30,NO CONTROLS,NO CONTROLS,CLEAR,DAYLIGHT,SIDESWIPE SAME DIRECTION,ONE-WAY,STRAIGHT AND LEVEL,DRY,NO DEFECTS,ON SCENE,NO INJURY / DRIVE AWAY,,,,"OVER $1,500",2025-05-19T15:53:00.000,UNABLE TO DETERMINE,UNABLE TO DETERMINE,8652,S,LAFAYETTE AVE,622,,,,,,,2,NO INDICATION OF INJURY,0.0,0.0,0.0,0.0,0.0,2.0,0.0,15,2,5,41.7365300732,-87.6255977522,POINT (-87.625597752236 41.736530073232)
2066364,88bd7b60f9e4ad9cb6c6588df6e9ebf22b78d5959f5bd2888cdea6ad72ecc433e26ccf7003ef93876a2fd1d6e1a503daec2fc4a9a036ee376ee32a365ea39b17,2025-05-19T15:35:00.000,2,DRIVER,,1969797.0,N,CHEVROLET,OTHER (EXPLAIN IN NARRATIVE),IL,2013.0,NONE,OTHER,OTHER,S,STRAIGHT AHEAD,,,1.0,,,Y,,,,,,,,,,,,,,SIDE-LEFT-REAR,,,,,,,,,,,,,,,,,,,,,,,,,,2025-05-19T15:35:00.000,30,NO CONTROLS,NO CONTROLS,CLEAR,DAYLIGHT,SIDESWIPE SAME DIRECTION,ONE-WAY,STRAIGHT AND LEVEL,DRY,NO DEFECTS,ON SCENE,NO INJURY / DRIVE AWAY,,,,"OVER $1,500",2025-05-19T15:53:00.000,UNABLE TO DETERMINE,UNABLE TO DETERMINE,8652,S,LAFAYETTE AVE,622,,,,,,,2,NO INDICATION OF INJURY,0.0,0.0,0.0,0.0,0.0,2.0,0.0,15,2,5,41.7365300732,-87.6255977522,POINT (-87.625597752236 41.736530073232)
2066305,942e9aa9e9e9266370713cc73a50260a3398f00d15d18773c1b4db569f220dd598073c863b81f5f858b87c8054e787b5765b8d97f2fe1db69ce27973d06523d4,2025-05-19T15:32:00.000,1,DRIVER,,1969737.0,,HONDA,ACCORD,IL,1997.0,NONE,PASSENGER,PERSONAL,W,STRAIGHT AHEAD,,,1.0,,,,,,,,,,,,,,Y,,,FRONT-LEFT-CORNER,,,,,,,,,,,,,,,,,,,,,,,,,,2025-05-19T15:32:00.000,30,NO CONTROLS,NO CONTROLS,CLEAR,DAYLIGHT,REAR END,ONE-WAY,STRAIGHT AND LEVEL,DRY,NO DEFECTS,ON SCENE,NO INJURY / DRIVE AWAY,,,,"OVER $1,500",2025-05-19T15:36:00.000,FAILING TO YIELD RIGHT-OF-WAY,UNABLE TO DETERMINE,3509,W,62ND ST,823,,,,,,,2,NO INDICATION OF INJURY,0.0,0.0,0.0,0.0,0.0,2.0,0.0,15,2,5,41.7805687374,-87.7108805328,POINT (-87.710880532767 41.780568737363)
2066306,942e9aa9e9e9266370713cc73a50260a3398f00d15d18773c1b4db569f220dd598073c863b81f5f858b87c8054e787b5765b8d97f2fe1db69ce27973d06523d4,2025-05-19T15:32:00.000,2,DRIVER,,1969725.0,,CHEVROLET,CAMARO,IL,2010.0,NONE,PASSENGER,PERSONAL,W,LEAVING TRAFFIC LANE TO PARK,,,1.0,,,,,,,,Y,,,,,,,,,REAR-RIGHT-CORNER,,,,,,,,,,,,,,,,,,,,,,,,,,2025-05-19T15:32:00.000,30,NO CONTROLS,NO CONTROLS,CLEAR,DAYLIGHT,REAR END,ONE-WAY,STRAIGHT AND LEVEL,DRY,NO DEFECTS,ON SCENE,NO INJURY / DRIVE AWAY,,,,"OVER $1,500",2025-05-19T15:36:00.000,FAILING TO YIELD RIGHT-OF-WAY,UNABLE TO DETERMINE,3509,W,62ND ST,823,,,,,,,2,NO INDICATION OF INJURY,0.0,0.0,0.0,0.0,0.0,2.0,0.0,15,2,5,41.7805687374,-87.7108805328,POINT (-87.710880532767 41.780568737363)
2066605,2cdd0c4ffd9f146765137451197a02c2a25874f73ed5ee99ef4965aa5285852cf2cf2ecf429f59c66407c2121c16658c050980e22ff70935b0e282744c9393b3,2025-05-19T15:26:00.000,1,DRIVER,,1970014.0,,MAZDA,CX-9,IL,2014.0,UNKNOWN,SPORT UTILITY VEHICLE (SUV),PERSONAL,N,TURNING LEFT,,,1.0,,,,Y,,,,,,,,,,Y,Y,,FRONT,,,,,,,,,,,,,,,,,,,,,,,,,,2025-05-19T15:26:00.000,30,NO CONTROLS,NO CONTROLS,CLEAR,DAYLIGHT,TURNING,NOT DIVIDED,STRAIGHT AND LEVEL,DRY,UNKNOWN,NOT ON SCENE (DESK REPORT),NO INJURY / DRIVE AWAY,,,Y,"OVER $1,500",2025-05-19T21:30:00.000,FAILING TO YIELD RIGHT-OF-WAY,IMPROPER TURNING/NO SIGNAL,30,E,11TH ST,123,,,,,,,2,NO INDICATION OF INJURY,0.0,0.0,0.0,0.0,0.0,2.0,0.0,15,2,5,41.8693676258,-87.6264933423,POINT (-87.626493342295 41.869367625777)
2066606,2cdd0c4ffd9f146765137451197a02c2a25874f73ed5ee99ef4965aa5285852cf2cf2ecf429f59c66407c2121c16658c050980e22ff70935b0e282744c9393b3,2025-05-19T15:26:00.000,2,DRIVER,,1970017.0,,FORD,FUSION,IL,2012.0,UNKNOWN,PASSENGER,PERSONAL,E,STRAIGHT AHEAD,,,1.0,,,,Y,,,,,,,,,,Y,Y,,FRONT,,,,,,,,,,,,,,,,,,,,,,,,,,2025-05-19T15:26:00.000,30,NO CONTROLS,NO CONTROLS,CLEAR,DAYLIGHT,TURNING,NOT DIVIDED,STRAIGHT AND LEVEL,DRY,UNKNOWN,NOT ON SCENE (DESK REPORT),NO INJURY / DRIVE AWAY,,,Y,"OVER $1,500",2025-05-19T21:30:00.000,FAILING TO YIELD RIGHT-OF-WAY,IMPROPER TURNING/NO SIGNAL,30,E,11TH ST,123,,,,,,,2,NO INDICATION OF INJURY,0.0,0.0,0.0,0.0,0.0,2.0,0.0,15,2,5,41.8693676258,-87.6264933423,POINT (-87.626493342295 41.869367625777)
2066289,4bec18c5536f39b820b3050ef73758c74d52b4d82c47f973c49bf76f322d5b28c47c2b2d0b8a15a2bed4aa4a69981e71c45f98470741f6b12ecd55b496778acf,2025-05-19T15:22:00.000,1,DRIVER,,1969704.0,,KIA,SORENTO,,,NONE,PASSENGER,PERSONAL,S,STRAIGHT AHEAD,,,1.0,,,,,,,,,,,,,,Y,,,FRONT-LEFT-CORNER,,,,,,,,,,,,,,,,,,,,,,,,,,2025-05-19T15:22:00.000,30,NO CONTROLS,NO CONTROLS,CLEAR,DAYLIGHT,SIDESWIPE SAME DIRECTION,NOT DIVIDED,STRAIGHT AND LEVEL,DRY,NO DEFECTS,NOT ON SCENE (DESK REPORT),NO INJURY / DRIVE AWAY,,,,"OVER $1,500",2025-05-19T15:46:00.000,FAILING TO YIELD RIGHT-OF-WAY,FAILING TO YIELD RIGHT-OF-WAY,10924,S,LAWNDALE AVE,2211,,,,,,,2,NO INDICATION OF INJURY,0.0,0.0,0.0,0.0,0.0,2.0,0.0,15,2,5,41.6942557299,-87.7133087338,POINT (-87.713308733792 41.694255729859)
2066290,4bec18c5536f39b820b3050ef73758c74d52b4d82c47f973c49bf76f322d5b28c47c2b2d0b8a15a2bed4aa4a69981e71c45f98470741f6b12ecd55b496778acf,2025-05-19T15:22:00.000,2,DRIVER,,1969706.0,,TOYOTA,COROLLA,,,UNKNOWN,PASSENGER,PERSONAL,S,STRAIGHT AHEAD,,,1.0,,,,,Y,,,,,,,,,,,,SIDE-RIGHT-FRONT,,,,,,,,,,,,,,,,,,,,,,,,,,2025-05-19T15:22:00.000,30,NO CONTROLS,NO CONTROLS,CLEAR,DAYLIGHT,SIDESWIPE SAME DIRECTION,NOT DIVIDED,STRAIGHT AND LEVEL,DRY,NO DEFECTS,NOT ON SCENE (DESK REPORT),NO INJURY / DRIVE AWAY,,,,"OVER $1,500",2025-05-19T15:46:00.000,FAILING TO YIELD RIGHT-OF-WAY,FAILING TO YIELD RIGHT-OF-WAY,10924,S,LAWNDALE AVE,2211,,,,,,,2,NO INDICATION OF INJURY,0.0,0.0,0.0,0.0,0.0,2.0,0.0,15,2,5,41.6942557299,-87.7133087338,POINT (-87.713308733792 41.694255729859)
2066303,0ca26768458cb32e94acd74c0e5b152fdee6e6cd73a31fefb2079c7d608d97328a0edb0f4ecffd704a24e25e2ad90ff14963b17c0a720ca9448bbc2d23fb6703,2025-05-19T15:20:00.000,1,DRIVER,,1969710.0,,NISSAN,OTHER (EXPLAIN IN NARRATIVE),IL,,UNKNOWN,VAN/MINI-VAN,UNKNOWN/NA,UNKNOWN,UNKNOWN/NA,,,1.0,,,,,,,,,,,,,,,,Y,UNKNOWN,,,,,,,,,,,,,,,,,,,,,,,,,,2025-05-19T15:20:00.000,30,UNKNOWN,UNKNOWN,CLEAR,DAYLIGHT,SIDESWIPE SAME DIRECTION,NOT DIVIDED,STRAIGHT AND LEVEL,DRY,NO DEFECTS,NOT ON SCENE (DESK REPORT),NO INJURY / DRIVE AWAY,,,Y,"OVER $1,500",2025-05-19T15:45:00.000,UNABLE TO DETERMINE,UNABLE TO DETERMINE,5100,S,WESTERN AVE,923,,,,,,,2,NO INDICATION OF INJURY,0.0,0.0,0.0,0.0,0.0,3.0,0.0,15,2,5,41.8010528356,-87.6843676488,POINT (-87.684367648824 41.801052835623)
2066304,0ca26768458cb32e94acd74c0e5b152fdee6e6cd73a31fefb2079c7d608d97328a0edb0f4ecffd704a24e25e2ad90ff14963b17c0a720ca9448bbc2d23fb6703,2025-05-19T15:20:00.000,2,DRIVER,1.0,1969715.0,,FORD,FIESTA,IL,2014.0,UNKNOWN,PASSENGER,PERSONAL,E,STRAIGHT AHEAD,,,2.0,,,,,,,,,,,Y,Y,Y,,,,SIDE-LEFT,,,,,,,,,,,,,,,,,,,,,,,,,,2025-05-19T15:20:00.000,30,UNKNOWN,UNKNOWN,CLEAR,DAYLIGHT,SIDESWIPE SAME DIRECTION,NOT DIVIDED,STRAIGHT AND LEVEL,DRY,NO DEFECTS,NOT ON SCENE (DESK REPORT),NO INJURY / DRIVE AWAY,,,Y,"OVER $1,500",2025-05-19T15:45:00.000,UNABLE TO DETERMINE,UNABLE TO DETERMINE,5100,S,WESTERN AVE,923,,,,,,,2,NO INDICATION OF INJURY,0.0,0.0,0.0,0.0,0.0,3.0,0.0,15,2,5,41.8010528356,-87.6843676488,POINT (-87.684367648824 41.801052835623)