crash_unit_id,crash_record_id,crash_date_left,unit_no,unit_type,num_passengers,vehicle_id,cmrc_veh_i,make,model,lic_plate_state,vehicle_year,vehicle_defect,vehicle_type,vehicle_use,travel_direction,maneuver,towed_i,fire_i,occupant_cnt,towed_by,towed_to,area_00_i,area_01_i,area_02_i,area_03_i,area_04_i,area_05_i,area_06_i,area_07_i,area_08_i,area_09_i,area_10_i,area_11_i,area_12_i,area_99_i,first_contact_point,cmv_id,usdot_no,commercial_src,gvwr,carrier_name,carrier_state,carrier_city,hazmat_placards_i,hazmat_present_i,hazmat_report_i,mcs_report_i,hazmat_vio_cause_crash_i,mcs_vio_cause_crash_i,idot_permit_no,trailer1_width,trailer2_width,trailer1_length,axle_cnt,vehicle_config,cargo_body_type,load_type,hazmat_out_of_service_i,mcs_out_of_service_i,hazmat_class,crash_date_est_i,crash_date_right,posted_speed_limit,traffic_control_device,device_condition,weather_condition,lighting_condition,first_crash_type,trafficway_type,alignment,roadway_surface_cond,road_defect,report_type,crash_type,intersection_related_i,private_property_i,hit_and_run_i,damage,date_police_notified,prim_contributory_cause,sec_contributory_cause,street_no,street_direction,street_name,beat_of_occurrence,photos_taken_i,statements_taken_i,dooring_i,work_zone_i,work_zone_type,workers_present_i,num_units,most_severe_injury,injuries_total,injuries_fatal,injuries_incapacitating,injuries_non_incapacitating,injuries_reported_not_evident,injuries_no_indication,injuries_unknown,crash_hour,crash_day_of_week,crash_month,latitude,longitude,location
2066314,d69d8a6d2bc8370d14317970aa1d1c0629d8a0d2a386016467b95a3aded3e31d23885e897c6e57e5c6321fea6c6e13d978cb1aa4e6452a2966a8138d00025b24,2025-05-19T15:20:00.000,1,DRIVER,,1969732.0,,FORD,EXPEDITION,AZ,2000.0,NONE,SPORT UTILITY VEHICLE (SUV),UNKNOWN/NA,S,ENTERING TRAFFIC LANE FROM PARKING,,,1.0,,,,,,,,,,,,,,,,Y,FRONT-RIGHT-CORNER,,,,,,,,,,,,,,,,,,,,,,,,,,2025-05-19T15:20:00.000,30,NO CONTROLS,NO CONTROLS,CLEAR,DAYLIGHT,PARKED MOTOR VEHICLE,ONE-WAY,STRAIGHT AND LEVEL,DRY,NO DEFECTS,NOT ON SCENE (DESK REPORT),NO INJURY / DRIVE AWAY,,,Y,"$501 - $1,500",2025-05-19T16:10:00.000,NOT APPLICABLE,NOT APPLICABLE,4701,S,HOYNE AVE,931,,,,,,,2,NO INDICATION OF INJURY,0.0,0.0,0.0,0.0,0.0,4.0,0.0,15,2,5,41.8084132694,-87.6769696545,POINT (-87.676969654479 41.808413269354)
2066315,d69d8a6d2bc8370d14317970aa1d1c0629d8a0d2a386016467b95a3aded3e31d23885e897c6e57e5c6321fea6c6e13d978cb1aa4e6452a2966a8138d00025b24,2025-05-19T15:20:00.000,2,PARKED,3.0,1969727.0,,TOYOTA,HIGHLANDER,IL,2014.0,NONE,SPORT UTILITY VEHICLE (SUV),PERSONAL,S,PARKED,,,3.0,,,,,,,,,,Y,Y,,,,,,REAR-LEFT-CORNER,,,,,,,,,,,,,,,,,,,,,,,,,,2025-05-19T15:20:00.000,30,NO CONTROLS,NO CONTROLS,CLEAR,DAYLIGHT,PARKED MOTOR VEHICLE,ONE-WAY,STRAIGHT AND LEVEL,DRY,NO DEFECTS,NOT ON SCENE (DESK REPORT),NO INJURY / DRIVE AWAY,,,Y,"$501 - $1,500",2025-05-19T16:10:00.000,NOT APPLICABLE,NOT APPLICABLE,4701,S,HOYNE AVE,931,,,,,,,2,NO INDICATION OF INJURY,0.0,0.0,0.0,0.0,0.0,4.0,0.0,15,2,5,41.8084132694,-87.6769696545,POINT (-87.676969654479 41.808413269354)
2066359,2ec66cd9d2e2a6214fb4e529287ef0668b1c9b05892772dedc67b5a4b1fd17c1370cf520836c18e62c155c1754044bfbcb82522245c5540564e849db2c26be40,2025-05-19T15:15:00.000,1,DRIVER,,1969769.0,,NISSAN,LEAF,IL,2012.0,UNKNOWN,PASSENGER,UNKNOWN/NA,S,STRAIGHT AHEAD,,,1.0,,,,,,,,,,,,,,,,Y,FRONT,,,,,,,,,,,,,,,,,,,,,,,,,,2025-05-19T15:15:00.000,30,NO CONTROLS,NO CONTROLS,CLOUDY/OVERCAST,DAYLIGHT,REAR END,DIVIDED - W/MEDIAN BARRIER,STRAIGHT AND LEVEL,DRY,UNKNOWN,NOT ON SCENE (DESK REPORT),NO INJURY / DRIVE AWAY,,,,"OVER $1,500",2025-05-19T16:40:00.000,UNABLE TO DETERMINE,UNABLE TO DETERMINE,2808,N,LARAMIE AVE,2514,,,,,,,2,NO INDICATION OF INJURY,0.0,0.0,0.0,0.0,0.0,3.0,0.0,15,2,5,41.9316785641,-87.7565801228,POINT (-87.756580122762 41.931678564051)
2066360,2ec66cd9d2e2a6214fb4e529287ef0668b1c9b05892772dedc67b5a4b1fd17c1370cf520836c18e62c155c1754044bfbcb82522245c5540564e849db2c26be40,2025-05-19T15:15:00.000,2,DRIVER,1.0,1969786.0,,MAZDA,CX-5,IL,2009.0,NONE,SPORT UTILITY VEHICLE (SUV),UNKNOWN/NA,S,SLOW/STOP IN TRAFFIC,,,2.0,,,,,,,,,Y,Y,,,,,,,REAR,,,,,,,,,,,,,,,,,,,,,,,,,,2025-05-19T15:15:00.000,30,NO CONTROLS,NO CONTROLS,CLOUDY/OVERCAST,DAYLIGHT,REAR END,DIVIDED - W/MEDIAN BARRIER,STRAIGHT AND LEVEL,DRY,UNKNOWN,NOT ON SCENE (DESK REPORT),NO INJURY / DRIVE AWAY,,,,"OVER $1,500",2025-05-19T16:40:00.000,UNABLE TO DETERMINE,UNABLE TO DETERMINE,2808,N,LARAMIE AVE,2514,,,,,,,2,NO INDICATION OF INJURY,0.0,0.0,0.0,0.0,0.0,3.0,0.0,15,2,5,41.9316785641,-87.7565801228,POINT (-87.756580122762 41.931678564051)
2066331,508f0a2899d94dc200a0942a22b9b7709cdfadb77896c34d3f496c35c7a28d48f942cdc2642de0dcfc57275fb204b3e6368cb433490da1ba62373428b725ee27,2025-05-19T15:15:00.000,1,DRIVER,,1969747.0,,HYUNDAI,VENUE,IL,2023.0,NONE,OTHER,PERSONAL,S,PASSING/OVERTAKING,,,1.0,,,,,Y,Y,Y,,,,,,,,,,SIDE-RIGHT,,,,,,,,,,,,,,,,,,,,,,,,,,2025-05-19T15:15:00.000,30,NO CONTROLS,NO CONTROLS,CLEAR,DAYLIGHT,SIDESWIPE SAME DIRECTION,NOT DIVIDED,STRAIGHT AND LEVEL,DRY,NO DEFECTS,NOT ON SCENE (DESK REPORT),NO INJURY / DRIVE AWAY,,,,"$501 - $1,500",2025-05-19T16:15:00.000,UNABLE TO DETERMINE,NOT APPLICABLE,2412,N,PULASKI RD,2524,,,,,,,2,NO INDICATION OF INJURY,0.0,0.0,0.0,0.0,0.0,2.0,0.0,15,2,5,41.9248832987,-87.7269299719,POINT (-87.726929971884 41.924883298713)
2066332,508f0a2899d94dc200a0942a22b9b7709cdfadb77896c34d3f496c35c7a28d48f942cdc2642de0dcfc57275fb204b3e6368cb433490da1ba62373428b725ee27,2025-05-19T15:15:00.000,2,DRIVER,,1969760.0,,MAZDA,OTHER (EXPLAIN IN NARRATIVE),IL,2013.0,UNKNOWN,SPORT UTILITY VEHICLE (SUV),OTHER,S,OTHER,,,1.0,,,,,,,,,,,,,Y,Y,,,SIDE-LEFT-FRONT,,,,,,,,,,,,,,,,,,,,,,,,,,2025-05-19T15:15:00.000,30,NO CONTROLS,NO CONTROLS,CLEAR,DAYLIGHT,SIDESWIPE SAME DIRECTION,NOT DIVIDED,STRAIGHT AND LEVEL,DRY,NO DEFECTS,NOT ON SCENE (DESK REPORT),NO INJURY / DRIVE AWAY,,,,"$501 - $1,500",2025-05-19T16:15:00.000,UNABLE TO DETERMINE,NOT APPLICABLE,2412,N,PULASKI RD,2524,,,,,,,2,NO INDICATION OF INJURY,0.0,0.0,0.0,0.0,0.0,2.0,0.0,15,2,5,41.9248832987,-87.7269299719,POINT (-87.726929971884 41.924883298713)
2066415,7745d44c135d022ea6fd3f0def11b8b16aa49c2873ee7f932e5f42774c1a6c1ff221cd630c81649c79cefadf4b0fcb3e8af7a8205499bc17d17e3a454c5692ad,2025-05-19T15:15:00.000,1,DRIVER,,1969833.0,,LINCOLN,MKS,IL,,NONE,PICKUP,PERSONAL,E,OTHER,,,1.0,,,,,,,,,,,,,,,,Y,UNKNOWN,,,,,,,,,,,,,,,,,,,,,,,,,,2025-05-19T15:15:00.000,30,NO CONTROLS,NO CONTROLS,CLEAR,DAYLIGHT,PARKED MOTOR VEHICLE,NOT DIVIDED,STRAIGHT AND LEVEL,DRY,NO DEFECTS,NOT ON SCENE (DESK REPORT),NO INJURY / DRIVE AWAY,,,,"$501 - $1,500",2025-05-19T17:25:00.000,IMPROPER LANE USAGE,NOT APPLICABLE,4119,W,57TH ST,813,,,,,,,2,NO INDICATION OF INJURY,0.0,0.0,0.0,0.0,0.0,3.0,0.0,15,2,5,41.7894331479,-87.7263153443,POINT (-87.726315344294 41.78943314789)
2066416,7745d44c135d022ea6fd3f0def11b8b16aa49c2873ee7f932e5f42774c1a6c1ff221cd630c81649c79cefadf4b0fcb3e8af7a8205499bc17d17e3a454c5692ad,2025-05-19T15:15:00.000,2,PARKED,2.0,1969825.0,,CHEVROLET,EQUINOX,IL,2018.0,NONE,SPORT UTILITY VEHICLE (SUV),PERSONAL,E,PARKED,,,2.0,,,,,,,,,,,,,Y,,,,SIDE-LEFT,,,,,,,,,,,,,,,,,,,,,,,,,,2025-05-19T15:15:00.000,30,NO CONTROLS,NO CONTROLS,CLEAR,DAYLIGHT,PARKED MOTOR VEHICLE,NOT DIVIDED,STRAIGHT AND LEVEL,DRY,NO DEFECTS,NOT ON SCENE (DESK REPORT),NO INJURY / DRIVE AWAY,,,,"$501 - $1,500",2025-05-19T17:25:00.000,IMPROPER LANE USAGE,NOT APPLICABLE,4119,W,57TH ST,813,,,,,,,2,NO INDICATION OF INJURY,0.0,0.0,0.0,0.0,0.0,3.0,0.0,15,2,5,41.7894331479,-87.7263153443,POINT (-87.726315344294 41.78943314789)
2066311,eca4c579ae677034799445c01b18d906d6bb9b5576c3f7cc151b7fcfb7f2b426aef9414ac0cac2be375379b9b444def42bc8aafc263068127400eb451a0c7c12,2025-05-19T15:15:00.000,1,DRIVER,3.0,1969735.0,,TOYOTA,SIENNA,IL,2014.0,NONE,PASSENGER,PERSONAL,E,BACKING,,,4.0,,,,,,,,,Y,,,,,,,,REAR,,,,,,,,,,,,,,,,,,,,,,,,,,2025-05-19T15:15:00.000,30,NO CONTROLS,NO CONTROLS,CLEAR,DAYLIGHT,TURNING,DIVIDED - W/MEDIAN (NOT RAISED),STRAIGHT AND LEVEL,DRY,NO DEFECTS,NOT ON SCENE (DESK REPORT),NO INJURY / DRIVE AWAY,,,,"OVER $1,500",2025-05-19T16:10:00.000,UNABLE TO DETERMINE,UNABLE TO DETERMINE,2316,S,ARCHER AVE,914,,,,,,,2,NO INDICATION OF INJURY,0.0,0.0,0.0,0.0,0.0,5.0,0.0,15,2,5,41.8507396832,-87.639485501,POINT (-87.639485500994 41.850739683162)
2066312,eca4c579ae677034799445c01b18d906d6bb9b5576c3f7cc151b7fcfb7f2b426aef9414ac0cac2be375379b9b444def42bc8aafc263068127400eb451a0c7c12,2025-05-19T15:15:00.000,2,DRIVER,,1969751.0,,HYUNDAI,GENESIS,IN,2015.0,NONE,PASSENGER,PERSONAL,W,TURNING RIGHT,,,1.0,,,,Y,Y,Y,,,,,,,,,,,SIDE-RIGHT-FRONT,,,,,,,,,,,,,,,,,,,,,,,,,,2025-05-19T15:15:00.000,30,NO CONTROLS,NO CONTROLS,CLEAR,DAYLIGHT,TURNING,DIVIDED - W/MEDIAN (NOT RAISED),STRAIGHT AND LEVEL,DRY,NO DEFECTS,NOT ON SCENE (DESK REPORT),NO INJURY / DRIVE AWAY,,,,"OVER $1,500",2025-05-19T16:10:00.000,UNABLE TO DETERMINE,UNABLE TO DETERMINE,2316,S,ARCHER AVE,914,,,,,,,2,NO INDICATION OF INJURY,0.0,0.0,0.0,0.0,0.0,5.0,0.0,15,2,5,41.8507396832,-87.639485501,POINT (-87.639485500994 41.850739683162)
2066307,95b10e012d4df5a38d9aa7d474eba777007c4a99b66b689ed4e59aa75b0229c0b0e0a17f3cc1bd7a306a24cae26c1e5855235934c305f79011cdb3973a972c1f,2025-05-19T15:07:00.000,1,DRIVER,,1969728.0,,CHEVROLET,EQUINOX,IL,2006.0,UNKNOWN,PASSENGER,PERSONAL,W,TURNING LEFT,,,1.0,,,,,,,,,,,,,,Y,Y,,FRONT-LEFT-CORNER,,,,,,,,,,,,,,,,,,,,,,,,,,2025-05-19T15:07:00.000,30,TRAFFIC SIGNAL,FUNCTIONING PROPERLY,CLOUDY/OVERCAST,DAYLIGHT,TURNING,CENTER TURN LANE,STRAIGHT AND LEVEL,DRY,UNKNOWN,ON SCENE,NO INJURY / DRIVE AWAY,Y,,,"OVER $1,500",2025-05-19T15:13:00.000,FAILING TO YIELD RIGHT-OF-WAY,FAILING TO REDUCE SPEED TO AVOID CRASH,37,W,MARQUETTE RD,722,,,,,,,2,NO INDICATION OF INJURY,0.0,0.0,0.0,0.0,0.0,3.0,0.0,15,2,5,41.7725763018,-87.626740364,POINT (-87.626740364026 41.772576301797)
2066308,95b10e012d4df5a38d9aa7d474eba777007c4a99b66b689ed4e59aa75b0229c0b0e0a17f3cc1bd7a306a24cae26c1e5855235934c305f79011cdb3973a972c1f,2025-05-19T15:07:00.000,2,DRIVER,1.0,1969736.0,,HONDA,PILOT,IL,2012.0,UNKNOWN,SPORT UTILITY VEHICLE (SUV),RIDESHARE SERVICE,E,STRAIGHT AHEAD,,,2.0,,,,,,,,,,,,,Y,Y,,,FRONT-LEFT-CORNER,,,,,,,,,,,,,,,,,,,,,,,,,,2025-05-19T15:07:00.000,30,TRAFFIC SIGNAL,FUNCTIONING PROPERLY,CLOUDY/OVERCAST,DAYLIGHT,TURNING,CENTER TURN LANE,STRAIGHT AND LEVEL,DRY,UNKNOWN,ON SCENE,NO INJURY / DRIVE AWAY,Y,,,"OVER $1,500",2025-05-19T15:13:00.000,FAILING TO YIELD RIGHT-OF-WAY,FAILING TO REDUCE SPEED TO AVOID CRASH,37,W,MARQUETTE RD,722,,,,,,,2,NO INDICATION OF INJURY,0.0,0.0,0.0,0.0,0.0,3.0,0.0,15,2,5,41.7725763018,-87.626740364,POINT (-87.626740364026 41.772576301797)
2066357,d85428fa1dca514b55bb58d2042bfe8cb76e40f21ecb814041af067afa90df1ab9b4242388e3ab8723bb6e675cd8d28bda82f53053f4bda5347bed895bbc5d51,2025-05-19T15:02:00.000,1,DRIVER,,1969761.0,,RANGE ROVER OF NORTH AMERICA,RANGE ROVER OF NORTH AMERICA,,,UNKNOWN,PASSENGER,UNKNOWN/NA,S,UNKNOWN/NA,,,1.0,,,,,,,,,,,,,,,,Y,UNKNOWN,,,,,,,,,,,,,,,,,,,,,,,,,,2025-05-19T15:02:00.000,30,TRAFFIC SIGNAL,FUNCTIONING PROPERLY,CLEAR,DAYLIGHT,SIDESWIPE SAME DIRECTION,NOT DIVIDED,STRAIGHT AND LEVEL,DRY,NO DEFECTS,ON SCENE,NO INJURY / DRIVE AWAY,,,Y,"$501 - $1,500",2025-05-19T15:02:00.000,UNABLE TO DETERMINE,NOT APPLICABLE,2,S,WESTERN AVE,1125,,,,,,,2,NO INDICATION OF INJURY,0.0,0.0,0.0,0.0,0.0,2.0,0.0,15,2,5,41.8811147974,-87.6865770656,POINT (-87.686577065609 41.881114797417)
2066358,d85428fa1dca514b55bb58d2042bfe8cb76e40f21ecb814041af067afa90df1ab9b4242388e3ab8723bb6e675cd8d28bda82f53053f4bda5347bed895bbc5d51,2025-05-19T15:02:00.000,2,DRIVER,,1969771.0,,NOVA BUS,LFS,IL,,NONE,BUS OVER 15 PASS.,CTA,S,UNKNOWN/NA,,,1.0,,,,,,,,,,,,,,Y,,,FRONT-LEFT-CORNER,,,,,,,,,,,,,,,,,,,,,,,,,,2025-05-19T15:02:00.000,30,TRAFFIC SIGNAL,FUNCTIONING PROPERLY,CLEAR,DAYLIGHT,SIDESWIPE SAME DIRECTION,NOT DIVIDED,STRAIGHT AND LEVEL,DRY,NO DEFECTS,ON SCENE,NO INJURY / DRIVE AWAY,,,Y,"$501 - $1,500",2025-05-19T15:02:00.000,UNABLE TO DETERMINE,NOT APPLICABLE,2,S,WESTERN AVE,1125,,,,,,,2,NO INDICATION OF INJURY,0.0,0.0,0.0,0.0,0.0,2.0,0.0,15,2,5,41.8811147974,-87.6865770656,POINT (-87.686577065609 41.881114797417)
2066421,0a9d51d120af7fdf263d70aec131d2c2262a7aac0cfda5882d4abcea7c5ea6bef21da26505f03b0b2de903b1f6840d578d36061b786c1cd0a4be1e85fe606097,2025-05-19T15:00:00.000,1,DRIVER,,1969832.0,,DODGE,DURANGO,IN,2016.0,UNKNOWN,PASSENGER,PERSONAL,W,STRAIGHT AHEAD,,,1.0,,,,,,,,,,,,,,,Y,,FRONT,,,,,,,,,,,,,,,,,,,,,,,,,,2025-05-19T15:00:00.000,30,STOP SIGN/FLASHER,NO CONTROLS,CLEAR,DAYLIGHT,REAR END,FOUR WAY,STRAIGHT AND LEVEL,DRY,UNKNOWN,ON SCENE,INJURY AND / OR TOW DUE TO CRASH,Y,,,"OVER $1,500",2025-05-19T15:35:00.000,UNABLE TO DETERMINE,NOT APPLICABLE,1001,E,MARQUETTE RD,321,,,,,,,2,NONINCAPACITATING INJURY,1.0,0.0,0.0,1.0,0.0,1.0,0.0,15,2,5,41.7749023896,-87.6009089689,POINT (-87.600908968932 41.774902389607)
2066422,0a9d51d120af7fdf263d70aec131d2c2262a7aac0cfda5882d4abcea7c5ea6bef21da26505f03b0b2de903b1f6840d578d36061b786c1cd0a4be1e85fe606097,2025-05-19T15:00:00.000,2,DRIVER,,1969848.0,,BUICK,ENCLAVE,IL,2025.0,UNKNOWN,PASSENGER,PERSONAL,W,SLOW/STOP IN TRAFFIC,,,1.0,,,,,,,,,Y,,,,,,,,REAR,,,,,,,,,,,,,,,,,,,,,,,,,,2025-05-19T15:00:00.000,30,STOP SIGN/FLASHER,NO CONTROLS,CLEAR,DAYLIGHT,REAR END,FOUR WAY,STRAIGHT AND LEVEL,DRY,UNKNOWN,ON SCENE,INJURY AND / OR TOW DUE TO CRASH,Y,,,"OVER $1,500",2025-05-19T15:35:00.000,UNABLE TO DETERMINE,NOT APPLICABLE,1001,E,MARQUETTE RD,321,,,,,,,2,NONINCAPACITATING INJURY,1.0,0.0,0.0,1.0,0.0,1.0,0.0,15,2,5,41.7749023896,-87.6009089689,POINT (-87.600908968932 41.774902389607)
2066369,97e5fe88cf41511b10877732987833916c4554d8a9048cb85de0e64414ecd4430b93e60e3eef593bae434910360994159d10194f6a7ffb25a922f0c46cb286a9,2025-05-19T15:00:00.000,1,DRIVER,,1969779.0,,MAZDA,CX-9,IL,2014.0,UNKNOWN,SPORT UTILITY VEHICLE (SUV),UNKNOWN/NA,E,TURNING LEFT,,,1.0,,,,,,,,,,,,,Y,Y,N,,FRONT-LEFT-CORNER,,,,,,,,,,,,,,,,,,,,,,,,,,2025-05-19T15:00:00.000,30,UNKNOWN,UNKNOWN,CLEAR,DAYLIGHT,TURNING,DIVIDED - W/MEDIAN (NOT RAISED),STRAIGHT AND LEVEL,DRY,UNKNOWN,NOT ON SCENE (DESK REPORT),NO INJURY / DRIVE AWAY,Y,,,"OVER $1,500",2025-05-19T16:47:00.000,IMPROPER TURNING/NO SIGNAL,DRIVING SKILLS/KNOWLEDGE/EXPERIENCE,1103,S,STATE ST,123,,,,,,,2,NO INDICATION OF INJURY,0.0,0.0,0.0,0.0,0.0,2.0,0.0,15,2,5,41.8690962217,-87.6273180677,POINT (-87.627318067692 41.869096221735)
2066370,97e5fe88cf41511b10877732987833916c4554d8a9048cb85de0e64414ecd4430b93e60e3eef593bae434910360994159d10194f6a7ffb25a922f0c46cb286a9,2025-05-19T15:00:00.000,2,DRIVER,,1969816.0,,FORD,FOCUS,IL,2012.0,UNKNOWN,PASSENGER,UNKNOWN/NA,E,STRAIGHT AHEAD,,,1.0,,,,Y,Y,,,,,,,,,,Y,,SIDE-RIGHT-FRONT,,,,,,,,,,,,,,,,,,,,,,,,,,2025-05-19T15:00:00.000,30,UNKNOWN,UNKNOWN,CLEAR,DAYLIGHT,TURNING,DIVIDED - W/MEDIAN (NOT RAISED),STRAIGHT AND LEVEL,DRY,UNKNOWN,NOT ON SCENE (DESK REPORT),NO INJURY / DRIVE AWAY,Y,,,"OVER $1,500",2025-05-19T16:47:00.000,IMPROPER TURNING/NO SIGNAL,DRIVING SKILLS/KNOWLEDGE/EXPERIENCE,1103,S,STATE ST,123,,,,,,,2,NO INDICATION OF INJURY,0.0,0.0,0.0,0.0,0.0,2.0,0.0,15,2,5,41.8690962217,-87.6273180677,POINT (-87.627318067692 41.869096221735)
2066385,2df189322750d05cc639663f6c64f17d9393699dfe845cd1785537af27e2aea26838d86ee2ff7046ad8432593fb8bcc353160f60f0cf725b80bd29dd8e8f2ede,2025-05-19T14:57:00.000,1,DRIVER,,1969796.0,,FORD,TRANSIT,WI,2023.0,UNKNOWN,VAN/MINI-VAN,UNKNOWN/NA,S,STRAIGHT AHEAD,,,1.0,,,,,Y,Y,Y,Y,,,,,,,,Y,SIDE-RIGHT,,,,,,,,,,,,,,,,,,,,,,,,,,2025-05-19T14:57:00.000,30,NO CONTROLS,NO CONTROLS,CLEAR,DAYLIGHT,PARKED MOTOR VEHICLE,NOT DIVIDED,STRAIGHT AND LEVEL,DRY,UNKNOWN,ON SCENE,NO INJURY / DRIVE AWAY,,,,"$501 - $1,500",2025-05-19T15:52:00.000,DRIVING SKILLS/KNOWLEDGE/EXPERIENCE,UNABLE TO DETERMINE,3030,N,CICERO AVE,2521,,Y,,,,,2,NO INDICATION OF INJURY,0.0,0.0,0.0,0.0,0.0,1.0,0.0,14,2,5,41.9361348068,-87.7469268233,POINT (-87.746926823256 41.936134806824)
2066386,2df189322750d05cc639663f6c64f17d9393699dfe845cd1785537af27e2aea26838d86ee2ff7046ad8432593fb8bcc353160f60f0cf725b80bd29dd8e8f2ede,2025-05-19T14:57:00.000,2,PARKED,,1969807.0,,FORD,F350,NY,2024.0,UNKNOWN,OTHER,UNKNOWN/NA,S,PARKED,,,0.0,,,,,,,,,,,,Y,Y,Y,,Y,FRONT-LEFT-CORNER,,,,,,,,,,,,,,,,,,,,,,,,,,2025-05-19T14:57:00.000,30,NO CONTROLS,NO CONTROLS,CLEAR,DAYLIGHT,PARKED MOTOR VEHICLE,NOT DIVIDED,STRAIGHT AND LEVEL,DRY,UNKNOWN,ON SCENE,NO INJURY / DRIVE AWAY,,,,"$501 - $1,500",2025-05-19T15:52:00.000,DRIVING SKILLS/KNOWLEDGE/EXPERIENCE,UNABLE TO DETERMINE,3030,N,CICERO AVE,2521,,Y,,,,,2,NO INDICATION OF INJURY,0.0,0.0,0.0,0.0,0.0,1.0,0.0,14,2,5,41.9361348068,-87.7469268233,POINT (-87.746926823256 41.936134806824)
2066291,4dd178ccb6d3b180a576acff4e0f83f6da5255223c2b9fa0157e37850338f4c36b06ad00a27c3edf977c918af98540c78e0ffe26b7091d4848688e1853bcd819,2025-05-19T14:49:00.000,1,DRIVER,,1969707.0,,UNKNOWN,OTHER (EXPLAIN IN NARRATIVE),,2025.0,UNKNOWN,MOTORCYCLE (OVER 150CC),PERSONAL,E,PASSING/OVERTAKING,,,1.0,,,,Y,,,,,,,,,,Y,Y,,FRONT,,,,,,,,,,,,,,,,,,,,,,,,,,2025-05-19T14:49:00.000,30,NO CONTROLS,NO CONTROLS,CLEAR,DAYLIGHT,ANGLE,NOT DIVIDED,STRAIGHT AND LEVEL,DRY,UNKNOWN,ON SCENE,INJURY AND / OR TOW DUE TO CRASH,,,N,"OVER $1,500",2025-05-19T14:49:00.000,IMPROPER OVERTAKING/PASSING,NOT APPLICABLE,3631,W,31ST ST,1032,,,,,,,2,NONINCAPACITATING INJURY,1.0,0.0,0.0,1.0,0.0,1.0,0.0,14,2,5,41.8369256807,-87.715746701,POINT (-87.715746700993 41.836925680685)
2066292,4dd178ccb6d3b180a576acff4e0f83f6da5255223c2b9fa0157e37850338f4c36b06ad00a27c3edf977c918af98540c78e0ffe26b7091d4848688e1853bcd819,2025-05-19T14:49:00.000,2,DRIVER,,1969712.0,,DODGE,DURANGO,IL,2014.0,UNKNOWN,PASSENGER,PERSONAL,S,STRAIGHT AHEAD,,,1.0,,,,,,,,,,,,,,,,Y,UNKNOWN,,,,,,,,,,,,,,,,,,,,,,,,,,2025-05-19T14:49:00.000,30,NO CONTROLS,NO CONTROLS,CLEAR,DAYLIGHT,ANGLE,NOT DIVIDED,STRAIGHT AND LEVEL,DRY,UNKNOWN,ON SCENE,INJURY AND / OR TOW DUE TO CRASH,,,N,"OVER $1,500",2025-05-19T14:49:00.000,IMPROPER OVERTAKING/PASSING,NOT APPLICABLE,3631,W,31ST ST,1032,,,,,,,2,NONINCAPACITATING INJURY,1.0,0.0,0.0,1.0,0.0,1.0,0.0,14,2,5,41.8369256807,-87.715746701,POINT (-87.715746700993 41.836925680685)
2066293,ca41229bc7e6cf8b6bf38c3c0a8d0303bcd07dc7b891aa05eb64ed96d3c00ced6a35201187d67fec94004cd61410fa43bdaedbea76a88eed6b4a65277160a2dd,2025-05-19T14:45:00.000,1,DRIVER,,1969708.0,,UNKNOWN,ENGINE,IL,,UNKNOWN,SPORT UTILITY VEHICLE (SUV),UNKNOWN/NA,N,TURNING RIGHT,,,1.0,,,,,,,,,,,,,,,,Y,UNKNOWN,,,,,,,,,,,,,,,,,,,,,,,,,,2025-05-19T14:45:00.000,30,TRAFFIC SIGNAL,UNKNOWN,CLEAR,DAYLIGHT,TURNING,FOUR WAY,STRAIGHT AND LEVEL,DRY,NO DEFECTS,ON SCENE,NO INJURY / DRIVE AWAY,Y,,Y,"OVER $1,500",2025-05-19T14:45:00.000,IMPROPER OVERTAKING/PASSING,IMPROPER LANE USAGE,8301,S,KEDZIE AVE,835,,,,,,,2,NO INDICATION OF INJURY,0.0,0.0,0.0,0.0,0.0,2.0,0.0,14,2,5,41.7424748828,-87.7020512874,POINT (-87.702051287383 41.742474882797)
2066294,ca41229bc7e6cf8b6bf38c3c0a8d0303bcd07dc7b891aa05eb64ed96d3c00ced6a35201187d67fec94004cd61410fa43bdaedbea76a88eed6b4a65277160a2dd,2025-05-19T14:45:00.000,2,DRIVER,,1969719.0,,NISSAN,VERSA,IL,2024.0,UNKNOWN,PASSENGER,PERSONAL,N,STRAIGHT AHEAD,,,1.0,,,,,,,,,,,,,Y,Y,Y,,FRONT-LEFT-CORNER,,,,,,,,,,,,,,,,,,,,,,,,,,2025-05-19T14:45:00.000,30,TRAFFIC SIGNAL,UNKNOWN,CLEAR,DAYLIGHT,TURNING,FOUR WAY,STRAIGHT AND LEVEL,DRY,NO DEFECTS,ON SCENE,NO INJURY / DRIVE AWAY,Y,,Y,"OVER $1,500",2025-05-19T14:45:00.000,IMPROPER OVERTAKING/PASSING,IMPROPER LANE USAGE,8301,S,KEDZIE AVE,835,,,,,,,2,NO INDICATION OF INJURY,0.0,0.0,0.0,0.0,0.0,2.0,0.0,14,2,5,41.7424748828,-87.7020512874,POINT (-87.702051287383 41.742474882797)