crash_unit_id,crash_record_id,crash_date_left,unit_no,unit_type,num_passengers,vehicle_id,cmrc_veh_i,make,model,lic_plate_state,vehicle_year,vehicle_defect,vehicle_type,vehicle_use,travel_direction,maneuver,towed_i,fire_i,occupant_cnt,towed_by,towed_to,area_00_i,area_01_i,area_02_i,area_03_i,area_04_i,area_05_i,area_06_i,area_07_i,area_08_i,area_09_i,area_10_i,area_11_i,area_12_i,area_99_i,first_contact_point,cmv_id,usdot_no,commercial_src,gvwr,carrier_name,carrier_state,carrier_city,hazmat_placards_i,hazmat_present_i,hazmat_report_i,mcs_report_i,hazmat_vio_cause_crash_i,mcs_vio_cause_crash_i,idot_permit_no,trailer1_width,trailer2_width,trailer1_length,axle_cnt,vehicle_config,cargo_body_type,load_type,hazmat_out_of_service_i,mcs_out_of_service_i,hazmat_class,crash_date_est_i,crash_date_right,posted_speed_limit,traffic_control_device,device_condition,weather_condition,lighting_condition,first_crash_type,trafficway_type,alignment,roadway_surface_cond,road_defect,report_type,crash_type,intersection_related_i,private_property_i,hit_and_run_i,damage,date_police_notified,prim_contributory_cause,sec_contributory_cause,street_no,street_direction,street_name,beat_of_occurrence,photos_taken_i,statements_taken_i,dooring_i,work_zone_i,work_zone_type,workers_present_i,num_units,most_severe_injury,injuries_total,injuries_fatal,injuries_incapacitating,injuries_non_incapacitating,injuries_reported_not_evident,injuries_no_indication,injuries_unknown,crash_hour,crash_day_of_week,crash_month,latitude,longitude,location
2066342,bc3055f8ec6042f290318e639d55a0438cc95e9d86b71c7a2000574c4c70afb606db0338d64b38f25bca6791e815579f5161f40c7f351f190147629756c7ec9a,2025-05-19T12:45:00.000,2,DRIVER,,1969758.0,,NISSAN,ALTIMA,IL,2003.0,UNKNOWN,PASSENGER,PERSONAL,E,STRAIGHT AHEAD,,,1.0,,,,,,,,,,Y,,,,,,,SIDE-LEFT-REAR,,,,,,,,,,,,,,,,,,,,,,,,,,2025-05-19T12:45:00.000,30,STOP SIGN/FLASHER,FUNCTIONING PROPERLY,CLEAR,DAYLIGHT,SIDESWIPE SAME DIRECTION,NOT DIVIDED,STRAIGHT AND LEVEL,DRY,UNKNOWN,NOT ON SCENE (DESK REPORT),NO INJURY / DRIVE AWAY,,,,"$501 - $1,500",2025-05-19T16:15:00.000,UNABLE TO DETERMINE,NOT APPLICABLE,4759,W,ADDISON ST,1731,,,,,,,2,NO INDICATION OF INJURY,0.0,0.0,0.0,0.0,0.0,2.0,0.0,12,2,5,41.9460172739,-87.7468997443,POINT (-87.746899744273 41.946017273895)
2066219,976cedb4f7ac92483dd151c96d025868a8d3b9d99a7aa02710973901b991d42d228e2aa4ecf9882072f4cf7a57617c7ddf4d436d7b037616bc5a1941d7e58c69,2025-05-19T12:43:00.000,1,DRIVER,,1969637.0,,CHEVROLET,TRAVERSE,IL,2017.0,UNKNOWN,SPORT UTILITY VEHICLE (SUV),PERSONAL,W,BACKING,,,1.0,,,,,,,,,Y,,,,,,,,REAR,,,,,,,,,,,,,,,,,,,,,,,,,,2025-05-19T12:43:00.000,30,NO CONTROLS,NO CONTROLS,CLEAR,DAYLIGHT,REAR TO REAR,PARKING LOT,STRAIGHT AND LEVEL,DRY,UNKNOWN,NOT ON SCENE (DESK REPORT),NO INJURY / DRIVE AWAY,,Y,,"$501 - $1,500",2025-05-19T13:30:00.000,UNABLE TO DETERMINE,NOT APPLICABLE,6550,W,FULLERTON AVE,2512,,,,,,,2,NO INDICATION OF INJURY,0.0,0.0,0.0,0.0,0.0,2.0,0.0,12,2,5,41.9237537124,-87.7895706402,POINT (-87.789570640176 41.92375371241)
2066220,976cedb4f7ac92483dd151c96d025868a8d3b9d99a7aa02710973901b991d42d228e2aa4ecf9882072f4cf7a57617c7ddf4d436d7b037616bc5a1941d7e58c69,2025-05-19T12:43:00.000,2,DRIVER,,1969640.0,,FORD,FOCUS,IL,2013.0,UNKNOWN,PASSENGER,PERSONAL,E,BACKING,,,1.0,,,,,,,,,,Y,,,,,,,REAR,,,,,,,,,,,,,,,,,,,,,,,,,,2025-05-19T12:43:00.000,30,NO CONTROLS,NO CONTROLS,CLEAR,DAYLIGHT,REAR TO REAR,PARKING LOT,STRAIGHT AND LEVEL,DRY,UNKNOWN,NOT ON SCENE (DESK REPORT),NO INJURY / DRIVE AWAY,,Y,,"$501 - $1,500",2025-05-19T13:30:00.000,UNABLE TO DETERMINE,NOT APPLICABLE,6550,W,FULLERTON AVE,2512,,,,,,,2,NO INDICATION OF INJURY,0.0,0.0,0.0,0.0,0.0,2.0,0.0,12,2,5,41.9237537124,-87.7895706402,POINT (-87.789570640176 41.92375371241)
2066237,7b92934a362c923f12e6ee197714f05510978ae07c446516ab7b170fa0837940768b5acfd12ab4a30329a7bc0028560e4bfdbe757630748b93a0425c43a0d401,2025-05-19T12:30:00.000,1,DRIVER,,1969647.0,,HYUNDAI,OTHER (EXPLAIN IN NARRATIVE),IL,2013.0,UNKNOWN,SPORT UTILITY VEHICLE (SUV),UNKNOWN/NA,S,CHANGING LANES,,,1.0,,,,Y,Y,Y,Y,Y,,,,,,,,,FRONT-RIGHT-CORNER,,,,,,,,,,,,,,,,,,,,,,,,,,2025-05-19T12:30:00.000,30,NO CONTROLS,NO CONTROLS,CLOUDY/OVERCAST,DAYLIGHT,SIDESWIPE SAME DIRECTION,ONE-WAY,STRAIGHT AND LEVEL,UNKNOWN,UNKNOWN,NOT ON SCENE (DESK REPORT),NO INJURY / DRIVE AWAY,,,Y,"OVER $1,500",2025-05-19T13:50:00.000,IMPROPER LANE USAGE,FAILING TO REDUCE SPEED TO AVOID CRASH,276,N,WELLS ST,122,,,,,,,2,NO INDICATION OF INJURY,0.0,0.0,0.0,0.0,0.0,2.0,0.0,12,2,5,41.8874976816,-87.634117424,POINT (-87.634117423981 41.887497681571)
2066238,7b92934a362c923f12e6ee197714f05510978ae07c446516ab7b170fa0837940768b5acfd12ab4a30329a7bc0028560e4bfdbe757630748b93a0425c43a0d401,2025-05-19T12:30:00.000,2,DRIVER,,1969652.0,,TOYOTA,COROLLA,IL,2016.0,NONE,PASSENGER,PERSONAL,S,STRAIGHT AHEAD,,,1.0,,,,,,,,,,Y,Y,Y,Y,Y,,,REAR-LEFT-CORNER,,,,,,,,,,,,,,,,,,,,,,,,,,2025-05-19T12:30:00.000,30,NO CONTROLS,NO CONTROLS,CLOUDY/OVERCAST,DAYLIGHT,SIDESWIPE SAME DIRECTION,ONE-WAY,STRAIGHT AND LEVEL,UNKNOWN,UNKNOWN,NOT ON SCENE (DESK REPORT),NO INJURY / DRIVE AWAY,,,Y,"OVER $1,500",2025-05-19T13:50:00.000,IMPROPER LANE USAGE,FAILING TO REDUCE SPEED TO AVOID CRASH,276,N,WELLS ST,122,,,,,,,2,NO INDICATION OF INJURY,0.0,0.0,0.0,0.0,0.0,2.0,0.0,12,2,5,41.8874976816,-87.634117424,POINT (-87.634117423981 41.887497681571)
2066417,1087c5409e727c742f2ad4967815b3f3b6063e7cbc4212665407769dc224c7fe20570fa88e5b2231f4225b383afd1984d891241493629ed01887fd77d80b2003,2025-05-19T12:00:00.000,1,DRIVER,,1969830.0,,UNKNOWN,MOTORIZED,,,UNKNOWN,UNKNOWN/NA,UNKNOWN/NA,W,UNKNOWN/NA,,,1.0,,,,,,,,,,,,,,N,,,SIDE-LEFT-FRONT,,,,,,,,,,,,,,,,,,,,,,,,,Y,2025-05-19T12:00:00.000,30,NO CONTROLS,NO CONTROLS,CLEAR,DAYLIGHT,PARKED MOTOR VEHICLE,NOT DIVIDED,STRAIGHT AND LEVEL,DRY,NO DEFECTS,NOT ON SCENE (DESK REPORT),NO INJURY / DRIVE AWAY,,,Y,"OVER $1,500",2025-05-19T17:15:00.000,DRIVING SKILLS/KNOWLEDGE/EXPERIENCE,UNABLE TO DETERMINE,1048,W,CORNELIA AVE,1924,,,,,,,2,NO INDICATION OF INJURY,0.0,0.0,0.0,0.0,0.0,1.0,0.0,12,2,5,41.9454703239,-87.6559215513,POINT (-87.655921551276 41.945470323859)
2066418,1087c5409e727c742f2ad4967815b3f3b6063e7cbc4212665407769dc224c7fe20570fa88e5b2231f4225b383afd1984d891241493629ed01887fd77d80b2003,2025-05-19T12:00:00.000,2,PARKED,,1969831.0,,DODGE,RAM 1500 PU,IL,2019.0,NONE,PICKUP,NOT IN USE,W,PARKED,,,0.0,,,,,Y,Y,Y,,,,,,,,,,SIDE-RIGHT,,,,,,,,,,,,,,,,,,,,,,,,,Y,2025-05-19T12:00:00.000,30,NO CONTROLS,NO CONTROLS,CLEAR,DAYLIGHT,PARKED MOTOR VEHICLE,NOT DIVIDED,STRAIGHT AND LEVEL,DRY,NO DEFECTS,NOT ON SCENE (DESK REPORT),NO INJURY / DRIVE AWAY,,,Y,"OVER $1,500",2025-05-19T17:15:00.000,DRIVING SKILLS/KNOWLEDGE/EXPERIENCE,UNABLE TO DETERMINE,1048,W,CORNELIA AVE,1924,,,,,,,2,NO INDICATION OF INJURY,0.0,0.0,0.0,0.0,0.0,1.0,0.0,12,2,5,41.9454703239,-87.6559215513,POINT (-87.655921551276 41.945470323859)
2066164,11c4e3273655ee99d5a11a2d2689e7551ae5f37acbb6ce817bc861f25297c7ae453315f7a81a24d2de974630581007d8817403dd62a097f3632321ce1cec6123,2025-05-19T11:24:00.000,1,DRIVER,,1969583.0,,VOLKSWAGEN,OTHER (EXPLAIN IN NARRATIVE),IL,2016.0,UNKNOWN,PASSENGER,UNKNOWN/NA,S,PASSING/OVERTAKING,,,1.0,,,,,,,,,,,,Y,Y,Y,,,SIDE-LEFT,,,,,,,,,,,,,,,,,,,,,,,,,,2025-05-19T11:24:00.000,30,NO CONTROLS,NO CONTROLS,CLEAR,DAYLIGHT,SIDESWIPE SAME DIRECTION,DIVIDED - W/MEDIAN (NOT RAISED),STRAIGHT AND LEVEL,DRY,NO DEFECTS,ON SCENE,NO INJURY / DRIVE AWAY,,,Y,"OVER $1,500",2025-05-19T11:25:00.000,IMPROPER OVERTAKING/PASSING,NOT APPLICABLE,9740,S,JEFFERY AVE,431,,,,,,,2,NO INDICATION OF INJURY,0.0,0.0,0.0,0.0,0.0,2.0,0.0,11,2,5,41.7175672262,-87.5753863283,POINT (-87.575386328272 41.717567226161)
2066165,11c4e3273655ee99d5a11a2d2689e7551ae5f37acbb6ce817bc861f25297c7ae453315f7a81a24d2de974630581007d8817403dd62a097f3632321ce1cec6123,2025-05-19T11:24:00.000,2,DRIVER,,1969590.0,,NISSAN,ROGUE,IL,2021.0,NONE,SPORT UTILITY VEHICLE (SUV),PERSONAL,S,STRAIGHT AHEAD,,,1.0,,,,,,Y,Y,Y,,,,,,,,,SIDE-RIGHT,,,,,,,,,,,,,,,,,,,,,,,,,,2025-05-19T11:24:00.000,30,NO CONTROLS,NO CONTROLS,CLEAR,DAYLIGHT,SIDESWIPE SAME DIRECTION,DIVIDED - W/MEDIAN (NOT RAISED),STRAIGHT AND LEVEL,DRY,NO DEFECTS,ON SCENE,NO INJURY / DRIVE AWAY,,,Y,"OVER $1,500",2025-05-19T11:25:00.000,IMPROPER OVERTAKING/PASSING,NOT APPLICABLE,9740,S,JEFFERY AVE,431,,,,,,,2,NO INDICATION OF INJURY,0.0,0.0,0.0,0.0,0.0,2.0,0.0,11,2,5,41.7175672262,-87.5753863283,POINT (-87.575386328272 41.717567226161)
2066180,2507a47a5f0ebafef7afd182acf74b507f6833afb559a9949fb0b9ce5f0cff04fdeb1eafa2fa032d306213f1db6602d856be5358c760aa19292cce82d6e4ec6a,2025-05-19T11:22:00.000,1,DRIVER,,1969598.0,,KENWORTH MOTOR TRUCK COMPANY,KENWORTH MOTOR TRUCK CO.,IL,2011.0,UNKNOWN,TRUCK - SINGLE UNIT,COMMERCIAL - MULTI-UNIT,S,TURNING RIGHT,,,1.0,,,,,,,,,,,,,,Y,,,FRONT-LEFT-CORNER,,,,,,,,,,,,,,,,,,,,,,,,,,2025-05-19T11:22:00.000,20,NO CONTROLS,NO CONTROLS,CLEAR,DAYLIGHT,PARKED MOTOR VEHICLE,OTHER,STRAIGHT AND LEVEL,DRY,UNKNOWN,ON SCENE,NO INJURY / DRIVE AWAY,,,,$500 OR LESS,2025-05-19T11:25:00.000,IMPROPER TURNING/NO SIGNAL,NOT APPLICABLE,5557,N,WAYNE AVE,2013,,,,,,,2,NO INDICATION OF INJURY,0.0,0.0,0.0,0.0,0.0,1.0,0.0,11,2,5,41.9834208897,-87.6636023207,POINT (-87.66360232073 41.983420889687)
2066181,2507a47a5f0ebafef7afd182acf74b507f6833afb559a9949fb0b9ce5f0cff04fdeb1eafa2fa032d306213f1db6602d856be5358c760aa19292cce82d6e4ec6a,2025-05-19T11:22:00.000,2,PARKED,,1969600.0,,TOYOTA,RAV4,IL,2023.0,UNKNOWN,PASSENGER,UNKNOWN/NA,S,PARKED,,,0.0,,,,,,,,Y,,,,,,,,,SIDE-RIGHT-REAR,,,,,,,,,,,,,,,,,,,,,,,,,,2025-05-19T11:22:00.000,20,NO CONTROLS,NO CONTROLS,CLEAR,DAYLIGHT,PARKED MOTOR VEHICLE,OTHER,STRAIGHT AND LEVEL,DRY,UNKNOWN,ON SCENE,NO INJURY / DRIVE AWAY,,,,$500 OR LESS,2025-05-19T11:25:00.000,IMPROPER TURNING/NO SIGNAL,NOT APPLICABLE,5557,N,WAYNE AVE,2013,,,,,,,2,NO INDICATION OF INJURY,0.0,0.0,0.0,0.0,0.0,1.0,0.0,11,2,5,41.9834208897,-87.6636023207,POINT (-87.66360232073 41.983420889687)
2066178,1b70617655a5175ad944f7549e0099dead9d949139cf3c99153570b94e4a75cda198c72ef4a532e637086cde951b5f7923071b0b891ccb3222de38c660e6dac0,2025-05-19T11:15:00.000,1,DRIVER,,1969595.0,,UNKNOWN,OTHER (EXPLAIN IN NARRATIVE),IL,,UNKNOWN,UNKNOWN/NA,UNKNOWN/NA,UNKNOWN,UNKNOWN/NA,,,1.0,,,,,,,,,,,,,,,,Y,UNKNOWN,,,,,,,,,,,,,,,,,,,,,,,,,,2025-05-19T11:15:00.000,30,NO CONTROLS,NO CONTROLS,CLEAR,DAYLIGHT,PARKED MOTOR VEHICLE,NOT DIVIDED,STRAIGHT AND LEVEL,DRY,NO DEFECTS,NOT ON SCENE (DESK REPORT),NO INJURY / DRIVE AWAY,,,Y,"OVER $1,500",2025-05-19T12:15:00.000,UNABLE TO DETERMINE,NOT APPLICABLE,251,W,26TH ST,914,,,,,,,2,NO INDICATION OF INJURY,0.0,0.0,0.0,0.0,0.0,1.0,0.0,11,2,5,41.8453870126,-87.6338796502,POINT (-87.633879650154 41.845387012599)
2066179,1b70617655a5175ad944f7549e0099dead9d949139cf3c99153570b94e4a75cda198c72ef4a532e637086cde951b5f7923071b0b891ccb3222de38c660e6dac0,2025-05-19T11:15:00.000,2,PARKED,,1969597.0,,TOYOTA,AVALON,IL,2012.0,NONE,PASSENGER,PERSONAL,E,PARKED,,,0.0,,,,,,,,,,Y,Y,,,,,,REAR-LEFT-CORNER,,,,,,,,,,,,,,,,,,,,,,,,,,2025-05-19T11:15:00.000,30,NO CONTROLS,NO CONTROLS,CLEAR,DAYLIGHT,PARKED MOTOR VEHICLE,NOT DIVIDED,STRAIGHT AND LEVEL,DRY,NO DEFECTS,NOT ON SCENE (DESK REPORT),NO INJURY / DRIVE AWAY,,,Y,"OVER $1,500",2025-05-19T12:15:00.000,UNABLE TO DETERMINE,NOT APPLICABLE,251,W,26TH ST,914,,,,,,,2,NO INDICATION OF INJURY,0.0,0.0,0.0,0.0,0.0,1.0,0.0,11,2,5,41.8453870126,-87.6338796502,POINT (-87.633879650154 41.845387012599)
2066174,fa5539827d5c5df461bb29665a56172f6e6d9cac5562f9114a0551730ef50f6f3b56764a837d97b89efcda1b64a2c82575f0f8e36b17fc09b43559076f377bdf,2025-05-19T11:15:00.000,1,DRIVER,,1969593.0,,DODGE,DURANGO,IL,2023.0,NONE,PASSENGER,PERSONAL,E,STRAIGHT AHEAD,,,1.0,,,,,,,,,,,,,,,Y,,FRONT,,,,,,,,,,,,,,,,,,,,,,,,,,2025-05-19T11:15:00.000,30,NO CONTROLS,NO CONTROLS,CLEAR,DAYLIGHT,REAR END,DIVIDED - W/MEDIAN (NOT RAISED),STRAIGHT AND LEVEL,DRY,NO DEFECTS,NOT ON SCENE (DESK REPORT),NO INJURY / DRIVE AWAY,,,,"$501 - $1,500",2025-05-19T12:11:00.000,UNABLE TO DETERMINE,NOT APPLICABLE,601,E,71ST ST,323,,,,,,,2,NO INDICATION OF INJURY,0.0,0.0,0.0,0.0,0.0,3.0,0.0,11,2,5,41.7656851044,-87.610365199,POINT (-87.610365199016 41.765685104445)
2066175,fa5539827d5c5df461bb29665a56172f6e6d9cac5562f9114a0551730ef50f6f3b56764a837d97b89efcda1b64a2c82575f0f8e36b17fc09b43559076f377bdf,2025-05-19T11:15:00.000,2,DRIVER,1.0,1969596.0,,HYUNDAI,KONA,IL,2024.0,NONE,PASSENGER,PERSONAL,E,STRAIGHT AHEAD,,,2.0,,,,,,,,,Y,,,,,,,,REAR,,,,,,,,,,,,,,,,,,,,,,,,,,2025-05-19T11:15:00.000,30,NO CONTROLS,NO CONTROLS,CLEAR,DAYLIGHT,REAR END,DIVIDED - W/MEDIAN (NOT RAISED),STRAIGHT AND LEVEL,DRY,NO DEFECTS,NOT ON SCENE (DESK REPORT),NO INJURY / DRIVE AWAY,,,,"$501 - $1,500",2025-05-19T12:11:00.000,UNABLE TO DETERMINE,NOT APPLICABLE,601,E,71ST ST,323,,,,,,,2,NO INDICATION OF INJURY,0.0,0.0,0.0,0.0,0.0,3.0,0.0,11,2,5,41.7656851044,-87.610365199,POINT (-87.610365199016 41.765685104445)
2066274,f21bb14fb980923f15832243296f90d27aa1125a7c0f1e2895107aff5250790c603018bf6fff7cb262c609822efebc857689093e2af7b93cab893cfde7c885f1,2025-05-19T11:08:00.000,1,DRIVER,,1969711.0,,FREIGHTLINER CORPORATION,FREIGHTLINER CORP.,IL,2019.0,NONE,TRUCK - SINGLE UNIT,OTHER,E,OTHER,,,1.0,,,,Y,,,,,,,,,,N,,,FRONT-RIGHT-CORNER,,,,,,,,,,,,,,,,,,,,,,,,,,2025-05-19T11:08:00.000,30,NO CONTROLS,NO CONTROLS,CLEAR,DAYLIGHT,PARKED MOTOR VEHICLE,DIVIDED - W/MEDIAN (NOT RAISED),STRAIGHT AND LEVEL,DRY,NO DEFECTS,NOT ON SCENE (DESK REPORT),NO INJURY / DRIVE AWAY,,,,$500 OR LESS,2025-05-19T15:05:00.000,IMPROPER LANE USAGE,DRIVING SKILLS/KNOWLEDGE/EXPERIENCE,375,E,CHICAGO AVE,1833,,,,,,,2,NO INDICATION OF INJURY,0.0,0.0,0.0,0.0,0.0,1.0,0.0,11,2,5,41.8967201137,-87.6175675066,POINT (-87.617567506554 41.896720113748)
2066275,f21bb14fb980923f15832243296f90d27aa1125a7c0f1e2895107aff5250790c603018bf6fff7cb262c609822efebc857689093e2af7b93cab893cfde7c885f1,2025-05-19T11:08:00.000,2,PARKED,,1969720.0,,FREIGHTLINER CORPORATION,FREIGHTLINER CORP.,IL,2025.0,NONE,TRUCK - SINGLE UNIT,OTHER,UNKNOWN,PARKED,,,0.0,,,,,,,,,,,,,,Y,,,SIDE-LEFT-FRONT,,,,,,,,,,,,,,,,,,,,,,,,,,2025-05-19T11:08:00.000,30,NO CONTROLS,NO CONTROLS,CLEAR,DAYLIGHT,PARKED MOTOR VEHICLE,DIVIDED - W/MEDIAN (NOT RAISED),STRAIGHT AND LEVEL,DRY,NO DEFECTS,NOT ON SCENE (DESK REPORT),NO INJURY / DRIVE AWAY,,,,$500 OR LESS,2025-05-19T15:05:00.000,IMPROPER LANE USAGE,DRIVING SKILLS/KNOWLEDGE/EXPERIENCE,375,E,CHICAGO AVE,1833,,,,,,,2,NO INDICATION OF INJURY,0.0,0.0,0.0,0.0,0.0,1.0,0.0,11,2,5,41.8967201137,-87.6175675066,POINT (-87.617567506554 41.896720113748)
2066309,2a99b0ffecd83fb0bf14f3905aa2b95e168e912c7345c1f54d9afd592785118d8387f1edd326f764e2b458fdafa94ec06ce446bf95dced64d1fe7532468cfab7,2025-05-19T11:00:00.000,1,DRIVER,,1969724.0,,CHEVROLET,OTHER (EXPLAIN IN NARRATIVE),IL,2012.0,UNKNOWN,PASSENGER,PERSONAL,UNKNOWN,OTHER,,,1.0,,,,,,,,Y,Y,Y,,,,,,,REAR,,,,,,,,,,,,,,,,,,,,,,,,,,2025-05-19T11:00:00.000,30,NO CONTROLS,NO CONTROLS,CLEAR,DAYLIGHT,PARKED MOTOR VEHICLE,UNKNOWN,STRAIGHT AND LEVEL,DRY,NO DEFECTS,NOT ON SCENE (DESK REPORT),NO INJURY / DRIVE AWAY,,,,"OVER $1,500",2025-05-19T15:45:00.000,IMPROPER BACKING,NOT APPLICABLE,8154,S,DREXEL AVE,631,,,,,,,2,NO INDICATION OF INJURY,0.0,0.0,0.0,0.0,0.0,1.0,0.0,11,2,5,41.7460265175,-87.6027522476,POINT (-87.602752247594 41.746026517496)
2066310,2a99b0ffecd83fb0bf14f3905aa2b95e168e912c7345c1f54d9afd592785118d8387f1edd326f764e2b458fdafa94ec06ce446bf95dced64d1fe7532468cfab7,2025-05-19T11:00:00.000,2,PARKED,,1969731.0,,VOLKSWAGEN,TIGUAN,IL,2023.0,NONE,SPORT UTILITY VEHICLE (SUV),NOT IN USE,UNKNOWN,PARKED,,,0.0,,,,Y,,,,,,,,,,Y,Y,,FRONT,,,,,,,,,,,,,,,,,,,,,,,,,,2025-05-19T11:00:00.000,30,NO CONTROLS,NO CONTROLS,CLEAR,DAYLIGHT,PARKED MOTOR VEHICLE,UNKNOWN,STRAIGHT AND LEVEL,DRY,NO DEFECTS,NOT ON SCENE (DESK REPORT),NO INJURY / DRIVE AWAY,,,,"OVER $1,500",2025-05-19T15:45:00.000,IMPROPER BACKING,NOT APPLICABLE,8154,S,DREXEL AVE,631,,,,,,,2,NO INDICATION OF INJURY,0.0,0.0,0.0,0.0,0.0,1.0,0.0,11,2,5,41.7460265175,-87.6027522476,POINT (-87.602752247594 41.746026517496)
2066191,b7403971078f2ad87cf7188406a5eabd84b34577526e38cb3bde8b2d34a77e46f440640b269b06c30123b37c53c42c6c7244deb01be889296b6cdd4ae8ee284a,2025-05-19T11:00:00.000,1,DRIVER,,1969607.0,,PONTIAC,G6,IL,2008.0,NONE,PASSENGER,PERSONAL,S,STRAIGHT AHEAD,,,1.0,,,,Y,,,,,,,,,,Y,Y,,FRONT,,,,,,,,,,,,,,,,,,,,,,,,,,2025-05-19T11:00:00.000,20,NO CONTROLS,NO CONTROLS,CLEAR,DAYLIGHT,FIXED OBJECT,OTHER,STRAIGHT AND LEVEL,DRY,NO DEFECTS,ON SCENE,NO INJURY / DRIVE AWAY,,Y,,"OVER $1,500",2025-05-19T11:06:00.000,UNABLE TO DETERMINE,NOT APPLICABLE,2701,W,68TH ST,831,,,,,,,1,NO INDICATION OF INJURY,0.0,0.0,0.0,0.0,0.0,1.0,0.0,11,2,5,41.7699292423,-87.6908413389,POINT (-87.690841338941 41.769929242296)
2066192,cbb34d759dd648f3ed48a83d7601fc90713f8dabb46746997a7f7716d4efc49979b4437ccd671f817a8a3a45935cd283445ac00afa2afa2aefb2cdfa18b69cd9,2025-05-19T11:00:00.000,1,DRIVER,,1969613.0,,CHEVROLET,MALIBU,WI,2011.0,BRAKES,PASSENGER,PERSONAL,S,STRAIGHT AHEAD,Y,,1.0,,,,Y,Y,,,,,,,,,,Y,,FRONT-RIGHT-CORNER,,,,,,,,,,,,,,,,,,,,,,,,,,2025-05-19T11:00:00.000,30,NO CONTROLS,NO CONTROLS,CLOUDY/OVERCAST,DAYLIGHT,PARKED MOTOR VEHICLE,NOT DIVIDED,STRAIGHT AND LEVEL,UNKNOWN,UNKNOWN,ON SCENE,INJURY AND / OR TOW DUE TO CRASH,,,,"OVER $1,500",2025-05-19T11:09:00.000,EQUIPMENT - VEHICLE CONDITION,EQUIPMENT - VEHICLE CONDITION,2310,S,HOYNE AVE,1034,,,,,,,3,NO INDICATION OF INJURY,0.0,0.0,0.0,0.0,0.0,1.0,0.0,11,2,5,41.8499647518,-87.6783829636,POINT (-87.678382963575 41.849964751849)
2066193,cbb34d759dd648f3ed48a83d7601fc90713f8dabb46746997a7f7716d4efc49979b4437ccd671f817a8a3a45935cd283445ac00afa2afa2aefb2cdfa18b69cd9,2025-05-19T11:00:00.000,2,PARKED,,1969617.0,,HONDA,CIVIC,IL,2007.0,UNKNOWN,PASSENGER,PERSONAL,S,PARKED,,,0.0,,,,,,,,,,,,,Y,Y,,,FRONT-LEFT-CORNER,,,,,,,,,,,,,,,,,,,,,,,,,,2025-05-19T11:00:00.000,30,NO CONTROLS,NO CONTROLS,CLOUDY/OVERCAST,DAYLIGHT,PARKED MOTOR VEHICLE,NOT DIVIDED,STRAIGHT AND LEVEL,UNKNOWN,UNKNOWN,ON SCENE,INJURY AND / OR TOW DUE TO CRASH,,,,"OVER $1,500",2025-05-19T11:09:00.000,EQUIPMENT - VEHICLE CONDITION,EQUIPMENT - VEHICLE CONDITION,2310,S,HOYNE AVE,1034,,,,,,,3,NO INDICATION OF INJURY,0.0,0.0,0.0,0.0,0.0,1.0,0.0,11,2,5,41.8499647518,-87.6783829636,POINT (-87.678382963575 41.849964751849)
2066194,cbb34d759dd648f3ed48a83d7601fc90713f8dabb46746997a7f7716d4efc49979b4437ccd671f817a8a3a45935cd283445ac00afa2afa2aefb2cdfa18b69cd9,2025-05-19T11:00:00.000,3,PARKED,,1969619.0,,HONDA,CIVIC,IL,2016.0,UNKNOWN,PASSENGER,PERSONAL,S,PARKED,,,0.0,,,,,,,,,,Y,Y,,N,N,,,REAR-LEFT-CORNER,,,,,,,,,,,,,,,,,,,,,,,,,,2025-05-19T11:00:00.000,30,NO CONTROLS,NO CONTROLS,CLOUDY/OVERCAST,DAYLIGHT,PARKED MOTOR VEHICLE,NOT DIVIDED,STRAIGHT AND LEVEL,UNKNOWN,UNKNOWN,ON SCENE,INJURY AND / OR TOW DUE TO CRASH,,,,"OVER $1,500",2025-05-19T11:09:00.000,EQUIPMENT - VEHICLE CONDITION,EQUIPMENT - VEHICLE CONDITION,2310,S,HOYNE AVE,1034,,,,,,,3,NO INDICATION OF INJURY,0.0,0.0,0.0,0.0,0.0,1.0,0.0,11,2,5,41.8499647518,-87.6783829636,POINT (-87.678382963575 41.849964751849)