crash_unit_id,crash_record_id,crash_date_left,unit_no,unit_type,num_passengers,vehicle_id,cmrc_veh_i,make,model,lic_plate_state,vehicle_year,vehicle_defect,vehicle_type,vehicle_use,travel_direction,maneuver,towed_i,fire_i,occupant_cnt,towed_by,towed_to,area_00_i,area_01_i,area_02_i,area_03_i,area_04_i,area_05_i,area_06_i,area_07_i,area_08_i,area_09_i,area_10_i,area_11_i,area_12_i,area_99_i,first_contact_point,cmv_id,usdot_no,commercial_src,gvwr,carrier_name,carrier_state,carrier_city,hazmat_placards_i,hazmat_present_i,hazmat_report_i,mcs_report_i,hazmat_vio_cause_crash_i,mcs_vio_cause_crash_i,idot_permit_no,trailer1_width,trailer2_width,trailer1_length,axle_cnt,vehicle_config,cargo_body_type,load_type,hazmat_out_of_service_i,mcs_out_of_service_i,hazmat_class,crash_date_est_i,crash_date_right,posted_speed_limit,traffic_control_device,device_condition,weather_condition,lighting_condition,first_crash_type,trafficway_type,alignment,roadway_surface_cond,road_defect,report_type,crash_type,intersection_related_i,private_property_i,hit_and_run_i,damage,date_police_notified,prim_contributory_cause,sec_contributory_cause,street_no,street_direction,street_name,beat_of_occurrence,photos_taken_i,statements_taken_i,dooring_i,work_zone_i,work_zone_type,workers_present_i,num_units,most_severe_injury,injuries_total,injuries_fatal,injuries_incapacitating,injuries_non_incapacitating,injuries_reported_not_evident,injuries_no_indication,injuries_unknown,crash_hour,crash_day_of_week,crash_month,latitude,longitude,location
2066154,d4fe8186768e5e68e7f4a212400c0e9a5d5143c35056e9fd284175b046953230b3ccdb97af34dd0dcc84f116dcb50a97298b51cd248df042724c29409d65b246,2025-05-19T11:00:00.000,1,DRIVER,,1969573.0,N,"WRIGHT INDUSTRIES, INC. - HUNTER'S DREAM","HUNTER'S DREAM (MFD. BY WRIGHT INDUSTRIES, INC.)",IL,2021.0,NONE,OTHER,PERSONAL,S,OTHER,,,1.0,,,,,,,,Y,,,,,,,,,SIDE-RIGHT-REAR,,,,,,,,,,,,,,,,,,,,,,,,,,2025-05-19T11:00:00.000,30,NO CONTROLS,NO CONTROLS,CLEAR,DAYLIGHT,ANGLE,NOT DIVIDED,STRAIGHT AND LEVEL,DRY,NO DEFECTS,ON SCENE,NO INJURY / DRIVE AWAY,,,,"OVER $1,500",2025-05-19T11:05:00.000,FAILING TO YIELD RIGHT-OF-WAY,NOT APPLICABLE,1415,W,79TH ST,612,,,,,,,2,NO INDICATION OF INJURY,0.0,0.0,0.0,0.0,0.0,2.0,0.0,11,2,5,41.750307763,-87.659234467,POINT (-87.659234466968 41.750307763011)
2066155,d4fe8186768e5e68e7f4a212400c0e9a5d5143c35056e9fd284175b046953230b3ccdb97af34dd0dcc84f116dcb50a97298b51cd248df042724c29409d65b246,2025-05-19T11:00:00.000,2,DRIVER,,1969581.0,,HONDA,ACCORD,IL,2018.0,NONE,PASSENGER,PERSONAL,E,STRAIGHT AHEAD,,,1.0,,,,,,,,,,,,,,Y,,,FRONT-LEFT-CORNER,,,,,,,,,,,,,,,,,,,,,,,,,,2025-05-19T11:00:00.000,30,NO CONTROLS,NO CONTROLS,CLEAR,DAYLIGHT,ANGLE,NOT DIVIDED,STRAIGHT AND LEVEL,DRY,NO DEFECTS,ON SCENE,NO INJURY / DRIVE AWAY,,,,"OVER $1,500",2025-05-19T11:05:00.000,FAILING TO YIELD RIGHT-OF-WAY,NOT APPLICABLE,1415,W,79TH ST,612,,,,,,,2,NO INDICATION OF INJURY,0.0,0.0,0.0,0.0,0.0,2.0,0.0,11,2,5,41.750307763,-87.659234467,POINT (-87.659234466968 41.750307763011)
2066166,2d86bf3aa1512e20152d5e4d95b918440cfa17f74912ca37431801dd7251c7f47f1a8b6c1e6a7d0d68f42632c8d0b7d990f01340615afb008555035ae039a0c8,2025-05-19T10:56:00.000,1,DRIVER,,1969589.0,N,FREIGHTLINER CORPORATION,OTHER (EXPLAIN IN NARRATIVE),IL,2018.0,UNKNOWN,TRACTOR W/ SEMI-TRAILER,UNKNOWN/NA,W,STRAIGHT AHEAD,,,1.0,,,,Y,,,,,,,,,,Y,Y,,FRONT,,,,,,,,,,,,,,,,,,,,,,,,,,2025-05-19T10:56:00.000,30,TRAFFIC SIGNAL,FUNCTIONING PROPERLY,CLEAR,DAYLIGHT,REAR END,FOUR WAY,STRAIGHT AND LEVEL,DRY,NO DEFECTS,ON SCENE,NO INJURY / DRIVE AWAY,Y,,,"OVER $1,500",2025-05-19T11:06:00.000,FOLLOWING TOO CLOSELY,NOT APPLICABLE,3230,W,79TH ST,835,,,,,,,2,NO INDICATION OF INJURY,0.0,0.0,0.0,0.0,0.0,2.0,0.0,10,2,5,41.7499467542,-87.7036818715,POINT (-87.70368187148 41.749946754208)
2066167,2d86bf3aa1512e20152d5e4d95b918440cfa17f74912ca37431801dd7251c7f47f1a8b6c1e6a7d0d68f42632c8d0b7d990f01340615afb008555035ae039a0c8,2025-05-19T10:56:00.000,2,DRIVER,,1969594.0,,CHEVROLET,MALIBU,IL,2014.0,UNKNOWN,PASSENGER,PERSONAL,W,STRAIGHT AHEAD,,,1.0,,,,,,,,Y,Y,Y,,,,,,,REAR,,,,,,,,,,,,,,,,,,,,,,,,,,2025-05-19T10:56:00.000,30,TRAFFIC SIGNAL,FUNCTIONING PROPERLY,CLEAR,DAYLIGHT,REAR END,FOUR WAY,STRAIGHT AND LEVEL,DRY,NO DEFECTS,ON SCENE,NO INJURY / DRIVE AWAY,Y,,,"OVER $1,500",2025-05-19T11:06:00.000,FOLLOWING TOO CLOSELY,NOT APPLICABLE,3230,W,79TH ST,835,,,,,,,2,NO INDICATION OF INJURY,0.0,0.0,0.0,0.0,0.0,2.0,0.0,10,2,5,41.7499467542,-87.7036818715,POINT (-87.70368187148 41.749946754208)
2066145,9b129bca8ed8c469dc476779d55a200e6c1f8319629e12f1993b96745ff550f1124e35812f9082c7e3e0f2051828bc8287a79441d90ad1a63389753d58b7b963,2025-05-19T10:47:00.000,1,DRIVER,,1969557.0,,UNKNOWN,OTHER (EXPLAIN IN NARRATIVE),,,UNKNOWN,UNKNOWN/NA,UNKNOWN/NA,E,STRAIGHT AHEAD,,,1.0,,,,,,,,,,,,,,,,,FRONT,,,,,,,,,,,,,,,,,,,,,,,,,Y,2025-05-19T10:47:00.000,20,TRAFFIC SIGNAL,FUNCTIONING PROPERLY,CLEAR,DAYLIGHT,REAR END,DIVIDED - W/MEDIAN (NOT RAISED),STRAIGHT AND LEVEL,DRY,NO DEFECTS,NOT ON SCENE (DESK REPORT),NO INJURY / DRIVE AWAY,,,Y,"OVER $1,500",2025-05-19T11:18:00.000,UNABLE TO DETERMINE,UNABLE TO DETERMINE,5201,W,WASHINGTON BLVD,1522,,,,,,,2,NO INDICATION OF INJURY,0.0,0.0,0.0,0.0,0.0,2.0,0.0,10,2,5,41.8822574832,-87.7552059108,POINT (-87.75520591084 41.882257483172)
2066146,9b129bca8ed8c469dc476779d55a200e6c1f8319629e12f1993b96745ff550f1124e35812f9082c7e3e0f2051828bc8287a79441d90ad1a63389753d58b7b963,2025-05-19T10:47:00.000,2,DRIVER,,1969564.0,,ACURA,RL,IL,2024.0,NONE,SPORT UTILITY VEHICLE (SUV),PERSONAL,E,SLOW/STOP IN TRAFFIC,,,1.0,,,,,,,,,,,,,,,,,REAR,,,,,,,,,,,,,,,,,,,,,,,,,Y,2025-05-19T10:47:00.000,20,TRAFFIC SIGNAL,FUNCTIONING PROPERLY,CLEAR,DAYLIGHT,REAR END,DIVIDED - W/MEDIAN (NOT RAISED),STRAIGHT AND LEVEL,DRY,NO DEFECTS,NOT ON SCENE (DESK REPORT),NO INJURY / DRIVE AWAY,,,Y,"OVER $1,500",2025-05-19T11:18:00.000,UNABLE TO DETERMINE,UNABLE TO DETERMINE,5201,W,WASHINGTON BLVD,1522,,,,,,,2,NO INDICATION OF INJURY,0.0,0.0,0.0,0.0,0.0,2.0,0.0,10,2,5,41.8822574832,-87.7552059108,POINT (-87.75520591084 41.882257483172)
2066186,040a927e0a9dc0258f799d1e85d7e2d9c6faade86a1d429f6c1795dabfcff5032c1647a7ed231179c139b2bce68858432c7c9033ec9fec6b3f3341b609a953c5,2025-05-19T10:45:00.000,1,DRIVER,,1969608.0,,HONDA,CR-V,IL,2009.0,UNKNOWN,SPORT UTILITY VEHICLE (SUV),PERSONAL,E,OTHER,Y,,1.0,,,,Y,,,Y,,,,,,,Y,Y,,FRONT,,,,,,,,,,,,,,,,,,,,,,,,,,2025-05-19T10:45:00.000,30,NO CONTROLS,NO CONTROLS,CLEAR,DAYLIGHT,FIXED OBJECT,PARKING LOT,STRAIGHT AND LEVEL,DRY,UNKNOWN,ON SCENE,INJURY AND / OR TOW DUE TO CRASH,,Y,,"OVER $1,500",2025-05-19T11:50:00.000,UNABLE TO DETERMINE,UNABLE TO DETERMINE,5501,S,HARLEM AVE,811,,,,,,,1,"REPORTED, NOT EVIDENT",1.0,0.0,0.0,0.0,1.0,0.0,0.0,10,2,5,41.7918520654,-87.8013777989,POINT (-87.801377798929 41.79185206544)
2066195,484d89c3d51c98dcf3417a6052e9e381398dca5c9fc0b7583e7e268b8844331408e6248ba5957b773932ee22d75f3d363e1868da0787fc84caf95a032171d45f,2025-05-19T10:32:00.000,1,DRIVER,3.0,1969609.0,,CHEVROLET,CRUZE,IL,2014.0,NONE,PASSENGER,PERSONAL,NE,TURNING LEFT,,,4.0,,,,,,,,,,,,,Y,Y,Y,,FRONT-LEFT-CORNER,,,,,,,,,,,,,,,,,,,,,,,,,,2025-05-19T10:32:00.000,30,TRAFFIC SIGNAL,NO CONTROLS,CLEAR,DAYLIGHT,TURNING,"FIVE POINT, OR MORE",STRAIGHT AND LEVEL,DRY,NO DEFECTS,ON SCENE,INJURY AND / OR TOW DUE TO CRASH,Y,,,"OVER $1,500",2025-05-19T10:35:00.000,UNABLE TO DETERMINE,UNABLE TO DETERMINE,2400,W,COLUMBUS AVE,835,,,,,,,2,NO INDICATION OF INJURY,0.0,0.0,0.0,0.0,0.0,5.0,0.0,10,2,5,41.7591585122,-87.6832325229,POINT (-87.683232522892 41.759158512238)
2066196,484d89c3d51c98dcf3417a6052e9e381398dca5c9fc0b7583e7e268b8844331408e6248ba5957b773932ee22d75f3d363e1868da0787fc84caf95a032171d45f,2025-05-19T10:32:00.000,2,DRIVER,,1969615.0,,HYUNDAI,SANTA FE,IL,2010.0,NONE,SPORT UTILITY VEHICLE (SUV),PERSONAL,S,STRAIGHT AHEAD,Y,,1.0,OWNER,UNK,,Y,Y,,,,,,,,,,Y,,FRONT-RIGHT-CORNER,,,,,,,,,,,,,,,,,,,,,,,,,,2025-05-19T10:32:00.000,30,TRAFFIC SIGNAL,NO CONTROLS,CLEAR,DAYLIGHT,TURNING,"FIVE POINT, OR MORE",STRAIGHT AND LEVEL,DRY,NO DEFECTS,ON SCENE,INJURY AND / OR TOW DUE TO CRASH,Y,,,"OVER $1,500",2025-05-19T10:35:00.000,UNABLE TO DETERMINE,UNABLE TO DETERMINE,2400,W,COLUMBUS AVE,835,,,,,,,2,NO INDICATION OF INJURY,0.0,0.0,0.0,0.0,0.0,5.0,0.0,10,2,5,41.7591585122,-87.6832325229,POINT (-87.683232522892 41.759158512238)
2066209,11ab7123de1be4cf27200be5c96d31bf64622d11be9b7b2f3f5b4fdf0e71458f736b3e5efd99a5006e387a78adb56cc400302b8eaa37809407323b92f6de956a,2025-05-19T10:30:00.000,1,DRIVER,,1969632.0,,NISSAN,ALTIMA,IL,,NONE,PASSENGER,UNKNOWN/NA,E,CHANGING LANES,,,1.0,,,,,,,,,,,,,,,,Y,FRONT-LEFT-CORNER,,,,,,,,,,,,,,,,,,,,,,,,,,2025-05-19T10:30:00.000,30,NO CONTROLS,NO CONTROLS,CLEAR,DAYLIGHT,SIDESWIPE SAME DIRECTION,NOT DIVIDED,STRAIGHT AND LEVEL,DRY,NO DEFECTS,NOT ON SCENE (DESK REPORT),NO INJURY / DRIVE AWAY,,,Y,"$501 - $1,500",2025-05-19T13:18:00.000,IMPROPER OVERTAKING/PASSING,NOT APPLICABLE,4332,W,59TH ST,813,,,,,,,2,NO INDICATION OF INJURY,0.0,0.0,0.0,0.0,0.0,2.0,0.0,10,2,5,41.7859587457,-87.7314558092,POINT (-87.731455809184 41.785958745665)
2066210,11ab7123de1be4cf27200be5c96d31bf64622d11be9b7b2f3f5b4fdf0e71458f736b3e5efd99a5006e387a78adb56cc400302b8eaa37809407323b92f6de956a,2025-05-19T10:30:00.000,2,DRIVER,,1969628.0,,CHEVROLET,TRAX,IL,2025.0,NONE,SPORT UTILITY VEHICLE (SUV),PERSONAL,E,STRAIGHT AHEAD,,,1.0,,,,Y,Y,Y,,,,,,,,,,,SIDE-RIGHT,,,,,,,,,,,,,,,,,,,,,,,,,,2025-05-19T10:30:00.000,30,NO CONTROLS,NO CONTROLS,CLEAR,DAYLIGHT,SIDESWIPE SAME DIRECTION,NOT DIVIDED,STRAIGHT AND LEVEL,DRY,NO DEFECTS,NOT ON SCENE (DESK REPORT),NO INJURY / DRIVE AWAY,,,Y,"$501 - $1,500",2025-05-19T13:18:00.000,IMPROPER OVERTAKING/PASSING,NOT APPLICABLE,4332,W,59TH ST,813,,,,,,,2,NO INDICATION OF INJURY,0.0,0.0,0.0,0.0,0.0,2.0,0.0,10,2,5,41.7859587457,-87.7314558092,POINT (-87.731455809184 41.785958745665)
2066134,36ad9e8d91e40020b7a98e7aefe73b924b29ff190030d56ed20a35ef90feb44762d91568dcc7ab946769cc3b8170ca5ca61d34a2cbcf7be37f612f48c546f21d,2025-05-19T10:22:00.000,1,DRIVER,1.0,1969556.0,,SUBARU,ASCENT,IL,2020.0,UNKNOWN,SPORT UTILITY VEHICLE (SUV),RIDESHARE SERVICE,S,STRAIGHT AHEAD,,,2.0,,,,Y,,,,,,,,,,,,,FRONT-RIGHT-CORNER,,,,,,,,,,,,,,,,,,,,,,,,,,2025-05-19T10:22:00.000,30,TRAFFIC SIGNAL,FUNCTIONING PROPERLY,CLEAR,DAYLIGHT,REAR END,NOT DIVIDED,STRAIGHT AND LEVEL,DRY,UNKNOWN,ON SCENE,NO INJURY / DRIVE AWAY,,,,"OVER $1,500",2025-05-19T10:24:00.000,FOLLOWING TOO CLOSELY,NOT APPLICABLE,599,S,CLARK ST,123,,,,,,,2,NO INDICATION OF INJURY,0.0,0.0,0.0,0.0,0.0,4.0,0.0,10,2,5,41.8745779986,-87.6305299137,POINT (-87.630529913703 41.874577998557)
2066135,36ad9e8d91e40020b7a98e7aefe73b924b29ff190030d56ed20a35ef90feb44762d91568dcc7ab946769cc3b8170ca5ca61d34a2cbcf7be37f612f48c546f21d,2025-05-19T10:22:00.000,2,DRIVER,1.0,1969559.0,,SUBARU,LEGACY,IL,2022.0,UNKNOWN,PASSENGER,RIDESHARE SERVICE,S,STRAIGHT AHEAD,,,2.0,,,,,,,,,,Y,,,,,,,REAR-LEFT-CORNER,,,,,,,,,,,,,,,,,,,,,,,,,,2025-05-19T10:22:00.000,30,TRAFFIC SIGNAL,FUNCTIONING PROPERLY,CLEAR,DAYLIGHT,REAR END,NOT DIVIDED,STRAIGHT AND LEVEL,DRY,UNKNOWN,ON SCENE,NO INJURY / DRIVE AWAY,,,,"OVER $1,500",2025-05-19T10:24:00.000,FOLLOWING TOO CLOSELY,NOT APPLICABLE,599,S,CLARK ST,123,,,,,,,2,NO INDICATION OF INJURY,0.0,0.0,0.0,0.0,0.0,4.0,0.0,10,2,5,41.8745779986,-87.6305299137,POINT (-87.630529913703 41.874577998557)
2066156,083e01cea778a71c44bac20eba3530f2cd9c4815b30d237d9a1365dce08b689f27345eb85a41de44d5a6f73e1607c0d056cf1e3bf47c11e466635263ee803fa5,2025-05-19T10:15:00.000,1,DRIVER,,1969571.0,,FORD,ECONOLINE E450,AZ,2025.0,NONE,TRUCK - SINGLE UNIT,OTHER,UNKNOWN,PASSING/OVERTAKING,,,1.0,,,,,,,,,,,,Y,,,,,SIDE-LEFT,,,,,,,,,,,,,,,,,,,,,,,,,,2025-05-19T10:15:00.000,30,NO CONTROLS,NO CONTROLS,CLEAR,DAYLIGHT,PARKED MOTOR VEHICLE,OTHER,STRAIGHT AND LEVEL,DRY,NO DEFECTS,NOT ON SCENE (DESK REPORT),NO INJURY / DRIVE AWAY,,Y,,"OVER $1,500",2025-05-19T11:39:00.000,IMPROPER OVERTAKING/PASSING,NOT APPLICABLE,1221,S,WABASH AVE,131,,,,,,,2,NO INDICATION OF INJURY,0.0,0.0,0.0,0.0,0.0,2.0,0.0,10,2,5,41.8668314544,-87.625669609,POINT (-87.625669608957 41.866831454439)
2066157,083e01cea778a71c44bac20eba3530f2cd9c4815b30d237d9a1365dce08b689f27345eb85a41de44d5a6f73e1607c0d056cf1e3bf47c11e466635263ee803fa5,2025-05-19T10:15:00.000,2,PARKED,1.0,1969575.0,,FORD,EDGE,IL,2010.0,NONE,PASSENGER,PERSONAL,UNKNOWN,PARKED,,,1.0,,,,Y,,,,,,,,,,,,,FRONT-RIGHT-CORNER,,,,,,,,,,,,,,,,,,,,,,,,,,2025-05-19T10:15:00.000,30,NO CONTROLS,NO CONTROLS,CLEAR,DAYLIGHT,PARKED MOTOR VEHICLE,OTHER,STRAIGHT AND LEVEL,DRY,NO DEFECTS,NOT ON SCENE (DESK REPORT),NO INJURY / DRIVE AWAY,,Y,,"OVER $1,500",2025-05-19T11:39:00.000,IMPROPER OVERTAKING/PASSING,NOT APPLICABLE,1221,S,WABASH AVE,131,,,,,,,2,NO INDICATION OF INJURY,0.0,0.0,0.0,0.0,0.0,2.0,0.0,10,2,5,41.8668314544,-87.625669609,POINT (-87.625669608957 41.866831454439)
2066143,b6067f0406d209ca1e47ba28e2b9cedec1fbfa19a9ba6a0741687f51f06a748a4f295646b9c639d85fafd0326151796fe2bcdc36001cede1c9cacc2924f94880,2025-05-19T10:07:00.000,1,DRIVER,,1969560.0,,TOYOTA,SIENNA,IL,2008.0,NONE,VAN/MINI-VAN,PERSONAL,E,TURNING LEFT,,,1.0,,,,Y,,,,,,,,,,,,,FRONT-RIGHT-CORNER,,,,,,,,,,,,,,,,,,,,,,,,,,2025-05-19T10:07:00.000,30,NO CONTROLS,NO CONTROLS,CLEAR,DAYLIGHT,TURNING,DIVIDED - W/MEDIAN (NOT RAISED),STRAIGHT AND LEVEL,DRY,NO DEFECTS,ON SCENE,NO INJURY / DRIVE AWAY,,,,"$501 - $1,500",2025-05-19T10:07:00.000,IMPROPER LANE USAGE,NOT APPLICABLE,3127,W,LAWRENCE AVE,1713,,,,,,,2,NO INDICATION OF INJURY,0.0,0.0,0.0,0.0,0.0,2.0,0.0,10,2,5,41.9683560189,-87.707194254,POINT (-87.707194253968 41.968356018924)
2066144,b6067f0406d209ca1e47ba28e2b9cedec1fbfa19a9ba6a0741687f51f06a748a4f295646b9c639d85fafd0326151796fe2bcdc36001cede1c9cacc2924f94880,2025-05-19T10:07:00.000,2,DRIVER,,1969569.0,,INFINITI,G25,,2011.0,NONE,PASSENGER,PERSONAL,W,TURNING RIGHT,,,1.0,,,,,,,,,,,,,,Y,,,FRONT-LEFT-CORNER,,,,,,,,,,,,,,,,,,,,,,,,,,2025-05-19T10:07:00.000,30,NO CONTROLS,NO CONTROLS,CLEAR,DAYLIGHT,TURNING,DIVIDED - W/MEDIAN (NOT RAISED),STRAIGHT AND LEVEL,DRY,NO DEFECTS,ON SCENE,NO INJURY / DRIVE AWAY,,,,"$501 - $1,500",2025-05-19T10:07:00.000,IMPROPER LANE USAGE,NOT APPLICABLE,3127,W,LAWRENCE AVE,1713,,,,,,,2,NO INDICATION OF INJURY,0.0,0.0,0.0,0.0,0.0,2.0,0.0,10,2,5,41.9683560189,-87.707194254,POINT (-87.707194253968 41.968356018924)
2066260,19ec45fc28abafe143169d1410c495f754d069d09759afc3494d3a2b74496610756ff2a75a8022d3cdd6abc957f0d43959a9150deedcbab468ae82c9e02baf18,2025-05-19T10:03:00.000,1,DRIVER,,1969677.0,,FORD,TRANSIT,IL,2020.0,NONE,PASSENGER,PERSONAL,W,SLOW/STOP IN TRAFFIC,,,1.0,,,Y,,,,,,,,,,,,,,FRONT,,,,,,,,,,,,,,,,,,,,,,,,,,2025-05-19T10:03:00.000,25,TRAFFIC SIGNAL,FUNCTIONING PROPERLY,SNOW,DAYLIGHT,REAR END,TRAFFIC ROUTE,STRAIGHT AND LEVEL,DRY,NO DEFECTS,NOT ON SCENE (DESK REPORT),NO INJURY / DRIVE AWAY,,,,"OVER $1,500",2025-05-19T14:48:00.000,DRIVING SKILLS/KNOWLEDGE/EXPERIENCE,NOT APPLICABLE,8700,S,HALSTED ST,2223,,,,,,,2,NO INDICATION OF INJURY,0.0,0.0,0.0,0.0,0.0,2.0,0.0,10,2,5,41.7357852665,-87.6437588296,POINT (-87.643758829628 41.735785266472)
2066261,19ec45fc28abafe143169d1410c495f754d069d09759afc3494d3a2b74496610756ff2a75a8022d3cdd6abc957f0d43959a9150deedcbab468ae82c9e02baf18,2025-05-19T10:03:00.000,2,DRIVER,,1969675.0,,UNKNOWN,OTHER (EXPLAIN IN NARRATIVE),,,NONE,UNKNOWN/NA,UNKNOWN/NA,W,SLOW/STOP IN TRAFFIC,,,1.0,,,Y,,,,,,,,,,,,,,NONE,,,,,,,,,,,,,,,,,,,,,,,,,,2025-05-19T10:03:00.000,25,TRAFFIC SIGNAL,FUNCTIONING PROPERLY,SNOW,DAYLIGHT,REAR END,TRAFFIC ROUTE,STRAIGHT AND LEVEL,DRY,NO DEFECTS,NOT ON SCENE (DESK REPORT),NO INJURY / DRIVE AWAY,,,,"OVER $1,500",2025-05-19T14:48:00.000,DRIVING SKILLS/KNOWLEDGE/EXPERIENCE,NOT APPLICABLE,8700,S,HALSTED ST,2223,,,,,,,2,NO INDICATION OF INJURY,0.0,0.0,0.0,0.0,0.0,2.0,0.0,10,2,5,41.7357852665,-87.6437588296,POINT (-87.643758829628 41.735785266472)
2066121,414cb52de8281ea1cf644cd3397aa892d562f23e77cad9b2229b31f7c041867a5d57f918b594016589122c22c5dde96f182860a8234fa5f62ddc108a15494d75,2025-05-19T10:00:00.000,1,DRIVER,,1969542.0,,HYUNDAI,SANTA FE,IL,2017.0,UNKNOWN,SPORT UTILITY VEHICLE (SUV),PERSONAL,UNKNOWN,BACKING,,,1.0,,,Y,,,,,,,,,,,,,,REAR,,,,,,,,,,,,,,,,,,,,,,,,,,2025-05-19T10:00:00.000,10,NO CONTROLS,NO CONTROLS,CLEAR,DAYLIGHT,REAR TO FRONT,PARKING LOT,STRAIGHT AND LEVEL,UNKNOWN,UNKNOWN,NOT ON SCENE (DESK REPORT),NO INJURY / DRIVE AWAY,,,,"OVER $1,500",2025-05-19T10:35:00.000,UNABLE TO DETERMINE,UNABLE TO DETERMINE,6601,W,IRVING PARK RD,1632,,,,,,,2,NO INDICATION OF INJURY,0.0,0.0,0.0,0.0,0.0,2.0,0.0,10,2,5,41.9527216579,-87.7913622126,POINT (-87.791362212628 41.952721657949)
2066122,414cb52de8281ea1cf644cd3397aa892d562f23e77cad9b2229b31f7c041867a5d57f918b594016589122c22c5dde96f182860a8234fa5f62ddc108a15494d75,2025-05-19T10:00:00.000,2,DRIVER,,1969543.0,,INFINITI,M37,IL,2011.0,UNKNOWN,PASSENGER,PERSONAL,UNKNOWN,STRAIGHT AHEAD,,,1.0,,,,Y,,,,,,,,,,,,,FRONT-RIGHT-CORNER,,,,,,,,,,,,,,,,,,,,,,,,,,2025-05-19T10:00:00.000,10,NO CONTROLS,NO CONTROLS,CLEAR,DAYLIGHT,REAR TO FRONT,PARKING LOT,STRAIGHT AND LEVEL,UNKNOWN,UNKNOWN,NOT ON SCENE (DESK REPORT),NO INJURY / DRIVE AWAY,,,,"OVER $1,500",2025-05-19T10:35:00.000,UNABLE TO DETERMINE,UNABLE TO DETERMINE,6601,W,IRVING PARK RD,1632,,,,,,,2,NO INDICATION OF INJURY,0.0,0.0,0.0,0.0,0.0,2.0,0.0,10,2,5,41.9527216579,-87.7913622126,POINT (-87.791362212628 41.952721657949)
2066139,1554a13d8f51a560d071e70c3fdbed8aa39cfd409f1209025d37ec5b0a82c5b21aa7938ce1c465533803cbf177c61b6e740ad216d8d24ff9bb097a646ba5dc21,2025-05-19T09:57:00.000,1,DRIVER,,1969558.0,,TOYOTA,TACOMA,IL,1999.0,UNKNOWN,PICKUP,PERSONAL,E,STRAIGHT AHEAD,Y,,1.0,RAPID RESPONSE TOW COMPANY,4239 N MOODY,,N,,,,,,,,,,N,Y,,FRONT,,,,,,,,,,,,,,,,,,,,,,,,,,2025-05-19T09:57:00.000,30,TRAFFIC SIGNAL,FUNCTIONING PROPERLY,CLOUDY/OVERCAST,DAYLIGHT,REAR END,DIVIDED - W/MEDIAN (NOT RAISED),STRAIGHT AND LEVEL,DRY,NO DEFECTS,ON SCENE,INJURY AND / OR TOW DUE TO CRASH,Y,,,"OVER $1,500",2025-05-19T10:03:00.000,FOLLOWING TOO CLOSELY,NOT APPLICABLE,4701,W,IRVING PARK RD,1731,,,,,,,2,NO INDICATION OF INJURY,0.0,0.0,0.0,0.0,0.0,3.0,0.0,9,2,5,41.9533348123,-87.745663882,POINT (-87.745663882042 41.953334812338)
2066140,1554a13d8f51a560d071e70c3fdbed8aa39cfd409f1209025d37ec5b0a82c5b21aa7938ce1c465533803cbf177c61b6e740ad216d8d24ff9bb097a646ba5dc21,2025-05-19T09:57:00.000,2,DRIVER,1.0,1969563.0,,TOYOTA,TACOMA,IL,2017.0,UNKNOWN,PICKUP,PERSONAL,E,SLOW/STOP IN TRAFFIC,,,2.0,,,,,,,,,Y,,,,,,,,REAR,,,,,,,,,,,,,,,,,,,,,,,,,,2025-05-19T09:57:00.000,30,TRAFFIC SIGNAL,FUNCTIONING PROPERLY,CLOUDY/OVERCAST,DAYLIGHT,REAR END,DIVIDED - W/MEDIAN (NOT RAISED),STRAIGHT AND LEVEL,DRY,NO DEFECTS,ON SCENE,INJURY AND / OR TOW DUE TO CRASH,Y,,,"OVER $1,500",2025-05-19T10:03:00.000,FOLLOWING TOO CLOSELY,NOT APPLICABLE,4701,W,IRVING PARK RD,1731,,,,,,,2,NO INDICATION OF INJURY,0.0,0.0,0.0,0.0,0.0,3.0,0.0,9,2,5,41.9533348123,-87.745663882,POINT (-87.745663882042 41.953334812338)
2066158,3505be8b381f6ce60dacc45c2376afd50f6f3430432a38e5c27f3df314169ecf493f27826005f594c1bf39b465a149638b5e7dc871a6d506de407c975a3578a0,2025-05-19T09:55:00.000,1,DRIVER,,1969577.0,,ISUZU,TRUCK,IL,2019.0,NONE,TRUCK - SINGLE UNIT,OTHER,NW,TURNING LEFT,,,1.0,,,,,,,,,,,,,,,,Y,SIDE-LEFT-REAR,,,,,,,,,,,,,,,,,,,,,,,,,,2025-05-19T09:55:00.000,30,NO CONTROLS,NO CONTROLS,CLEAR,DAYLIGHT,PARKED MOTOR VEHICLE,FOUR WAY,STRAIGHT AND LEVEL,DRY,NO DEFECTS,ON SCENE,NO INJURY / DRIVE AWAY,,,,"OVER $1,500",2025-05-19T10:30:00.000,IMPROPER TURNING/NO SIGNAL,UNABLE TO DETERMINE,2401,W,EASTWOOD AVE,1911,,,,,,,2,NO INDICATION OF INJURY,0.0,0.0,0.0,0.0,0.0,1.0,0.0,9,2,5,41.9656258127,-87.688935002,POINT (-87.688935001969 41.965625812676)