crash_unit_id,crash_record_id,crash_date_left,unit_no,unit_type,num_passengers,vehicle_id,cmrc_veh_i,make,model,lic_plate_state,vehicle_year,vehicle_defect,vehicle_type,vehicle_use,travel_direction,maneuver,towed_i,fire_i,occupant_cnt,towed_by,towed_to,area_00_i,area_01_i,area_02_i,area_03_i,area_04_i,area_05_i,area_06_i,area_07_i,area_08_i,area_09_i,area_10_i,area_11_i,area_12_i,area_99_i,first_contact_point,cmv_id,usdot_no,commercial_src,gvwr,carrier_name,carrier_state,carrier_city,hazmat_placards_i,hazmat_present_i,hazmat_report_i,mcs_report_i,hazmat_vio_cause_crash_i,mcs_vio_cause_crash_i,idot_permit_no,trailer1_width,trailer2_width,trailer1_length,axle_cnt,vehicle_config,cargo_body_type,load_type,hazmat_out_of_service_i,mcs_out_of_service_i,hazmat_class,crash_date_est_i,crash_date_right,posted_speed_limit,traffic_control_device,device_condition,weather_condition,lighting_condition,first_crash_type,trafficway_type,alignment,roadway_surface_cond,road_defect,report_type,crash_type,intersection_related_i,private_property_i,hit_and_run_i,damage,date_police_notified,prim_contributory_cause,sec_contributory_cause,street_no,street_direction,street_name,beat_of_occurrence,photos_taken_i,statements_taken_i,dooring_i,work_zone_i,work_zone_type,workers_present_i,num_units,most_severe_injury,injuries_total,injuries_fatal,injuries_incapacitating,injuries_non_incapacitating,injuries_reported_not_evident,injuries_no_indication,injuries_unknown,crash_hour,crash_day_of_week,crash_month,latitude,longitude,location
2066159,3505be8b381f6ce60dacc45c2376afd50f6f3430432a38e5c27f3df314169ecf493f27826005f594c1bf39b465a149638b5e7dc871a6d506de407c975a3578a0,2025-05-19T09:55:00.000,2,PARKED,,1969580.0,,MAZDA,CX-3,IL,2016.0,NONE,PASSENGER,NOT IN USE,W,PARKED,,,0.0,,,,,,,Y,Y,Y,Y,,,,,,,REAR,,,,,,,,,,,,,,,,,,,,,,,,,,2025-05-19T09:55:00.000,30,NO CONTROLS,NO CONTROLS,CLEAR,DAYLIGHT,PARKED MOTOR VEHICLE,FOUR WAY,STRAIGHT AND LEVEL,DRY,NO DEFECTS,ON SCENE,NO INJURY / DRIVE AWAY,,,,"OVER $1,500",2025-05-19T10:30:00.000,IMPROPER TURNING/NO SIGNAL,UNABLE TO DETERMINE,2401,W,EASTWOOD AVE,1911,,,,,,,2,NO INDICATION OF INJURY,0.0,0.0,0.0,0.0,0.0,1.0,0.0,9,2,5,41.9656258127,-87.688935002,POINT (-87.688935001969 41.965625812676)
2066313,f5473672b13d00813170d77e7c13d9b8056dac442314fcab5b6aa9ed0c6641eebefce133b8e644b0c654d34afa2c146febdb402485d8f385118f614e12ac6b29,2025-05-19T09:55:00.000,1,DRIVER,2.0,1969730.0,Y,INTERNATIONAL TRAILER CORPORATION,OTHER (EXPLAIN IN NARRATIVE),IL,2006.0,NONE,TRUCK - SINGLE UNIT,COMMERCIAL - SINGLE UNIT,W,STRAIGHT AHEAD,,,3.0,,,,,,,,,Y,,,,,,Y,Y,TOTAL (ALL AREAS),,,,,,,,,,,,,,,,,,,,,,,,,,2025-05-19T09:55:00.000,30,NO CONTROLS,NO CONTROLS,CLEAR,DAYLIGHT,FIXED OBJECT,ONE-WAY,STRAIGHT AND LEVEL,DRY,NO DEFECTS,ON SCENE,NO INJURY / DRIVE AWAY,,,,"OVER $1,500",2025-05-19T10:00:00.000,ROAD ENGINEERING/SURFACE/MARKING DEFECTS,NOT APPLICABLE,2600,W,VAN BUREN ST,1125,,,,,,,1,NO INDICATION OF INJURY,0.0,0.0,0.0,0.0,0.0,3.0,0.0,9,2,5,41.8761436054,-87.6914769611,POINT (-87.691476961092 41.876143605447)
2066123,767ef896a35b08b387e2725726dc53534a1f12d5a37ee8d1435243b5010c4b1411d02c9443dc2bdd7ace274a21af6e47705762c5ec50c680d08515f2e313016a,2025-05-19T09:46:00.000,1,DRIVER,,1969546.0,Y,AEROCAR,AEROCAR (VMA WAS AERO),TX,2005.0,NONE,TRACTOR W/ SEMI-TRAILER,PERSONAL,NW,TURNING RIGHT,,,1.0,,,,,,,Y,Y,,,,,,,,,REAR-RIGHT-CORNER,21455.0,3478247.0,,,TGR LLC,TX,LAREDO,,,,,,,,,,,,TRACTOR/SEMI-TRAILER,VAN/ENCLOSED BOX,OTHER,,,,,2025-05-19T09:46:00.000,30,STOP SIGN/FLASHER,FUNCTIONING PROPERLY,CLEAR,DAYLIGHT,TURNING,NOT DIVIDED,STRAIGHT AND LEVEL,DRY,NO DEFECTS,ON SCENE,INJURY AND / OR TOW DUE TO CRASH,,,,"OVER $1,500",2025-05-19T09:57:00.000,UNABLE TO DETERMINE,UNABLE TO DETERMINE,3225,S,WESTERN AVE,912,,,,,,,2,NO INDICATION OF INJURY,0.0,0.0,0.0,0.0,0.0,2.0,0.0,9,2,5,41.834884847,-87.6844107098,POINT (-87.684410709816 41.834884847016)
2066124,767ef896a35b08b387e2725726dc53534a1f12d5a37ee8d1435243b5010c4b1411d02c9443dc2bdd7ace274a21af6e47705762c5ec50c680d08515f2e313016a,2025-05-19T09:46:00.000,2,DRIVER,,1969553.0,,TOYOTA,TACOMA,IL,2014.0,NONE,PICKUP,PERSONAL,NW,TURNING RIGHT,Y,,1.0,private,private,,Y,Y,,,,,Y,Y,Y,Y,Y,Y,,OTHER,,,,,,,,,,,,,,,,,,,,,,,,,,2025-05-19T09:46:00.000,30,STOP SIGN/FLASHER,FUNCTIONING PROPERLY,CLEAR,DAYLIGHT,TURNING,NOT DIVIDED,STRAIGHT AND LEVEL,DRY,NO DEFECTS,ON SCENE,INJURY AND / OR TOW DUE TO CRASH,,,,"OVER $1,500",2025-05-19T09:57:00.000,UNABLE TO DETERMINE,UNABLE TO DETERMINE,3225,S,WESTERN AVE,912,,,,,,,2,NO INDICATION OF INJURY,0.0,0.0,0.0,0.0,0.0,2.0,0.0,9,2,5,41.834884847,-87.6844107098,POINT (-87.684410709816 41.834884847016)
2066116,5ebb3592989fa6f7ff530d9a119a4a971c788dc868db339fa5fdc5487839fc19795e8ae42ddac73429dd38fb51046a73ac00cf64c645fa44250babc62d3187ff,2025-05-19T09:31:00.000,1,DRIVER,,1969536.0,,JEEP,CHEROKEE,IL,2017.0,UNKNOWN,UNKNOWN/NA,UNKNOWN/NA,S,STRAIGHT AHEAD,,,1.0,,,,Y,,,,,,,,,,Y,Y,,FRONT,,,,,,,,,,,,,,,,,,,,,,,,,,2025-05-19T09:31:00.000,30,UNKNOWN,UNKNOWN,CLOUDY/OVERCAST,DUSK,REAR END,NOT DIVIDED,STRAIGHT AND LEVEL,DRY,UNKNOWN,ON SCENE,NO INJURY / DRIVE AWAY,,,,"OVER $1,500",2025-05-19T09:31:00.000,FAILING TO REDUCE SPEED TO AVOID CRASH,FAILING TO REDUCE SPEED TO AVOID CRASH,4706,N,MILWAUKEE AVE,1623,,,,,,,2,NO INDICATION OF INJURY,0.0,0.0,0.0,0.0,0.0,2.0,0.0,9,2,5,41.9657434476,-87.7590831691,POINT (-87.759083169086 41.965743447635)
2066117,5ebb3592989fa6f7ff530d9a119a4a971c788dc868db339fa5fdc5487839fc19795e8ae42ddac73429dd38fb51046a73ac00cf64c645fa44250babc62d3187ff,2025-05-19T09:31:00.000,2,DRIVER,,1969540.0,,MITSUBISHI,MIRAGE,IL,2021.0,UNKNOWN,UNKNOWN/NA,UNKNOWN/NA,S,SLOW/STOP IN TRAFFIC,,,1.0,,,,,,,,Y,Y,Y,,,,,,,REAR,,,,,,,,,,,,,,,,,,,,,,,,,,2025-05-19T09:31:00.000,30,UNKNOWN,UNKNOWN,CLOUDY/OVERCAST,DUSK,REAR END,NOT DIVIDED,STRAIGHT AND LEVEL,DRY,UNKNOWN,ON SCENE,NO INJURY / DRIVE AWAY,,,,"OVER $1,500",2025-05-19T09:31:00.000,FAILING TO REDUCE SPEED TO AVOID CRASH,FAILING TO REDUCE SPEED TO AVOID CRASH,4706,N,MILWAUKEE AVE,1623,,,,,,,2,NO INDICATION OF INJURY,0.0,0.0,0.0,0.0,0.0,2.0,0.0,9,2,5,41.9657434476,-87.7590831691,POINT (-87.759083169086 41.965743447635)
2066125,0dd44ca557f1770e01f3281b624f2466eac9a362018b57d5d5d7a86b4884eb36741219a332af13c07392c3ebbcb2f4c11b5d28771dc5060d7bb2ad3812cfefc1,2025-05-19T09:30:00.000,1,DRIVER,,1969545.0,,INTERNATIONAL TRAILER CORPORATION,INTERNATIONAL TRAILER CORP.,NC,2019.0,UNKNOWN,TRUCK - SINGLE UNIT,UNKNOWN/NA,S,STRAIGHT AHEAD,,,1.0,,,,,,,,,,,,,,,,,TOP,,,,,,,,,,,,,,,,,,,,,,,,,,2025-05-19T09:30:00.000,30,NO CONTROLS,NO CONTROLS,CLEAR,DAYLIGHT,FIXED OBJECT,DIVIDED - W/MEDIAN (NOT RAISED),STRAIGHT AND LEVEL,DRY,UNKNOWN,ON SCENE,NO INJURY / DRIVE AWAY,,,,"OVER $1,500",2025-05-19T09:45:00.000,NOT APPLICABLE,NOT APPLICABLE,8316,S,JEFFERY BLVD,414,,,,,,,1,NO INDICATION OF INJURY,0.0,0.0,0.0,0.0,0.0,1.0,0.0,9,2,5,41.7443414791,-87.5760000998,POINT (-87.576000099798 41.74434147911)
2066092,9279ad8e269350aaeda6c24a105a61b632c4a91123a93cd3d25e3632f5ffaeb26470164c21bb0d0a80bcf9538355c2df9490c2d8d5e7be1d2661f166acc24fcd,2025-05-19T09:15:00.000,1,DRIVER,,1969526.0,,HONDA,CIVIC,IL,2022.0,NONE,PASSENGER,PERSONAL,N,CHANGING LANES,,,1.0,,,,,,,,,,,,,,Y,N,,FRONT-LEFT-CORNER,,,,,,,,,,,,,,,,,,,,,,,,,,2025-05-19T09:15:00.000,35,NO CONTROLS,NO CONTROLS,CLEAR,DAYLIGHT,SIDESWIPE SAME DIRECTION,NOT DIVIDED,STRAIGHT AND LEVEL,DRY,NO DEFECTS,NOT ON SCENE (DESK REPORT),NO INJURY / DRIVE AWAY,,,,"OVER $1,500",2025-05-19T09:15:00.000,UNABLE TO DETERMINE,NOT APPLICABLE,4030,S,ASHLAND AVE,924,,,,,,,2,NO INDICATION OF INJURY,0.0,0.0,0.0,0.0,0.0,2.0,0.0,9,2,5,41.8199441805,-87.6653868039,POINT (-87.665386803936 41.819944180513)
2066093,9279ad8e269350aaeda6c24a105a61b632c4a91123a93cd3d25e3632f5ffaeb26470164c21bb0d0a80bcf9538355c2df9490c2d8d5e7be1d2661f166acc24fcd,2025-05-19T09:15:00.000,2,DRIVER,,1969532.0,,CHEVROLET,C/K 1500,IL,2015.0,NONE,PICKUP,PERSONAL,N,STRAIGHT AHEAD,,,1.0,,,,,,,,Y,Y,,,,,,,,REAR-RIGHT-CORNER,,,,,,,,,,,,,,,,,,,,,,,,,,2025-05-19T09:15:00.000,35,NO CONTROLS,NO CONTROLS,CLEAR,DAYLIGHT,SIDESWIPE SAME DIRECTION,NOT DIVIDED,STRAIGHT AND LEVEL,DRY,NO DEFECTS,NOT ON SCENE (DESK REPORT),NO INJURY / DRIVE AWAY,,,,"OVER $1,500",2025-05-19T09:15:00.000,UNABLE TO DETERMINE,NOT APPLICABLE,4030,S,ASHLAND AVE,924,,,,,,,2,NO INDICATION OF INJURY,0.0,0.0,0.0,0.0,0.0,2.0,0.0,9,2,5,41.8199441805,-87.6653868039,POINT (-87.665386803936 41.819944180513)
2066258,0efc3092f70fb0f80a28dd6f1868d957183ae402f2ed4c6ef3d25fba352877efc9a9587e7219205c92d9c780aa3abd5f6a4d6aedd933f37026cd3894a3deda9b,2025-05-19T09:00:00.000,1,DRIVER,,1969672.0,,UNKNOWN,OTHER (EXPLAIN IN NARRATIVE),,,UNKNOWN,UNKNOWN/NA,UNKNOWN/NA,UNKNOWN,UNKNOWN/NA,,,1.0,,,,,,,,,,,,,,,,Y,UNKNOWN,,,,,,,,,,,,,,,,,,,,,,,,,,2025-05-19T09:00:00.000,20,NO CONTROLS,NO CONTROLS,CLEAR,DAYLIGHT,PARKED MOTOR VEHICLE,DIVIDED - W/MEDIAN (NOT RAISED),STRAIGHT AND LEVEL,DRY,UNKNOWN,NOT ON SCENE (DESK REPORT),INJURY AND / OR TOW DUE TO CRASH,,,Y,"OVER $1,500",2025-05-19T14:35:00.000,UNABLE TO DETERMINE,UNABLE TO DETERMINE,4405,W,FULTON ST,1113,,,,,,,2,NO INDICATION OF INJURY,0.0,0.0,0.0,0.0,0.0,1.0,0.0,9,2,5,41.8852620457,-87.7359004315,POINT (-87.735900431471 41.885262045655)
2066259,0efc3092f70fb0f80a28dd6f1868d957183ae402f2ed4c6ef3d25fba352877efc9a9587e7219205c92d9c780aa3abd5f6a4d6aedd933f37026cd3894a3deda9b,2025-05-19T09:00:00.000,2,PARKED,,1969674.0,,VOLKSWAGEN,OTHER (EXPLAIN IN NARRATIVE),IL,2020.0,NONE,PASSENGER,PERSONAL,E,PARKED,Y,,0.0,RELLO,4700 W WASHINGTON,,,,,N,Y,Y,Y,,,,,,,REAR,,,,,,,,,,,,,,,,,,,,,,,,,,2025-05-19T09:00:00.000,20,NO CONTROLS,NO CONTROLS,CLEAR,DAYLIGHT,PARKED MOTOR VEHICLE,DIVIDED - W/MEDIAN (NOT RAISED),STRAIGHT AND LEVEL,DRY,UNKNOWN,NOT ON SCENE (DESK REPORT),INJURY AND / OR TOW DUE TO CRASH,,,Y,"OVER $1,500",2025-05-19T14:35:00.000,UNABLE TO DETERMINE,UNABLE TO DETERMINE,4405,W,FULTON ST,1113,,,,,,,2,NO INDICATION OF INJURY,0.0,0.0,0.0,0.0,0.0,1.0,0.0,9,2,5,41.8852620457,-87.7359004315,POINT (-87.735900431471 41.885262045655)
2066105,7bbd8a83a75460e8642a278e5d942e7c68cb4b6283ab4813f409f5ec0ed63377294446f758b6ca414dc510316b57e12704e0fbc25b52d5ebd80ebaab5e3d2c7e,2025-05-19T08:50:00.000,1,DRIVER,,1969524.0,,DODGE,RAM 2500 VAN,IL,,UNKNOWN,VAN/MINI-VAN,UNKNOWN/NA,N,UNKNOWN/NA,,,1.0,,,,,,,,,,,,,,,,Y,FRONT,,,,,,,,,,,,,,,,,,,,,,,,,,2025-05-19T08:50:00.000,30,NO CONTROLS,NO CONTROLS,CLOUDY/OVERCAST,DAYLIGHT,REAR END,DIVIDED - W/MEDIAN (NOT RAISED),STRAIGHT AND LEVEL,DRY,UNKNOWN,NOT ON SCENE (DESK REPORT),NO INJURY / DRIVE AWAY,,,,"$501 - $1,500",2025-05-19T10:45:00.000,UNABLE TO DETERMINE,UNABLE TO DETERMINE,1503,S,KEDZIE AVE,1022,,,,,,,2,NO INDICATION OF INJURY,0.0,0.0,0.0,0.0,0.0,2.0,0.0,8,2,5,41.8612152663,-87.7053743065,POINT (-87.705374306462 41.861215266278)
2066106,7bbd8a83a75460e8642a278e5d942e7c68cb4b6283ab4813f409f5ec0ed63377294446f758b6ca414dc510316b57e12704e0fbc25b52d5ebd80ebaab5e3d2c7e,2025-05-19T08:50:00.000,2,DRIVER,,1969530.0,,HONDA,ACCORD,IL,2017.0,UNKNOWN,PASSENGER,PERSONAL,N,SLOW/STOP IN TRAFFIC,,,1.0,,,,,,,,,Y,Y,,,,,,,REAR,,,,,,,,,,,,,,,,,,,,,,,,,,2025-05-19T08:50:00.000,30,NO CONTROLS,NO CONTROLS,CLOUDY/OVERCAST,DAYLIGHT,REAR END,DIVIDED - W/MEDIAN (NOT RAISED),STRAIGHT AND LEVEL,DRY,UNKNOWN,NOT ON SCENE (DESK REPORT),NO INJURY / DRIVE AWAY,,,,"$501 - $1,500",2025-05-19T10:45:00.000,UNABLE TO DETERMINE,UNABLE TO DETERMINE,1503,S,KEDZIE AVE,1022,,,,,,,2,NO INDICATION OF INJURY,0.0,0.0,0.0,0.0,0.0,2.0,0.0,8,2,5,41.8612152663,-87.7053743065,POINT (-87.705374306462 41.861215266278)
2066474,4a6ab8142369946440d9c9014f84acd3aff5af39438d9db23a4e3104ec6fe1de7c2338e445ffd64b35ac298e4315b50c34f16e63ce5d4d8c53f267e717ecd91a,2025-05-19T08:45:00.000,1,DRIVER,,1969895.0,,HONDA,CIVIC,IL,2019.0,UNKNOWN,PASSENGER,PERSONAL,E,STRAIGHT AHEAD,,,1.0,,,,Y,,,,,,,,,,,,,FRONT-RIGHT-CORNER,,,,,,,,,,,,,,,,,,,,,,,,,,2025-05-19T08:45:00.000,30,NO CONTROLS,NO CONTROLS,CLEAR,DAYLIGHT,PEDALCYCLIST,DIVIDED - W/MEDIAN (NOT RAISED),STRAIGHT AND LEVEL,DRY,NO DEFECTS,NOT ON SCENE (DESK REPORT),NO INJURY / DRIVE AWAY,Y,,,$500 OR LESS,2025-05-19T08:46:00.000,IMPROPER OVERTAKING/PASSING,IMPROPER LANE USAGE,935,W,CHICAGO AVE,1214,,,,,,,2,NO INDICATION OF INJURY,0.0,0.0,0.0,0.0,0.0,2.0,0.0,8,2,5,41.8962261353,-87.6511551495,POINT (-87.651155149547 41.896226135283)
2066475,4a6ab8142369946440d9c9014f84acd3aff5af39438d9db23a4e3104ec6fe1de7c2338e445ffd64b35ac298e4315b50c34f16e63ce5d4d8c53f267e717ecd91a,2025-05-19T08:45:00.000,2,BICYCLE,,,,,,,,,,,,,,,,,,,,,,,,,,,,,,,,,,,,,,,,,,,,,,,,,,,,,,,,,,2025-05-19T08:45:00.000,30,NO CONTROLS,NO CONTROLS,CLEAR,DAYLIGHT,PEDALCYCLIST,DIVIDED - W/MEDIAN (NOT RAISED),STRAIGHT AND LEVEL,DRY,NO DEFECTS,NOT ON SCENE (DESK REPORT),NO INJURY / DRIVE AWAY,Y,,,$500 OR LESS,2025-05-19T08:46:00.000,IMPROPER OVERTAKING/PASSING,IMPROPER LANE USAGE,935,W,CHICAGO AVE,1214,,,,,,,2,NO INDICATION OF INJURY,0.0,0.0,0.0,0.0,0.0,2.0,0.0,8,2,5,41.8962261353,-87.6511551495,POINT (-87.651155149547 41.896226135283)
2066203,b9522f2bb9710c2b4bb1a6c8e87c164b8a30849d681275b44481235a2e5e9b379a403ddaa9e60edab60bd78a723ac670834f4f9045df48aa4f159ca7dac222ac,2025-05-19T08:45:00.000,1,DRIVER,,1969621.0,,TOYOTA,PRIUS,IL,2014.0,NONE,PASSENGER,UNKNOWN/NA,S,STRAIGHT AHEAD,,,1.0,,,,,,,,,,,,,,,,,SIDE-LEFT,,,,,,,,,,,,,,,,,,,,,,,,,,2025-05-19T08:45:00.000,30,NO CONTROLS,NO CONTROLS,CLEAR,DAYLIGHT,PARKED MOTOR VEHICLE,NOT DIVIDED,STRAIGHT AND LEVEL,DRY,NO DEFECTS,NOT ON SCENE (DESK REPORT),NO INJURY / DRIVE AWAY,,,,"OVER $1,500",2025-05-19T12:48:00.000,DRIVING SKILLS/KNOWLEDGE/EXPERIENCE,"DISTRACTION - OTHER ELECTRONIC DEVICE (NAVIGATION DEVICE, DVD PLAYER, ETC.)",6250,N,SHERIDAN RD,2433,,,,,,,2,NO INDICATION OF INJURY,0.0,0.0,0.0,0.0,0.0,1.0,0.0,8,2,5,41.996103554,-87.6557184747,POINT (-87.655718474737 41.996103553958)
2066204,b9522f2bb9710c2b4bb1a6c8e87c164b8a30849d681275b44481235a2e5e9b379a403ddaa9e60edab60bd78a723ac670834f4f9045df48aa4f159ca7dac222ac,2025-05-19T08:45:00.000,2,PARKED,,1969625.0,,TOYOTA,HIGHLANDER,IL,2022.0,NONE,PASSENGER,PERSONAL,S,PARKED,,,0.0,,,,,,,,,,,,,Y,Y,,,FRONT-LEFT-CORNER,,,,,,,,,,,,,,,,,,,,,,,,,,2025-05-19T08:45:00.000,30,NO CONTROLS,NO CONTROLS,CLEAR,DAYLIGHT,PARKED MOTOR VEHICLE,NOT DIVIDED,STRAIGHT AND LEVEL,DRY,NO DEFECTS,NOT ON SCENE (DESK REPORT),NO INJURY / DRIVE AWAY,,,,"OVER $1,500",2025-05-19T12:48:00.000,DRIVING SKILLS/KNOWLEDGE/EXPERIENCE,"DISTRACTION - OTHER ELECTRONIC DEVICE (NAVIGATION DEVICE, DVD PLAYER, ETC.)",6250,N,SHERIDAN RD,2433,,,,,,,2,NO INDICATION OF INJURY,0.0,0.0,0.0,0.0,0.0,1.0,0.0,8,2,5,41.996103554,-87.6557184747,POINT (-87.655718474737 41.996103553958)
2066389,f6352b766edc0f54bdfb4a3cb81b3ccf63d60d083f50f37651bcdcc26cc635f580dc0c8998269b6925d9ce5fe474f88005e33611e989f1dcfe2b8eeff517ce17,2025-05-19T08:45:00.000,1,DRIVER,,1969788.0,,HONDA,ACCORD,IL,2012.0,UNKNOWN,PASSENGER,UNKNOWN/NA,E,STRAIGHT AHEAD,,,1.0,,,,,,,,,,,,,,Y,,,FRONT,,,,,,,,,,,,,,,,,,,,,,,,,,2025-05-19T08:45:00.000,30,TRAFFIC SIGNAL,FUNCTIONING PROPERLY,CLEAR,DAYLIGHT,REAR END,FOUR WAY,STRAIGHT AND LEVEL,UNKNOWN,UNKNOWN,,NO INJURY / DRIVE AWAY,,,,$500 OR LESS,2025-05-19T09:35:00.000,UNABLE TO DETERMINE,UNABLE TO DETERMINE,3201,W,BELMONT AVE,1412,,,,,,,2,NO INDICATION OF INJURY,0.0,0.0,0.0,0.0,0.0,2.0,0.0,8,2,5,41.9392210489,-87.7077146023,POINT (-87.707714602329 41.939221048898)
2066390,f6352b766edc0f54bdfb4a3cb81b3ccf63d60d083f50f37651bcdcc26cc635f580dc0c8998269b6925d9ce5fe474f88005e33611e989f1dcfe2b8eeff517ce17,2025-05-19T08:45:00.000,2,DRIVER,,1969789.0,,TOYOTA,RAV4,IL,2016.0,UNKNOWN,SPORT UTILITY VEHICLE (SUV),UNKNOWN/NA,E,SLOW/STOP IN TRAFFIC,,,1.0,,,,,,,,,Y,,,,,,,,REAR,,,,,,,,,,,,,,,,,,,,,,,,,,2025-05-19T08:45:00.000,30,TRAFFIC SIGNAL,FUNCTIONING PROPERLY,CLEAR,DAYLIGHT,REAR END,FOUR WAY,STRAIGHT AND LEVEL,UNKNOWN,UNKNOWN,,NO INJURY / DRIVE AWAY,,,,$500 OR LESS,2025-05-19T09:35:00.000,UNABLE TO DETERMINE,UNABLE TO DETERMINE,3201,W,BELMONT AVE,1412,,,,,,,2,NO INDICATION OF INJURY,0.0,0.0,0.0,0.0,0.0,2.0,0.0,8,2,5,41.9392210489,-87.7077146023,POINT (-87.707714602329 41.939221048898)
2066128,c0c29f68918e8ccfae892723d8087df70626bd98a544b607c4bf9b0ff074751b9b2365db11214b5e9a3e7c7d6300b2e8ced81e310bc7cb1ae121ec66ebc53fcb,2025-05-19T08:34:00.000,1,DRIVER,,1969562.0,,HONDA,CIVIC,IL,2006.0,NONE,PASSENGER,PERSONAL,S,STRAIGHT AHEAD,Y,,1.0,CPD CITY OF CHIC #032313,POUND 6,,Y,,,,,,,,,,,,,FRONT-RIGHT-CORNER,,,,,,,,,,,,,,,,,,,,,,,,,,2025-05-19T08:34:00.000,35,NO CONTROLS,NO CONTROLS,CLEAR,DAYLIGHT,PARKED MOTOR VEHICLE,DIVIDED - W/MEDIAN (NOT RAISED),STRAIGHT AND LEVEL,DRY,NO DEFECTS,ON SCENE,INJURY AND / OR TOW DUE TO CRASH,,,,"OVER $1,500",2025-05-19T08:34:00.000,UNABLE TO DETERMINE,NOT APPLICABLE,816,S,PULASKI RD,1132,,,,,,,2,"REPORTED, NOT EVIDENT",1.0,0.0,0.0,0.0,1.0,0.0,0.0,8,2,5,41.8703429552,-87.7254753154,POINT (-87.725475315391 41.870342955245)
2066129,c0c29f68918e8ccfae892723d8087df70626bd98a544b607c4bf9b0ff074751b9b2365db11214b5e9a3e7c7d6300b2e8ced81e310bc7cb1ae121ec66ebc53fcb,2025-05-19T08:34:00.000,2,PARKED,,1969567.0,,GENERAL MOTORS CORPORATION (GMC),SAVANNAH,IL,2013.0,NONE,PICKUP,NOT IN USE,S,PARKED,,,0.0,,,,,,,,,,Y,,,,,,,REAR-LEFT-CORNER,,,,,,,,,,,,,,,,,,,,,,,,,,2025-05-19T08:34:00.000,35,NO CONTROLS,NO CONTROLS,CLEAR,DAYLIGHT,PARKED MOTOR VEHICLE,DIVIDED - W/MEDIAN (NOT RAISED),STRAIGHT AND LEVEL,DRY,NO DEFECTS,ON SCENE,INJURY AND / OR TOW DUE TO CRASH,,,,"OVER $1,500",2025-05-19T08:34:00.000,UNABLE TO DETERMINE,NOT APPLICABLE,816,S,PULASKI RD,1132,,,,,,,2,"REPORTED, NOT EVIDENT",1.0,0.0,0.0,0.0,1.0,0.0,0.0,8,2,5,41.8703429552,-87.7254753154,POINT (-87.725475315391 41.870342955245)
2066119,1e1b7c446618ad57adc8e00dd17e7ccfcb9be3b97cf413b94e409631e72f699eee731ff04af15b2d50b39a037a20ce1d02d1073bcb9b9480f6b932c1fd95c678,2025-05-19T08:30:00.000,1,DRIVER,,1969539.0,,CHEVROLET,IMPALA,IL,2000.0,UNKNOWN,PASSENGER,PERSONAL,E,UNKNOWN/NA,,,1.0,,,,Y,,,,,,,,,,Y,Y,,FRONT,,,,,,,,,,,,,,,,,,,,,,,,,,2025-05-19T08:30:00.000,15,NO CONTROLS,NO CONTROLS,CLEAR,DAYLIGHT,PARKED MOTOR VEHICLE,NOT DIVIDED,STRAIGHT AND LEVEL,DRY,NO DEFECTS,ON SCENE,INJURY AND / OR TOW DUE TO CRASH,,,,"OVER $1,500",2025-05-19T08:35:00.000,UNABLE TO DETERMINE,NOT APPLICABLE,5215,W,WABANSIA AVE,2532,,,,,,,2,INCAPACITATING INJURY,1.0,0.0,1.0,0.0,0.0,0.0,0.0,8,2,5,41.9112188982,-87.756379164,POINT (-87.756379164009 41.911218898231)
2066120,1e1b7c446618ad57adc8e00dd17e7ccfcb9be3b97cf413b94e409631e72f699eee731ff04af15b2d50b39a037a20ce1d02d1073bcb9b9480f6b932c1fd95c678,2025-05-19T08:30:00.000,2,PARKED,,1969541.0,,AUDI,Q5,IL,2020.0,UNKNOWN,SPORT UTILITY VEHICLE (SUV),PERSONAL,E,PARKED,,,0.0,,,,,,,,Y,Y,Y,,,,,,,REAR,,,,,,,,,,,,,,,,,,,,,,,,,,2025-05-19T08:30:00.000,15,NO CONTROLS,NO CONTROLS,CLEAR,DAYLIGHT,PARKED MOTOR VEHICLE,NOT DIVIDED,STRAIGHT AND LEVEL,DRY,NO DEFECTS,ON SCENE,INJURY AND / OR TOW DUE TO CRASH,,,,"OVER $1,500",2025-05-19T08:35:00.000,UNABLE TO DETERMINE,NOT APPLICABLE,5215,W,WABANSIA AVE,2532,,,,,,,2,INCAPACITATING INJURY,1.0,0.0,1.0,0.0,0.0,0.0,0.0,8,2,5,41.9112188982,-87.756379164,POINT (-87.756379164009 41.911218898231)
2066086,d69ca0f2e08e050050568d7c9dff48369c5ece45c2ded61d19434ca53a841a8c99686f62c339efc2dde017c3328e59a8da7af19a52e80184fb0d80f542e3e9da,2025-05-19T08:30:00.000,1,DRIVER,,1969505.0,,JEEP,GRAND CHEROKEE,IL,2016.0,NONE,SPORT UTILITY VEHICLE (SUV),PERSONAL,S,TURNING LEFT,,,1.0,,,Y,,,,,,,,,,,N,,,FRONT-LEFT-CORNER,,,,,,,,,,,,,,,,,,,,,,,,,,2025-05-19T08:30:00.000,30,NO CONTROLS,NO CONTROLS,CLEAR,DAYLIGHT,TURNING,T-INTERSECTION,STRAIGHT AND LEVEL,DRY,NO DEFECTS,ON SCENE,INJURY AND / OR TOW DUE TO CRASH,Y,,,$500 OR LESS,2025-05-19T08:52:00.000,FAILING TO YIELD RIGHT-OF-WAY,NOT APPLICABLE,4700,N,CENTRAL AVE,1622,,,,,,,2,NONINCAPACITATING INJURY,1.0,0.0,0.0,1.0,0.0,1.0,0.0,8,2,5,41.9659788389,-87.7675675067,POINT (-87.767567506689 41.965978838883)