crash_unit_id,crash_record_id,crash_date_left,unit_no,unit_type,num_passengers,vehicle_id,cmrc_veh_i,make,model,lic_plate_state,vehicle_year,vehicle_defect,vehicle_type,vehicle_use,travel_direction,maneuver,towed_i,fire_i,occupant_cnt,towed_by,towed_to,area_00_i,area_01_i,area_02_i,area_03_i,area_04_i,area_05_i,area_06_i,area_07_i,area_08_i,area_09_i,area_10_i,area_11_i,area_12_i,area_99_i,first_contact_point,cmv_id,usdot_no,commercial_src,gvwr,carrier_name,carrier_state,carrier_city,hazmat_placards_i,hazmat_present_i,hazmat_report_i,mcs_report_i,hazmat_vio_cause_crash_i,mcs_vio_cause_crash_i,idot_permit_no,trailer1_width,trailer2_width,trailer1_length,axle_cnt,vehicle_config,cargo_body_type,load_type,hazmat_out_of_service_i,mcs_out_of_service_i,hazmat_class,crash_date_est_i,crash_date_right,posted_speed_limit,traffic_control_device,device_condition,weather_condition,lighting_condition,first_crash_type,trafficway_type,alignment,roadway_surface_cond,road_defect,report_type,crash_type,intersection_related_i,private_property_i,hit_and_run_i,damage,date_police_notified,prim_contributory_cause,sec_contributory_cause,street_no,street_direction,street_name,beat_of_occurrence,photos_taken_i,statements_taken_i,dooring_i,work_zone_i,work_zone_type,workers_present_i,num_units,most_severe_injury,injuries_total,injuries_fatal,injuries_incapacitating,injuries_non_incapacitating,injuries_reported_not_evident,injuries_no_indication,injuries_unknown,crash_hour,crash_day_of_week,crash_month,latitude,longitude,location
2066087,d69ca0f2e08e050050568d7c9dff48369c5ece45c2ded61d19434ca53a841a8c99686f62c339efc2dde017c3328e59a8da7af19a52e80184fb0d80f542e3e9da,2025-05-19T08:30:00.000,2,DRIVER,,1969514.0,,UNKNOWN,MOTORIZED,IL,,NONE,OTHER,PERSONAL,N,STRAIGHT AHEAD,,,1.0,,,Y,,,,,,,,,,,,,,SIDE-RIGHT,,,,,,,,,,,,,,,,,,,,,,,,,,2025-05-19T08:30:00.000,30,NO CONTROLS,NO CONTROLS,CLEAR,DAYLIGHT,TURNING,T-INTERSECTION,STRAIGHT AND LEVEL,DRY,NO DEFECTS,ON SCENE,INJURY AND / OR TOW DUE TO CRASH,Y,,,$500 OR LESS,2025-05-19T08:52:00.000,FAILING TO YIELD RIGHT-OF-WAY,NOT APPLICABLE,4700,N,CENTRAL AVE,1622,,,,,,,2,NONINCAPACITATING INJURY,1.0,0.0,0.0,1.0,0.0,1.0,0.0,8,2,5,41.9659788389,-87.7675675067,POINT (-87.767567506689 41.965978838883)
2066077,bc5a44ec9a0f45e2c1e9555a90889e6f33d9999d81f31851b48b0a2e435b7c955b9e6a9ae14a533252ab8511601528ec247fe52cee410db9b72a2d915d7f968a,2025-05-19T08:20:00.000,1,DRIVER,,1969544.0,,FORD,TAURUS,IL,2018.0,UNKNOWN,PASSENGER,PERSONAL,N,STRAIGHT AHEAD,Y,,1.0,CITY OF CHICAGO,AUTO POUND 2 103/DOTY,,,,,,,,,,Y,Y,Y,Y,,FRONT-LEFT-CORNER,,,,,,,,,,,,,,,,,,,,,,,,,,2025-05-19T08:20:00.000,30,NO CONTROLS,NO CONTROLS,CLEAR,DAYLIGHT,PARKED MOTOR VEHICLE,ONE-WAY,STRAIGHT AND LEVEL,DRY,NO DEFECTS,ON SCENE,INJURY AND / OR TOW DUE TO CRASH,,,,"OVER $1,500",2025-05-19T08:23:00.000,PHYSICAL CONDITION OF DRIVER,UNABLE TO DETERMINE,3343,S,UNION AVE,915,,,,,,,3,NONINCAPACITATING INJURY,1.0,0.0,0.0,1.0,0.0,0.0,0.0,8,2,5,41.8332993939,-87.6435842751,POINT (-87.64358427505 41.833299393857)
2066078,bc5a44ec9a0f45e2c1e9555a90889e6f33d9999d81f31851b48b0a2e435b7c955b9e6a9ae14a533252ab8511601528ec247fe52cee410db9b72a2d915d7f968a,2025-05-19T08:20:00.000,2,PARKED,,1969548.0,,FORD,EXPEDITION,IL,2004.0,NONE,PASSENGER,PERSONAL,N,PARKED,,,0.0,,,,Y,Y,Y,Y,Y,,,,,,,,,SIDE-RIGHT,,,,,,,,,,,,,,,,,,,,,,,,,,2025-05-19T08:20:00.000,30,NO CONTROLS,NO CONTROLS,CLEAR,DAYLIGHT,PARKED MOTOR VEHICLE,ONE-WAY,STRAIGHT AND LEVEL,DRY,NO DEFECTS,ON SCENE,INJURY AND / OR TOW DUE TO CRASH,,,,"OVER $1,500",2025-05-19T08:23:00.000,PHYSICAL CONDITION OF DRIVER,UNABLE TO DETERMINE,3343,S,UNION AVE,915,,,,,,,3,NONINCAPACITATING INJURY,1.0,0.0,0.0,1.0,0.0,0.0,0.0,8,2,5,41.8332993939,-87.6435842751,POINT (-87.64358427505 41.833299393857)
2066079,bc5a44ec9a0f45e2c1e9555a90889e6f33d9999d81f31851b48b0a2e435b7c955b9e6a9ae14a533252ab8511601528ec247fe52cee410db9b72a2d915d7f968a,2025-05-19T08:20:00.000,3,PARKED,,1969552.0,,TESLA,OTHER (EXPLAIN IN NARRATIVE),IL,2026.0,NONE,SPORT UTILITY VEHICLE (SUV),PERSONAL,N,PARKED,,,0.0,,,,,,,,Y,Y,Y,,,,,,,REAR,,,,,,,,,,,,,,,,,,,,,,,,,,2025-05-19T08:20:00.000,30,NO CONTROLS,NO CONTROLS,CLEAR,DAYLIGHT,PARKED MOTOR VEHICLE,ONE-WAY,STRAIGHT AND LEVEL,DRY,NO DEFECTS,ON SCENE,INJURY AND / OR TOW DUE TO CRASH,,,,"OVER $1,500",2025-05-19T08:23:00.000,PHYSICAL CONDITION OF DRIVER,UNABLE TO DETERMINE,3343,S,UNION AVE,915,,,,,,,3,NONINCAPACITATING INJURY,1.0,0.0,0.0,1.0,0.0,0.0,0.0,8,2,5,41.8332993939,-87.6435842751,POINT (-87.64358427505 41.833299393857)
2066130,e6627352447556e37ee3953664518c98fd27adf18a2f3cedbbfeec52b5c3b0df6705d2361cedc6f29b38e6b4218cacf8e165a79bf2b2692b87ac88c28131b489,2025-05-19T08:20:00.000,1,DRIVER,,1969549.0,,HONDA,CR-V,IL,2024.0,NONE,SPORT UTILITY VEHICLE (SUV),PERSONAL,UNKNOWN,STRAIGHT AHEAD,,,1.0,,,,Y,Y,,,,,,,,,,,,SIDE-RIGHT-FRONT,,,,,,,,,,,,,,,,,,,,,,,,,Y,2025-05-19T08:20:00.000,20,NO CONTROLS,NO CONTROLS,CLEAR,DAYLIGHT,PEDESTRIAN,ALLEY,STRAIGHT AND LEVEL,DRY,NO DEFECTS,ON SCENE,INJURY AND / OR TOW DUE TO CRASH,,,,"$501 - $1,500",2025-05-19T08:36:00.000,UNABLE TO DETERMINE,UNABLE TO DETERMINE,6440,W,DIVERSEY AVE,2511,,,,,,,2,NONINCAPACITATING INJURY,1.0,0.0,0.0,1.0,0.0,1.0,0.0,8,2,5,41.9310753498,-87.7873666211,POINT (-87.787366621095 41.931075349793)
2066136,e6627352447556e37ee3953664518c98fd27adf18a2f3cedbbfeec52b5c3b0df6705d2361cedc6f29b38e6b4218cacf8e165a79bf2b2692b87ac88c28131b489,2025-05-19T08:20:00.000,2,PEDESTRIAN,,,,,,,,,,,,,,,,,,,,,,,,,,,,,,,,,,,,,,,,,,,,,,,,,,,,,,,,,Y,2025-05-19T08:20:00.000,20,NO CONTROLS,NO CONTROLS,CLEAR,DAYLIGHT,PEDESTRIAN,ALLEY,STRAIGHT AND LEVEL,DRY,NO DEFECTS,ON SCENE,INJURY AND / OR TOW DUE TO CRASH,,,,"$501 - $1,500",2025-05-19T08:36:00.000,UNABLE TO DETERMINE,UNABLE TO DETERMINE,6440,W,DIVERSEY AVE,2511,,,,,,,2,NONINCAPACITATING INJURY,1.0,0.0,0.0,1.0,0.0,1.0,0.0,8,2,5,41.9310753498,-87.7873666211,POINT (-87.787366621095 41.931075349793)
2066045,e9b37fb2716bb8c8510267d05342ba63df37e291bb95425ad69fcfbf119e70f24c0767f7c255859348f41d3fbc089b391e37cef842c7ca5fc9ff9daee53f4077,2025-05-19T08:20:00.000,1,DRIVER,,1969471.0,,FIAT,OTHER (EXPLAIN IN NARRATIVE),IL,2016.0,UNKNOWN,PASSENGER,PERSONAL,N,TURNING RIGHT,Y,,1.0,PRIVATE INSURANCE TOW,,,N,N,,,,,,,,Y,Y,Y,,FRONT-LEFT-CORNER,,,,,,,,,,,,,,,,,,,,,,,,,,2025-05-19T08:20:00.000,25,NO CONTROLS,NO CONTROLS,CLOUDY/OVERCAST,DAYLIGHT,TURNING,NOT DIVIDED,STRAIGHT AND LEVEL,DRY,NO DEFECTS,ON SCENE,INJURY AND / OR TOW DUE TO CRASH,,,,"OVER $1,500",2025-05-19T08:21:00.000,"VISION OBSCURED (SIGNS, TREE LIMBS, BUILDINGS, ETC.)",NOT APPLICABLE,1649,E,82ND ST,414,,,,,,,2,NO INDICATION OF INJURY,0.0,0.0,0.0,0.0,0.0,2.0,0.0,8,2,5,41.7459418627,-87.5834317159,POINT (-87.583431715907 41.745941862745)
2066046,e9b37fb2716bb8c8510267d05342ba63df37e291bb95425ad69fcfbf119e70f24c0767f7c255859348f41d3fbc089b391e37cef842c7ca5fc9ff9daee53f4077,2025-05-19T08:20:00.000,2,DRIVER,,1969483.0,,KIA,SPORTAGE,IL,2017.0,UNKNOWN,UNKNOWN/NA,PERSONAL,E,STRAIGHT AHEAD,,,1.0,,,,Y,,,,,,,,,,,Y,,FRONT-RIGHT-CORNER,,,,,,,,,,,,,,,,,,,,,,,,,,2025-05-19T08:20:00.000,25,NO CONTROLS,NO CONTROLS,CLOUDY/OVERCAST,DAYLIGHT,TURNING,NOT DIVIDED,STRAIGHT AND LEVEL,DRY,NO DEFECTS,ON SCENE,INJURY AND / OR TOW DUE TO CRASH,,,,"OVER $1,500",2025-05-19T08:21:00.000,"VISION OBSCURED (SIGNS, TREE LIMBS, BUILDINGS, ETC.)",NOT APPLICABLE,1649,E,82ND ST,414,,,,,,,2,NO INDICATION OF INJURY,0.0,0.0,0.0,0.0,0.0,2.0,0.0,8,2,5,41.7459418627,-87.5834317159,POINT (-87.583431715907 41.745941862745)
2066132,cb3213bcd6c1841ccce768553e01fed1deee9c1c3d2f7c27df2591091bcf0064c87349e5ad811c67c637a31a6744f61aa2c42789e32bf646174b9818f5a117c1,2025-05-19T08:18:00.000,1,DRIVER,,1969554.0,,FORD,ESCAPE,IL,2017.0,UNKNOWN,SPORT UTILITY VEHICLE (SUV),PERSONAL,W,STRAIGHT AHEAD,,,1.0,,,,,,,,,,,,,,,Y,,FRONT,,,,,,,,,,,,,,,,,,,,,,,,,,2025-05-19T08:18:00.000,30,TRAFFIC SIGNAL,FUNCTIONING PROPERLY,CLEAR,DAYLIGHT,REAR END,NOT DIVIDED,STRAIGHT AND LEVEL,DRY,NO DEFECTS,NOT ON SCENE (DESK REPORT),NO INJURY / DRIVE AWAY,,,,"OVER $1,500",2025-05-19T11:10:00.000,FOLLOWING TOO CLOSELY,NOT APPLICABLE,7500,S,VINCENNES AVE,623,,,,,,,2,NO INDICATION OF INJURY,0.0,0.0,0.0,0.0,0.0,2.0,0.0,8,2,5,41.7581455263,-87.6315247504,POINT (-87.631524750352 41.758145526339)
2066133,cb3213bcd6c1841ccce768553e01fed1deee9c1c3d2f7c27df2591091bcf0064c87349e5ad811c67c637a31a6744f61aa2c42789e32bf646174b9818f5a117c1,2025-05-19T08:18:00.000,2,DRIVER,,1969561.0,,HYUNDAI,TUCSON,IL,2022.0,NONE,SPORT UTILITY VEHICLE (SUV),PERSONAL,SW,SLOW/STOP IN TRAFFIC,,,1.0,,,,,,,,,Y,Y,,,,,,,REAR-LEFT-CORNER,,,,,,,,,,,,,,,,,,,,,,,,,,2025-05-19T08:18:00.000,30,TRAFFIC SIGNAL,FUNCTIONING PROPERLY,CLEAR,DAYLIGHT,REAR END,NOT DIVIDED,STRAIGHT AND LEVEL,DRY,NO DEFECTS,NOT ON SCENE (DESK REPORT),NO INJURY / DRIVE AWAY,,,,"OVER $1,500",2025-05-19T11:10:00.000,FOLLOWING TOO CLOSELY,NOT APPLICABLE,7500,S,VINCENNES AVE,623,,,,,,,2,NO INDICATION OF INJURY,0.0,0.0,0.0,0.0,0.0,2.0,0.0,8,2,5,41.7581455263,-87.6315247504,POINT (-87.631524750352 41.758145526339)
2066112,553cb2a24fdf3544bfd57680b177375c8ed0cf5b6dca0232db3ed6e7b11fbe0cdc73a34ece609bdbe7474fffd99ac6d36a17f425a5a13d558fe6c617aa021b35,2025-05-19T08:15:00.000,1,DRIVER,,1969531.0,,UNKNOWN,OTHER (EXPLAIN IN NARRATIVE),IL,,UNKNOWN,UNKNOWN/NA,UNKNOWN/NA,UNKNOWN,UNKNOWN/NA,,,1.0,,,,,,,,,,,,,,,,,UNKNOWN,,,,,,,,,,,,,,,,,,,,,,,,,Y,2025-05-19T08:15:00.000,30,NO CONTROLS,NO CONTROLS,CLEAR,DAYLIGHT,PARKED MOTOR VEHICLE,ONE-WAY,STRAIGHT AND LEVEL,DRY,UNKNOWN,ON SCENE,NO INJURY / DRIVE AWAY,,,,"OVER $1,500",2025-05-19T08:18:00.000,UNABLE TO DETERMINE,UNABLE TO DETERMINE,4438,W,WRIGHTWOOD AVE,2524,,,,,,,2,NO INDICATION OF INJURY,0.0,0.0,0.0,0.0,0.0,1.0,0.0,8,2,5,41.9287505281,-87.7382784555,POINT (-87.738278455487 41.928750528128)
2066113,553cb2a24fdf3544bfd57680b177375c8ed0cf5b6dca0232db3ed6e7b11fbe0cdc73a34ece609bdbe7474fffd99ac6d36a17f425a5a13d558fe6c617aa021b35,2025-05-19T08:15:00.000,2,DRIVERLESS,,1969534.0,,TOYOTA,TACOMA,IL,2011.0,UNKNOWN,OTHER,UNKNOWN/NA,W,PARKED,,,0.0,,,,,,,,Y,Y,Y,Y,Y,N,N,,,UNKNOWN,,,,,,,,,,,,,,,,,,,,,,,,,Y,2025-05-19T08:15:00.000,30,NO CONTROLS,NO CONTROLS,CLEAR,DAYLIGHT,PARKED MOTOR VEHICLE,ONE-WAY,STRAIGHT AND LEVEL,DRY,UNKNOWN,ON SCENE,NO INJURY / DRIVE AWAY,,,,"OVER $1,500",2025-05-19T08:18:00.000,UNABLE TO DETERMINE,UNABLE TO DETERMINE,4438,W,WRIGHTWOOD AVE,2524,,,,,,,2,NO INDICATION OF INJURY,0.0,0.0,0.0,0.0,0.0,1.0,0.0,8,2,5,41.9287505281,-87.7382784555,POINT (-87.738278455487 41.928750528128)
2066056,c13d5e17e2aa75063faac233d8e543e9d47ccd88a34ed64723f6587285b5133d11756b877ed2ed5844d0870a3cb41e300abe23ea87bff62a99339431b9e6853c,2025-05-19T08:14:00.000,1,DRIVER,,1969474.0,,FORD,ESCAPE,,2024.0,UNKNOWN,SPORT UTILITY VEHICLE (SUV),UNKNOWN/NA,NE,TURNING LEFT,,,1.0,,,,,,,,,,,,,,,,Y,FRONT,,,,,,,,,,,,,,,,,,,,,,,,,,2025-05-19T08:14:00.000,30,TRAFFIC SIGNAL,FUNCTIONING PROPERLY,CLOUDY/OVERCAST,DAYLIGHT,PEDESTRIAN,NOT DIVIDED,STRAIGHT AND LEVEL,DRY,NO DEFECTS,ON SCENE,INJURY AND / OR TOW DUE TO CRASH,Y,,,"OVER $1,500",2025-05-19T08:26:00.000,UNABLE TO DETERMINE,NOT APPLICABLE,2200,N,CICERO AVE,2522,,,,,,,2,"REPORTED, NOT EVIDENT",1.0,0.0,0.0,0.0,1.0,1.0,0.0,8,2,5,41.920673812,-87.7463594055,POINT (-87.746359405534 41.920673812039)
2066057,c13d5e17e2aa75063faac233d8e543e9d47ccd88a34ed64723f6587285b5133d11756b877ed2ed5844d0870a3cb41e300abe23ea87bff62a99339431b9e6853c,2025-05-19T08:14:00.000,2,PEDESTRIAN,,,,,,,,,,,,,,,,,,,,,,,,,,,,,,,,,,,,,,,,,,,,,,,,,,,,,,,,,,2025-05-19T08:14:00.000,30,TRAFFIC SIGNAL,FUNCTIONING PROPERLY,CLOUDY/OVERCAST,DAYLIGHT,PEDESTRIAN,NOT DIVIDED,STRAIGHT AND LEVEL,DRY,NO DEFECTS,ON SCENE,INJURY AND / OR TOW DUE TO CRASH,Y,,,"OVER $1,500",2025-05-19T08:26:00.000,UNABLE TO DETERMINE,NOT APPLICABLE,2200,N,CICERO AVE,2522,,,,,,,2,"REPORTED, NOT EVIDENT",1.0,0.0,0.0,0.0,1.0,1.0,0.0,8,2,5,41.920673812,-87.7463594055,POINT (-87.746359405534 41.920673812039)
2066069,fe13f70264e33ea6431f9a8395c70c19b99f4f21f2f743f75c4b17a22f503e31dc291b8628b36c4957c601ec48717f333a2094304b68099b276cdec18f439c5b,2025-05-19T08:13:00.000,1,DRIVER,,1969488.0,,ACURA,TLX,IL,2015.0,NONE,PASSENGER,PERSONAL,W,STRAIGHT AHEAD,,,1.0,,,Y,,N,,,,,,,,,,,,SIDE-RIGHT,,,,,,,,,,,,,,,,,,,,,,,,,,2025-05-19T08:13:00.000,25,TRAFFIC SIGNAL,FUNCTIONING PROPERLY,CLEAR,DAYLIGHT,PARKED MOTOR VEHICLE,NOT DIVIDED,STRAIGHT AND LEVEL,DRY,OTHER,ON SCENE,NO INJURY / DRIVE AWAY,,,,$500 OR LESS,2025-05-19T08:20:00.000,ROAD CONSTRUCTION/MAINTENANCE,ROAD CONSTRUCTION/MAINTENANCE,1522,W,BRYN MAWR AVE,2013,,,,,,,2,NO INDICATION OF INJURY,0.0,0.0,0.0,0.0,0.0,1.0,0.0,8,2,5,41.9836025601,-87.66845444,POINT (-87.668454439976 41.983602560076)
2066070,fe13f70264e33ea6431f9a8395c70c19b99f4f21f2f743f75c4b17a22f503e31dc291b8628b36c4957c601ec48717f333a2094304b68099b276cdec18f439c5b,2025-05-19T08:13:00.000,2,PARKED,,1969499.0,,CHEVROLET,SILVERADO,OH,2019.0,NONE,PICKUP,CONSTRUCTION/MAINTENANCE,W,PARKED,,,0.0,,,Y,,,,,,,,,,N,,,,SIDE-LEFT,,,,,,,,,,,,,,,,,,,,,,,,,,2025-05-19T08:13:00.000,25,TRAFFIC SIGNAL,FUNCTIONING PROPERLY,CLEAR,DAYLIGHT,PARKED MOTOR VEHICLE,NOT DIVIDED,STRAIGHT AND LEVEL,DRY,OTHER,ON SCENE,NO INJURY / DRIVE AWAY,,,,$500 OR LESS,2025-05-19T08:20:00.000,ROAD CONSTRUCTION/MAINTENANCE,ROAD CONSTRUCTION/MAINTENANCE,1522,W,BRYN MAWR AVE,2013,,,,,,,2,NO INDICATION OF INJURY,0.0,0.0,0.0,0.0,0.0,1.0,0.0,8,2,5,41.9836025601,-87.66845444,POINT (-87.668454439976 41.983602560076)
2066101,1cea562838faa78bad94329c76fdd9cf1ce03738cad4b058cc842c3f1567acd42886e91fbc8671f2e0e5cee499d966ddf745ae196df7c2d8cf9f5e24a0cef93a,2025-05-19T08:10:00.000,1,DRIVER,,1969519.0,,FORD,F250,IL,2008.0,NONE,PICKUP,LAWN CARE/LANDSCAPING,E,STRAIGHT AHEAD,,,1.0,,,Y,,,,,,,,,,,,,,FRONT,,,,,,,,,,,,,,,,,,,,,,,,,,2025-05-19T08:10:00.000,30,STOP SIGN/FLASHER,FUNCTIONING PROPERLY,CLEAR,DAYLIGHT,REAR END,ONE-WAY,STRAIGHT AND LEVEL,DRY,NO DEFECTS,ON SCENE,NO INJURY / DRIVE AWAY,,,,"OVER $1,500",2025-05-19T09:08:00.000,FOLLOWING TOO CLOSELY,UNABLE TO DETERMINE,5235,W,LELAND AVE,1623,,,,,,,2,NO INDICATION OF INJURY,0.0,0.0,0.0,0.0,0.0,2.0,0.0,8,2,5,41.9655001492,-87.7590150098,POINT (-87.759015009807 41.965500149162)
2066102,1cea562838faa78bad94329c76fdd9cf1ce03738cad4b058cc842c3f1567acd42886e91fbc8671f2e0e5cee499d966ddf745ae196df7c2d8cf9f5e24a0cef93a,2025-05-19T08:10:00.000,2,DRIVER,,1969525.0,,MERCEDES-BENZ,C300,IL,2020.0,NONE,PASSENGER,PERSONAL,E,STRAIGHT AHEAD,,,1.0,,,,,,,,,Y,,,,,,,,REAR,,,,,,,,,,,,,,,,,,,,,,,,,,2025-05-19T08:10:00.000,30,STOP SIGN/FLASHER,FUNCTIONING PROPERLY,CLEAR,DAYLIGHT,REAR END,ONE-WAY,STRAIGHT AND LEVEL,DRY,NO DEFECTS,ON SCENE,NO INJURY / DRIVE AWAY,,,,"OVER $1,500",2025-05-19T09:08:00.000,FOLLOWING TOO CLOSELY,UNABLE TO DETERMINE,5235,W,LELAND AVE,1623,,,,,,,2,NO INDICATION OF INJURY,0.0,0.0,0.0,0.0,0.0,2.0,0.0,8,2,5,41.9655001492,-87.7590150098,POINT (-87.759015009807 41.965500149162)
2066211,c49b498cd6afc7502f69ef7bb21187312a99eafd8d2e24bc5a336120113ed35bdc3579fa035575f40299b56a4ba0f6aabff187aa2d9b21bbf2c7fdebee40becf,2025-05-19T08:10:00.000,1,DRIVER,,1969634.0,,VOLKSWAGEN,JETTA,IL,2010.0,UNKNOWN,UNKNOWN/NA,UNKNOWN/NA,N,BACKING,,,1.0,,,,,,,,,,,,,,,,Y,REAR,,,,,,,,,,,,,,,,,,,,,,,,,,2025-05-19T08:10:00.000,25,TRAFFIC SIGNAL,FUNCTIONING PROPERLY,CLEAR,DAYLIGHT,REAR TO FRONT,TRAFFIC ROUTE,STRAIGHT AND LEVEL,DRY,NO DEFECTS,NOT ON SCENE (DESK REPORT),NO INJURY / DRIVE AWAY,,,Y,"OVER $1,500",2025-05-19T13:21:00.000,DRIVING SKILLS/KNOWLEDGE/EXPERIENCE,NOT APPLICABLE,6700,S,DR MARTIN LUTHER KING JR DR,322,,,,,,,2,NO INDICATION OF INJURY,0.0,0.0,0.0,0.0,0.0,6.0,0.0,8,2,5,41.7729100339,-87.6155947054,POINT (-87.615594705433 41.772910033936)
2066212,c49b498cd6afc7502f69ef7bb21187312a99eafd8d2e24bc5a336120113ed35bdc3579fa035575f40299b56a4ba0f6aabff187aa2d9b21bbf2c7fdebee40becf,2025-05-19T08:10:00.000,2,DRIVER,4.0,1969629.0,,NISSAN,SENTRA,IL,2022.0,NONE,PASSENGER,PERSONAL,S,SLOW/STOP IN TRAFFIC,,,5.0,,,,,,,,,,,,,,,Y,,FRONT,,,,,,,,,,,,,,,,,,,,,,,,,,2025-05-19T08:10:00.000,25,TRAFFIC SIGNAL,FUNCTIONING PROPERLY,CLEAR,DAYLIGHT,REAR TO FRONT,TRAFFIC ROUTE,STRAIGHT AND LEVEL,DRY,NO DEFECTS,NOT ON SCENE (DESK REPORT),NO INJURY / DRIVE AWAY,,,Y,"OVER $1,500",2025-05-19T13:21:00.000,DRIVING SKILLS/KNOWLEDGE/EXPERIENCE,NOT APPLICABLE,6700,S,DR MARTIN LUTHER KING JR DR,322,,,,,,,2,NO INDICATION OF INJURY,0.0,0.0,0.0,0.0,0.0,6.0,0.0,8,2,5,41.7729100339,-87.6155947054,POINT (-87.615594705433 41.772910033936)
2066189,d665060c127b110031764e6f4fa5230f8cfb839c27b609ac539fca4ae8b69d7bc1dff4cfcf7d30a3c1aad15f2575654e736cca7e4f54ba0b6f8b2b7ab151d35c,2025-05-19T08:10:00.000,1,DRIVER,,1969601.0,,HONDA,PILOT,IL,2017.0,UNKNOWN,SPORT UTILITY VEHICLE (SUV),UNKNOWN/NA,E,SLOW/STOP IN TRAFFIC,,,1.0,,,,Y,,,,,,,,,,Y,Y,,FRONT,,,,,,,,,,,,,,,,,,,,,,,,,,2025-05-19T08:10:00.000,30,NO CONTROLS,UNKNOWN,CLEAR,DAYLIGHT,REAR END,DIVIDED - W/MEDIAN (NOT RAISED),STRAIGHT AND LEVEL,UNKNOWN,UNKNOWN,NOT ON SCENE (DESK REPORT),NO INJURY / DRIVE AWAY,,,,"OVER $1,500",2025-05-19T12:30:00.000,FOLLOWING TOO CLOSELY,UNABLE TO DETERMINE,4757,W,FOSTER AVE,1712,,,,,,,2,NO INDICATION OF INJURY,0.0,0.0,0.0,0.0,0.0,4.0,0.0,8,2,5,41.9752324429,-87.7478768651,POINT (-87.747876865081 41.975232442887)
2066190,d665060c127b110031764e6f4fa5230f8cfb839c27b609ac539fca4ae8b69d7bc1dff4cfcf7d30a3c1aad15f2575654e736cca7e4f54ba0b6f8b2b7ab151d35c,2025-05-19T08:10:00.000,2,DRIVER,2.0,1969604.0,,LEXUS,GX470,IL,2004.0,UNKNOWN,OTHER VEHICLE WITH TRAILER,PERSONAL,E,STRAIGHT AHEAD,,,3.0,,,,,,,,Y,Y,Y,,,,,,,REAR,,,,,,,,,,,,,,,,,,,,,,,,,,2025-05-19T08:10:00.000,30,NO CONTROLS,UNKNOWN,CLEAR,DAYLIGHT,REAR END,DIVIDED - W/MEDIAN (NOT RAISED),STRAIGHT AND LEVEL,UNKNOWN,UNKNOWN,NOT ON SCENE (DESK REPORT),NO INJURY / DRIVE AWAY,,,,"OVER $1,500",2025-05-19T12:30:00.000,FOLLOWING TOO CLOSELY,UNABLE TO DETERMINE,4757,W,FOSTER AVE,1712,,,,,,,2,NO INDICATION OF INJURY,0.0,0.0,0.0,0.0,0.0,4.0,0.0,8,2,5,41.9752324429,-87.7478768651,POINT (-87.747876865081 41.975232442887)
2066090,1cbcddb3baa3f5f80eb6b05ea03b970464b8e987ec841a2b44616604cf3867006d1ecb06f3b9c6f379b189c84b6d6238a1cb7efd029c3277b3e38a2562f0fd2a,2025-05-19T08:00:00.000,1,DRIVER,,1969508.0,,JEEP,CHEROKEE,IL,2021.0,NONE,PASSENGER,PERSONAL,S,STRAIGHT AHEAD,,,1.0,,,,,,,,,,,,,Y,Y,,,FRONT-LEFT-CORNER,,,,,,,,,,,,,,,,,,,,,,,,,,2025-05-19T08:00:00.000,30,STOP SIGN/FLASHER,FUNCTIONING PROPERLY,CLEAR,DAYLIGHT,ANGLE,FOUR WAY,STRAIGHT AND LEVEL,DRY,NO DEFECTS,NOT ON SCENE (DESK REPORT),NO INJURY / DRIVE AWAY,Y,,,"OVER $1,500",2025-05-19T09:40:00.000,"VISION OBSCURED (SIGNS, TREE LIMBS, BUILDINGS, ETC.)",RELATED TO BUS STOP,5500,N,CLARK ST,2012,,,,,,,2,NO INDICATION OF INJURY,0.0,0.0,0.0,0.0,0.0,3.0,0.0,8,2,5,41.9817056214,-87.6685809176,POINT (-87.668580917559 41.981705621386)
2066091,1cbcddb3baa3f5f80eb6b05ea03b970464b8e987ec841a2b44616604cf3867006d1ecb06f3b9c6f379b189c84b6d6238a1cb7efd029c3277b3e38a2562f0fd2a,2025-05-19T08:00:00.000,2,DRIVER,1.0,1969511.0,,SUBARU,FORESTER,IL,2016.0,NONE,PASSENGER,PERSONAL,W,STRAIGHT AHEAD,,,2.0,,,,Y,Y,,,,,,,,,,,,FRONT-RIGHT-CORNER,,,,,,,,,,,,,,,,,,,,,,,,,,2025-05-19T08:00:00.000,30,STOP SIGN/FLASHER,FUNCTIONING PROPERLY,CLEAR,DAYLIGHT,ANGLE,FOUR WAY,STRAIGHT AND LEVEL,DRY,NO DEFECTS,NOT ON SCENE (DESK REPORT),NO INJURY / DRIVE AWAY,Y,,,"OVER $1,500",2025-05-19T09:40:00.000,"VISION OBSCURED (SIGNS, TREE LIMBS, BUILDINGS, ETC.)",RELATED TO BUS STOP,5500,N,CLARK ST,2012,,,,,,,2,NO INDICATION OF INJURY,0.0,0.0,0.0,0.0,0.0,3.0,0.0,8,2,5,41.9817056214,-87.6685809176,POINT (-87.668580917559 41.981705621386)