crash_unit_id,crash_record_id,crash_date_left,unit_no,unit_type,num_passengers,vehicle_id,cmrc_veh_i,make,model,lic_plate_state,vehicle_year,vehicle_defect,vehicle_type,vehicle_use,travel_direction,maneuver,towed_i,fire_i,occupant_cnt,towed_by,towed_to,area_00_i,area_01_i,area_02_i,area_03_i,area_04_i,area_05_i,area_06_i,area_07_i,area_08_i,area_09_i,area_10_i,area_11_i,area_12_i,area_99_i,first_contact_point,cmv_id,usdot_no,commercial_src,gvwr,carrier_name,carrier_state,carrier_city,hazmat_placards_i,hazmat_present_i,hazmat_report_i,mcs_report_i,hazmat_vio_cause_crash_i,mcs_vio_cause_crash_i,idot_permit_no,trailer1_width,trailer2_width,trailer1_length,axle_cnt,vehicle_config,cargo_body_type,load_type,hazmat_out_of_service_i,mcs_out_of_service_i,hazmat_class,crash_date_est_i,crash_date_right,posted_speed_limit,traffic_control_device,device_condition,weather_condition,lighting_condition,first_crash_type,trafficway_type,alignment,roadway_surface_cond,road_defect,report_type,crash_type,intersection_related_i,private_property_i,hit_and_run_i,damage,date_police_notified,prim_contributory_cause,sec_contributory_cause,street_no,street_direction,street_name,beat_of_occurrence,photos_taken_i,statements_taken_i,dooring_i,work_zone_i,work_zone_type,workers_present_i,num_units,most_severe_injury,injuries_total,injuries_fatal,injuries_incapacitating,injuries_non_incapacitating,injuries_reported_not_evident,injuries_no_indication,injuries_unknown,crash_hour,crash_day_of_week,crash_month,latitude,longitude,location
2066109,520b561b1e43f69d02b84006da0324eb5438ca238b6822257dbad730a06f2755768f5dd476e41dad2093679d8882a9ddf2dda35a2e2783635cdb3bc1e3254651,2025-05-19T08:00:00.000,1,DRIVER,,1969528.0,,UNKNOWN,OTHER (EXPLAIN IN NARRATIVE),,,UNKNOWN,UNKNOWN/NA,UNKNOWN/NA,S,TURNING RIGHT,,,1.0,,,,,,,,,,,,,,,,Y,UNKNOWN,,,,,,,,,,,,,,,,,,,,,,,,,,2025-05-19T08:00:00.000,30,TRAFFIC SIGNAL,FUNCTIONING PROPERLY,CLEAR,DAYLIGHT,TURNING,DIVIDED - W/MEDIAN BARRIER,STRAIGHT AND LEVEL,DRY,NO DEFECTS,ON SCENE,NO INJURY / DRIVE AWAY,,,Y,"OVER $1,500",2025-05-19T08:01:00.000,IMPROPER TURNING/NO SIGNAL,IMPROPER TURNING/NO SIGNAL,627,N,MICHIGAN AVE,1834,,,,,,,2,NO INDICATION OF INJURY,0.0,0.0,0.0,0.0,0.0,2.0,0.0,8,2,5,41.8933784949,-87.624067721,POINT (-87.62406772102 41.893378494908)
2066110,520b561b1e43f69d02b84006da0324eb5438ca238b6822257dbad730a06f2755768f5dd476e41dad2093679d8882a9ddf2dda35a2e2783635cdb3bc1e3254651,2025-05-19T08:00:00.000,2,DRIVER,,1969533.0,,NOVA BUS,OTHER (EXPLAIN IN NARRATIVE),IL,2016.0,NONE,BUS OVER 15 PASS.,CTA,S,STRAIGHT AHEAD,,,1.0,,,,,,,,,,,,,,Y,Y,,FRONT-LEFT-CORNER,,,,,,,,,,,,,,,,,,,,,,,,,,2025-05-19T08:00:00.000,30,TRAFFIC SIGNAL,FUNCTIONING PROPERLY,CLEAR,DAYLIGHT,TURNING,DIVIDED - W/MEDIAN BARRIER,STRAIGHT AND LEVEL,DRY,NO DEFECTS,ON SCENE,NO INJURY / DRIVE AWAY,,,Y,"OVER $1,500",2025-05-19T08:01:00.000,IMPROPER TURNING/NO SIGNAL,IMPROPER TURNING/NO SIGNAL,627,N,MICHIGAN AVE,1834,,,,,,,2,NO INDICATION OF INJURY,0.0,0.0,0.0,0.0,0.0,2.0,0.0,8,2,5,41.8933784949,-87.624067721,POINT (-87.62406772102 41.893378494908)
2066082,5fe30b95f12e5bc08529f339e00e77438ac62abb74369848e6e853d7ed975994f38ce5f61cc591fd926d31c362d85276fa2c1bf9a0582010ecbc42bcd37010b7,2025-05-19T08:00:00.000,1,DRIVER,,1969501.0,,FORD,OTHER (EXPLAIN IN NARRATIVE),IL,2012.0,UNKNOWN,UNKNOWN/NA,UNKNOWN/NA,E,STRAIGHT AHEAD,,,1.0,,,,,,,,,,,,,,,,Y,UNKNOWN,,,,,,,,,,,,,,,,,,,,,,,,,,2025-05-19T08:00:00.000,30,NO CONTROLS,NO CONTROLS,CLEAR,DAYLIGHT,REAR END,NOT DIVIDED,STRAIGHT AND LEVEL,DRY,NO DEFECTS,NOT ON SCENE (DESK REPORT),NO INJURY / DRIVE AWAY,,,Y,"OVER $1,500",2025-05-19T09:40:00.000,UNABLE TO DETERMINE,UNABLE TO DETERMINE,3443,S,ARCHER AVE,912,,,,,,,3,NO INDICATION OF INJURY,0.0,0.0,0.0,0.0,0.0,3.0,0.0,8,2,5,41.8311947153,-87.6761015592,POINT (-87.676101559245 41.83119471529)
2066083,5fe30b95f12e5bc08529f339e00e77438ac62abb74369848e6e853d7ed975994f38ce5f61cc591fd926d31c362d85276fa2c1bf9a0582010ecbc42bcd37010b7,2025-05-19T08:00:00.000,2,DRIVER,,1969507.0,,NISSAN,FRONTIER,TX,2015.0,NONE,PASSENGER,PERSONAL,E,SLOW/STOP IN TRAFFIC,,,1.0,,,,,,,,,Y,,,,,,Y,,FRONT,,,,,,,,,,,,,,,,,,,,,,,,,,2025-05-19T08:00:00.000,30,NO CONTROLS,NO CONTROLS,CLEAR,DAYLIGHT,REAR END,NOT DIVIDED,STRAIGHT AND LEVEL,DRY,NO DEFECTS,NOT ON SCENE (DESK REPORT),NO INJURY / DRIVE AWAY,,,Y,"OVER $1,500",2025-05-19T09:40:00.000,UNABLE TO DETERMINE,UNABLE TO DETERMINE,3443,S,ARCHER AVE,912,,,,,,,3,NO INDICATION OF INJURY,0.0,0.0,0.0,0.0,0.0,3.0,0.0,8,2,5,41.8311947153,-87.6761015592,POINT (-87.676101559245 41.83119471529)
2066094,5fe30b95f12e5bc08529f339e00e77438ac62abb74369848e6e853d7ed975994f38ce5f61cc591fd926d31c362d85276fa2c1bf9a0582010ecbc42bcd37010b7,2025-05-19T08:00:00.000,3,DRIVER,,1969509.0,,UNKNOWN,OTHER (EXPLAIN IN NARRATIVE),,,UNKNOWN,UNKNOWN/NA,UNKNOWN/NA,E,SLOW/STOP IN TRAFFIC,,,1.0,,,,,,,,,,,,,,,,Y,UNKNOWN,,,,,,,,,,,,,,,,,,,,,,,,,,2025-05-19T08:00:00.000,30,NO CONTROLS,NO CONTROLS,CLEAR,DAYLIGHT,REAR END,NOT DIVIDED,STRAIGHT AND LEVEL,DRY,NO DEFECTS,NOT ON SCENE (DESK REPORT),NO INJURY / DRIVE AWAY,,,Y,"OVER $1,500",2025-05-19T09:40:00.000,UNABLE TO DETERMINE,UNABLE TO DETERMINE,3443,S,ARCHER AVE,912,,,,,,,3,NO INDICATION OF INJURY,0.0,0.0,0.0,0.0,0.0,3.0,0.0,8,2,5,41.8311947153,-87.6761015592,POINT (-87.676101559245 41.83119471529)
2066065,e4ad7ed4aabd7d38192b1f31c8a1f39a2249ed90a12175d7ffd49f714ce0970a2cf1b7f7dce2430729c5700c6cc13c9d195b608b12035f99476b99745f35b047,2025-05-19T08:00:00.000,1,DRIVER,,1969484.0,,UNKNOWN,OTHER (EXPLAIN IN NARRATIVE),XX,,UNKNOWN,UNKNOWN/NA,UNKNOWN/NA,UNKNOWN,UNKNOWN/NA,,,1.0,,,,,,,,,,,,,,,,,UNKNOWN,,,,,,,,,,,,,,,,,,,,,,,,,,2025-05-19T08:00:00.000,30,NO CONTROLS,NO CONTROLS,UNKNOWN,UNKNOWN,PARKED MOTOR VEHICLE,NOT DIVIDED,STRAIGHT AND LEVEL,OTHER,UNKNOWN,NOT ON SCENE (DESK REPORT),NO INJURY / DRIVE AWAY,,,Y,"OVER $1,500",2025-05-19T09:05:00.000,UNABLE TO DETERMINE,NOT APPLICABLE,4725,S,DREXEL BLVD,222,,,,,,,2,NO INDICATION OF INJURY,0.0,0.0,0.0,0.0,0.0,1.0,0.0,8,2,5,41.8087986543,-87.6037329569,POINT (-87.603732956863 41.808798654307)
2066066,e4ad7ed4aabd7d38192b1f31c8a1f39a2249ed90a12175d7ffd49f714ce0970a2cf1b7f7dce2430729c5700c6cc13c9d195b608b12035f99476b99745f35b047,2025-05-19T08:00:00.000,2,PARKED,,1969485.0,,CHEVROLET,VOLT,IL,2021.0,NONE,PASSENGER,NOT IN USE,N,PARKED,,,0.0,,,,,,,,,,,Y,Y,Y,,,,SIDE-LEFT,,,,,,,,,,,,,,,,,,,,,,,,,,2025-05-19T08:00:00.000,30,NO CONTROLS,NO CONTROLS,UNKNOWN,UNKNOWN,PARKED MOTOR VEHICLE,NOT DIVIDED,STRAIGHT AND LEVEL,OTHER,UNKNOWN,NOT ON SCENE (DESK REPORT),NO INJURY / DRIVE AWAY,,,Y,"OVER $1,500",2025-05-19T09:05:00.000,UNABLE TO DETERMINE,NOT APPLICABLE,4725,S,DREXEL BLVD,222,,,,,,,2,NO INDICATION OF INJURY,0.0,0.0,0.0,0.0,0.0,1.0,0.0,8,2,5,41.8087986543,-87.6037329569,POINT (-87.603732956863 41.808798654307)
2066295,fa3510b16c03f1dde619f5ca0474673052638545edf6c3dfe339c89a7132c15c8112e3c1ed3317cb427098f2f9ee734264e0b94f535d4ff8ebfe68ed570cc683,2025-05-19T07:55:00.000,1,DRIVER,,1969713.0,,TOYOTA,RAV4,IL,2018.0,NONE,PASSENGER,PERSONAL,E,PASSING/OVERTAKING,,,1.0,,,,,,,,,,,,,,,,,SIDE-RIGHT-FRONT,,,,,,,,,,,,,,,,,,,,,,,,,,2025-05-19T07:55:00.000,25,TRAFFIC SIGNAL,FUNCTIONING PROPERLY,CLEAR,DAYLIGHT,SIDESWIPE SAME DIRECTION,NOT DIVIDED,STRAIGHT AND LEVEL,DRY,NO DEFECTS,NOT ON SCENE (DESK REPORT),NO INJURY / DRIVE AWAY,Y,,,"OVER $1,500",2025-05-19T15:49:00.000,IMPROPER OVERTAKING/PASSING,IMPROPER OVERTAKING/PASSING,3200,W,CERMAK RD,1022,,,,,,,2,NO INDICATION OF INJURY,0.0,0.0,0.0,0.0,0.0,3.0,0.0,7,2,5,41.8518740398,-87.7053183263,POINT (-87.705318326267 41.851874039784)
2066296,fa3510b16c03f1dde619f5ca0474673052638545edf6c3dfe339c89a7132c15c8112e3c1ed3317cb427098f2f9ee734264e0b94f535d4ff8ebfe68ed570cc683,2025-05-19T07:55:00.000,2,DRIVER,1.0,1969718.0,,CHEVROLET,TRAX,IL,2019.0,NONE,PASSENGER,PERSONAL,E,STRAIGHT AHEAD,,,2.0,,,,,,,,,,Y,Y,Y,Y,,,,SIDE-LEFT,,,,,,,,,,,,,,,,,,,,,,,,,,2025-05-19T07:55:00.000,25,TRAFFIC SIGNAL,FUNCTIONING PROPERLY,CLEAR,DAYLIGHT,SIDESWIPE SAME DIRECTION,NOT DIVIDED,STRAIGHT AND LEVEL,DRY,NO DEFECTS,NOT ON SCENE (DESK REPORT),NO INJURY / DRIVE AWAY,Y,,,"OVER $1,500",2025-05-19T15:49:00.000,IMPROPER OVERTAKING/PASSING,IMPROPER OVERTAKING/PASSING,3200,W,CERMAK RD,1022,,,,,,,2,NO INDICATION OF INJURY,0.0,0.0,0.0,0.0,0.0,3.0,0.0,7,2,5,41.8518740398,-87.7053183263,POINT (-87.705318326267 41.851874039784)
2066150,630bb8253e66db7e426f6fb1339e6b7ce97fbaf4dff8410094aa47f1042861c9b12e022945df7dedc264a07affa73e5b0d5289137d4a12899f64468ca677e6e9,2025-05-19T07:53:00.000,1,DRIVER,3.0,1969565.0,,TOYOTA,RAV4,IL,2008.0,UNKNOWN,PASSENGER,UNKNOWN/NA,W,STRAIGHT AHEAD,,,4.0,,,,,,,,,Y,,,,,,,,REAR,,,,,,,,,,,,,,,,,,,,,,,,,,2025-05-19T07:53:00.000,30,STOP SIGN/FLASHER,FUNCTIONING PROPERLY,CLOUDY/OVERCAST,DAYLIGHT,REAR TO FRONT,ONE-WAY,STRAIGHT AND LEVEL,UNKNOWN,UNKNOWN,,NO INJURY / DRIVE AWAY,,,,"OVER $1,500",2025-05-19T07:56:00.000,IMPROPER BACKING,OBSTRUCTED CROSSWALKS,1607,W,THORNDALE AVE,2012,,,,,,,2,NO INDICATION OF INJURY,0.0,0.0,0.0,0.0,0.0,8.0,0.0,7,2,5,41.9883063213,-87.6701863136,POINT (-87.67018631355 41.988306321321)
2066151,630bb8253e66db7e426f6fb1339e6b7ce97fbaf4dff8410094aa47f1042861c9b12e022945df7dedc264a07affa73e5b0d5289137d4a12899f64468ca677e6e9,2025-05-19T07:53:00.000,2,DRIVER,3.0,1969566.0,,FORD,ESCAPE,IL,2014.0,UNKNOWN,SPORT UTILITY VEHICLE (SUV),UNKNOWN/NA,E,STRAIGHT AHEAD,,,4.0,,,,,,,,,,,,,,,Y,,FRONT-LEFT-CORNER,,,,,,,,,,,,,,,,,,,,,,,,,,2025-05-19T07:53:00.000,30,STOP SIGN/FLASHER,FUNCTIONING PROPERLY,CLOUDY/OVERCAST,DAYLIGHT,REAR TO FRONT,ONE-WAY,STRAIGHT AND LEVEL,UNKNOWN,UNKNOWN,,NO INJURY / DRIVE AWAY,,,,"OVER $1,500",2025-05-19T07:56:00.000,IMPROPER BACKING,OBSTRUCTED CROSSWALKS,1607,W,THORNDALE AVE,2012,,,,,,,2,NO INDICATION OF INJURY,0.0,0.0,0.0,0.0,0.0,8.0,0.0,7,2,5,41.9883063213,-87.6701863136,POINT (-87.67018631355 41.988306321321)
2066088,17a01f1e39770bc9c91b8616490a521827412a907834c2f750f36f01e4faf9ed93c30fa33bcd286eb355361ff28fa3df1bf36b119b8b284c344a6de916d90ff1,2025-05-19T07:52:00.000,1,DRIVER,,1969504.0,,DODGE,JOURNEY,IL,2014.0,UNKNOWN,SPORT UTILITY VEHICLE (SUV),UNKNOWN/NA,E,STRAIGHT AHEAD,,,1.0,,,Y,,,,,,,,,,,,,N,FRONT,,,,,,,,,,,,,,,,,,,,,,,,,,2025-05-19T07:52:00.000,30,TRAFFIC SIGNAL,FUNCTIONING PROPERLY,CLEAR,DAYLIGHT,PEDESTRIAN,ONE-WAY,STRAIGHT AND LEVEL,DRY,UNKNOWN,ON SCENE,INJURY AND / OR TOW DUE TO CRASH,,,N,$500 OR LESS,2025-05-19T08:01:00.000,UNABLE TO DETERMINE,NOT APPLICABLE,7109,S,JEFFERY BLVD,333,,,,,,,2,"REPORTED, NOT EVIDENT",1.0,0.0,0.0,0.0,1.0,1.0,0.0,7,2,5,41.7658164158,-87.5761454752,POINT (-87.576145475166 41.765816415803)
2066089,17a01f1e39770bc9c91b8616490a521827412a907834c2f750f36f01e4faf9ed93c30fa33bcd286eb355361ff28fa3df1bf36b119b8b284c344a6de916d90ff1,2025-05-19T07:52:00.000,2,PEDESTRIAN,,,,,,,,,,,,,,,,,,,,,,,,,,,,,,,,,,,,,,,,,,,,,,,,,,,,,,,,,,2025-05-19T07:52:00.000,30,TRAFFIC SIGNAL,FUNCTIONING PROPERLY,CLEAR,DAYLIGHT,PEDESTRIAN,ONE-WAY,STRAIGHT AND LEVEL,DRY,UNKNOWN,ON SCENE,INJURY AND / OR TOW DUE TO CRASH,,,N,$500 OR LESS,2025-05-19T08:01:00.000,UNABLE TO DETERMINE,NOT APPLICABLE,7109,S,JEFFERY BLVD,333,,,,,,,2,"REPORTED, NOT EVIDENT",1.0,0.0,0.0,0.0,1.0,1.0,0.0,7,2,5,41.7658164158,-87.5761454752,POINT (-87.576145475166 41.765816415803)
2066052,cdefc223494af51e2b1f950915f67d8add6d76276b379992eccaccceeb88856fc560df5852f0a75a58ae5e67eecf48e1887d9ede32d7454f7d6580efa52fbc96,2025-05-19T07:50:00.000,1,DRIVER,,1969492.0,,HONDA,ACCORD,IL,2019.0,NONE,PASSENGER,PERSONAL,N,TURNING LEFT,,,1.0,,,,,,,,,,Y,,,,,,,REAR-LEFT-CORNER,,,,,,,,,,,,,,,,,,,,,,,,,,2025-05-19T07:50:00.000,30,TRAFFIC SIGNAL,FUNCTIONING PROPERLY,CLOUDY/OVERCAST,DAYLIGHT,TURNING,FOUR WAY,STRAIGHT AND LEVEL,DRY,NO DEFECTS,NOT ON SCENE (DESK REPORT),NO INJURY / DRIVE AWAY,Y,,,"OVER $1,500",2025-05-19T08:47:00.000,DRIVING SKILLS/KNOWLEDGE/EXPERIENCE,NOT APPLICABLE,400,S,DAMEN AVE,1225,,,,,,,2,NO INDICATION OF INJURY,0.0,0.0,0.0,0.0,0.0,3.0,0.0,7,2,5,41.8761861666,-87.6766739725,POINT (-87.67667397249 41.876186166555)
2066053,cdefc223494af51e2b1f950915f67d8add6d76276b379992eccaccceeb88856fc560df5852f0a75a58ae5e67eecf48e1887d9ede32d7454f7d6580efa52fbc96,2025-05-19T07:50:00.000,2,DRIVER,1.0,1969500.0,,ACURA,ADX,IL,2018.0,NONE,PASSENGER,PERSONAL,S,SLOW/STOP IN TRAFFIC,,,2.0,,,,,,,,,,Y,Y,,,,,,REAR-LEFT-CORNER,,,,,,,,,,,,,,,,,,,,,,,,,,2025-05-19T07:50:00.000,30,TRAFFIC SIGNAL,FUNCTIONING PROPERLY,CLOUDY/OVERCAST,DAYLIGHT,TURNING,FOUR WAY,STRAIGHT AND LEVEL,DRY,NO DEFECTS,NOT ON SCENE (DESK REPORT),NO INJURY / DRIVE AWAY,Y,,,"OVER $1,500",2025-05-19T08:47:00.000,DRIVING SKILLS/KNOWLEDGE/EXPERIENCE,NOT APPLICABLE,400,S,DAMEN AVE,1225,,,,,,,2,NO INDICATION OF INJURY,0.0,0.0,0.0,0.0,0.0,3.0,0.0,7,2,5,41.8761861666,-87.6766739725,POINT (-87.67667397249 41.876186166555)
2066054,a5bec876e531455b56b25cfb6cd4185079c5c75129580122e3459cb8c8e4c570deb45c4a54ce9e00037c64270f3bd0110e90d8a5c7834a5d5f1e21fdfbfbbc3d,2025-05-19T07:47:00.000,1,DRIVER,1.0,1969475.0,,TOYOTA,PRIUS,IL,2015.0,UNKNOWN,PASSENGER,RIDESHARE SERVICE,S,STRAIGHT AHEAD,,,2.0,,,,Y,Y,,,,,,,,,,,,FRONT-RIGHT-CORNER,,,,,,,,,,,,,,,,,,,,,,,,,,2025-05-19T07:47:00.000,25,NO CONTROLS,NO CONTROLS,CLEAR,DAYLIGHT,PEDALCYCLIST,DIVIDED - W/MEDIAN (NOT RAISED),STRAIGHT AND LEVEL,DRY,NO DEFECTS,ON SCENE,INJURY AND / OR TOW DUE TO CRASH,,,,"$501 - $1,500",2025-05-19T07:56:00.000,FAILING TO YIELD RIGHT-OF-WAY,FAILING TO YIELD RIGHT-OF-WAY,334,N,GREEN ST,1214,,,,,,,2,NONINCAPACITATING INJURY,1.0,0.0,0.0,1.0,0.0,2.0,0.0,7,2,5,41.8877870243,-87.6488376499,POINT (-87.648837649871 41.887787024342)
2066055,a5bec876e531455b56b25cfb6cd4185079c5c75129580122e3459cb8c8e4c570deb45c4a54ce9e00037c64270f3bd0110e90d8a5c7834a5d5f1e21fdfbfbbc3d,2025-05-19T07:47:00.000,2,BICYCLE,,,,,,,,,,,,,,,,,,,,,,,,,,,,,,,,,,,,,,,,,,,,,,,,,,,,,,,,,,2025-05-19T07:47:00.000,25,NO CONTROLS,NO CONTROLS,CLEAR,DAYLIGHT,PEDALCYCLIST,DIVIDED - W/MEDIAN (NOT RAISED),STRAIGHT AND LEVEL,DRY,NO DEFECTS,ON SCENE,INJURY AND / OR TOW DUE TO CRASH,,,,"$501 - $1,500",2025-05-19T07:56:00.000,FAILING TO YIELD RIGHT-OF-WAY,FAILING TO YIELD RIGHT-OF-WAY,334,N,GREEN ST,1214,,,,,,,2,NONINCAPACITATING INJURY,1.0,0.0,0.0,1.0,0.0,2.0,0.0,7,2,5,41.8877870243,-87.6488376499,POINT (-87.648837649871 41.887787024342)
2066207,00687f8e8c790aaae756c08586e7bc0251c4a9962a6f829c486215ee832cac717906c1c7f634d4a70a89aef5bbe9832be5c90f6150c19f0922bb6917757c8cf8,2025-05-19T07:40:00.000,1,DRIVER,,1969623.0,,CHEVROLET,SUBURBAN,IL,2016.0,UNKNOWN,SPORT UTILITY VEHICLE (SUV),PERSONAL,E,PASSING/OVERTAKING,,,1.0,,,,,,,,,,,,,,Y,,,FRONT-LEFT-CORNER,,,,,,,,,,,,,,,,,,,,,,,,,,2025-05-19T07:40:00.000,30,TRAFFIC SIGNAL,FUNCTIONING PROPERLY,CLEAR,DAYLIGHT,SIDESWIPE SAME DIRECTION,DIVIDED - W/MEDIAN (NOT RAISED),STRAIGHT AND LEVEL,DRY,UNKNOWN,NOT ON SCENE (DESK REPORT),NO INJURY / DRIVE AWAY,Y,,,"OVER $1,500",2025-05-19T13:05:00.000,IMPROPER OVERTAKING/PASSING,FAILING TO YIELD RIGHT-OF-WAY,3195,W,CERMAK RD,1033,,,,,,,2,NO INDICATION OF INJURY,0.0,0.0,0.0,0.0,0.0,2.0,0.0,7,2,5,41.8516562922,-87.7051908856,POINT (-87.705190885558 41.85165629222)
2066208,00687f8e8c790aaae756c08586e7bc0251c4a9962a6f829c486215ee832cac717906c1c7f634d4a70a89aef5bbe9832be5c90f6150c19f0922bb6917757c8cf8,2025-05-19T07:40:00.000,2,DRIVER,,1969627.0,,TOYOTA,RAV4,IL,2018.0,UNKNOWN,SPORT UTILITY VEHICLE (SUV),PERSONAL,E,STRAIGHT AHEAD,,,1.0,,,,,Y,Y,Y,,,,,,,,,,SIDE-RIGHT,,,,,,,,,,,,,,,,,,,,,,,,,,2025-05-19T07:40:00.000,30,TRAFFIC SIGNAL,FUNCTIONING PROPERLY,CLEAR,DAYLIGHT,SIDESWIPE SAME DIRECTION,DIVIDED - W/MEDIAN (NOT RAISED),STRAIGHT AND LEVEL,DRY,UNKNOWN,NOT ON SCENE (DESK REPORT),NO INJURY / DRIVE AWAY,Y,,,"OVER $1,500",2025-05-19T13:05:00.000,IMPROPER OVERTAKING/PASSING,FAILING TO YIELD RIGHT-OF-WAY,3195,W,CERMAK RD,1033,,,,,,,2,NO INDICATION OF INJURY,0.0,0.0,0.0,0.0,0.0,2.0,0.0,7,2,5,41.8516562922,-87.7051908856,POINT (-87.705190885558 41.85165629222)
2066108,54338b049cf3c0aa7bc185c72b26866281f03aa1367fab199fefcc4f4ace038a16bd9955b48eafc8704de6c82a7e8cafba29a58a97118c468de47f1f8c77c328,2025-05-19T07:40:00.000,1,DRIVER,,1969523.0,,FORD,F150,IL,2003.0,NONE,PASSENGER,PERSONAL,S,TURNING LEFT,,,1.0,,,,Y,Y,,,,,,,,,,,,SIDE-RIGHT,,,,,,,,,,,,,,,,,,,,,,,,,,2025-05-19T07:40:00.000,30,TRAFFIC SIGNAL,OTHER,CLEAR,DAYLIGHT,TURNING,DIVIDED - W/MEDIAN BARRIER,STRAIGHT AND LEVEL,DRY,NO DEFECTS,NOT ON SCENE (DESK REPORT),NO INJURY / DRIVE AWAY,,,Y,"OVER $1,500",2025-05-19T10:11:00.000,IMPROPER TURNING/NO SIGNAL,NOT APPLICABLE,1,E,75TH ST,623,,,,,,,2,NO INDICATION OF INJURY,0.0,0.0,0.0,0.0,0.0,2.0,0.0,7,2,5,41.758074111,-87.6246716584,POINT (-87.624671658352 41.758074110978)
2066111,54338b049cf3c0aa7bc185c72b26866281f03aa1367fab199fefcc4f4ace038a16bd9955b48eafc8704de6c82a7e8cafba29a58a97118c468de47f1f8c77c328,2025-05-19T07:40:00.000,2,DRIVER,,1969529.0,,HYUNDAI,ACCENT,IL,2019.0,NONE,PASSENGER,PERSONAL,W,TURNING RIGHT,,,1.0,,,,,,Y,Y,,,,,,,,,,SIDE-RIGHT,,,,,,,,,,,,,,,,,,,,,,,,,,2025-05-19T07:40:00.000,30,TRAFFIC SIGNAL,OTHER,CLEAR,DAYLIGHT,TURNING,DIVIDED - W/MEDIAN BARRIER,STRAIGHT AND LEVEL,DRY,NO DEFECTS,NOT ON SCENE (DESK REPORT),NO INJURY / DRIVE AWAY,,,Y,"OVER $1,500",2025-05-19T10:11:00.000,IMPROPER TURNING/NO SIGNAL,NOT APPLICABLE,1,E,75TH ST,623,,,,,,,2,NO INDICATION OF INJURY,0.0,0.0,0.0,0.0,0.0,2.0,0.0,7,2,5,41.758074111,-87.6246716584,POINT (-87.624671658352 41.758074110978)
2066067,13c50d4c3fe35a683db4ff548933f0f766f7873c1f7fdbbdf7430633a3513f33567866d3a347039d6e11927c056feb533b1036a0581aa8cee0a0d9f3b6bbc73b,2025-05-19T07:35:00.000,1,DRIVER,,1969487.0,,NISSAN,ARMADA,IL,2011.0,NONE,SPORT UTILITY VEHICLE (SUV),PERSONAL,E,TURNING LEFT,Y,,1.0,unk,unk,,Y,Y,Y,Y,,,,,,,,,,SIDE-RIGHT-FRONT,,,,,,,,,,,,,,,,,,,,,,,,,,2025-05-19T07:35:00.000,30,TRAFFIC SIGNAL,FUNCTIONING PROPERLY,CLEAR,DAYLIGHT,TURNING,FOUR WAY,STRAIGHT AND LEVEL,DRY,NO DEFECTS,ON SCENE,INJURY AND / OR TOW DUE TO CRASH,Y,,,"OVER $1,500",2025-05-19T07:46:00.000,FAILING TO YIELD RIGHT-OF-WAY,FAILING TO REDUCE SPEED TO AVOID CRASH,3500,W,51ST ST,821,,,,,,,2,NO INDICATION OF INJURY,0.0,0.0,0.0,0.0,0.0,5.0,0.0,7,2,5,41.8008242048,-87.7112476266,POINT (-87.711247626634 41.800824204805)
2066068,13c50d4c3fe35a683db4ff548933f0f766f7873c1f7fdbbdf7430633a3513f33567866d3a347039d6e11927c056feb533b1036a0581aa8cee0a0d9f3b6bbc73b,2025-05-19T07:35:00.000,2,DRIVER,3.0,1969489.0,,CHEVROLET,TRAVERSE,IL,2020.0,NONE,SPORT UTILITY VEHICLE (SUV),PERSONAL,W,STRAIGHT AHEAD,,,4.0,,,,,,,,,,,,,,,Y,,FRONT,,,,,,,,,,,,,,,,,,,,,,,,,,2025-05-19T07:35:00.000,30,TRAFFIC SIGNAL,FUNCTIONING PROPERLY,CLEAR,DAYLIGHT,TURNING,FOUR WAY,STRAIGHT AND LEVEL,DRY,NO DEFECTS,ON SCENE,INJURY AND / OR TOW DUE TO CRASH,Y,,,"OVER $1,500",2025-05-19T07:46:00.000,FAILING TO YIELD RIGHT-OF-WAY,FAILING TO REDUCE SPEED TO AVOID CRASH,3500,W,51ST ST,821,,,,,,,2,NO INDICATION OF INJURY,0.0,0.0,0.0,0.0,0.0,5.0,0.0,7,2,5,41.8008242048,-87.7112476266,POINT (-87.711247626634 41.800824204805)
2066034,69bd21e1b6d600562c37fb2d5d8a06046056a75a849559b234396f1d5009636e12037c274ca9cd2db8b874541461f3523e849fb3128682180d5fb37a14daa33c,2025-05-19T07:35:00.000,1,DRIVER,,1969462.0,,FORD,TRANSIT,IL,2017.0,UNKNOWN,VAN/MINI-VAN,OTHER,N,STRAIGHT AHEAD,,,1.0,,,,,,,,,,,,,,,,Y,FRONT-RIGHT-CORNER,,,,,,,,,,,,,,,,,,,,,,,,,,2025-05-19T07:35:00.000,30,NO CONTROLS,NO CONTROLS,CLEAR,DAYLIGHT,PARKED MOTOR VEHICLE,DIVIDED - W/MEDIAN BARRIER,STRAIGHT AND LEVEL,DRY,UNKNOWN,NOT ON SCENE (DESK REPORT),NO INJURY / DRIVE AWAY,,,,"OVER $1,500",2025-05-19T08:05:00.000,UNABLE TO DETERMINE,UNABLE TO DETERMINE,4317,N,ASHLAND AVE,1912,,,,,,,2,NO INDICATION OF INJURY,0.0,0.0,0.0,0.0,0.0,1.0,0.0,7,2,5,41.9603146406,-87.6690730537,POINT (-87.669073053707 41.960314640582)