crash_unit_id,crash_record_id,crash_date_left,unit_no,unit_type,num_passengers,vehicle_id,cmrc_veh_i,make,model,lic_plate_state,vehicle_year,vehicle_defect,vehicle_type,vehicle_use,travel_direction,maneuver,towed_i,fire_i,occupant_cnt,towed_by,towed_to,area_00_i,area_01_i,area_02_i,area_03_i,area_04_i,area_05_i,area_06_i,area_07_i,area_08_i,area_09_i,area_10_i,area_11_i,area_12_i,area_99_i,first_contact_point,cmv_id,usdot_no,commercial_src,gvwr,carrier_name,carrier_state,carrier_city,hazmat_placards_i,hazmat_present_i,hazmat_report_i,mcs_report_i,hazmat_vio_cause_crash_i,mcs_vio_cause_crash_i,idot_permit_no,trailer1_width,trailer2_width,trailer1_length,axle_cnt,vehicle_config,cargo_body_type,load_type,hazmat_out_of_service_i,mcs_out_of_service_i,hazmat_class,crash_date_est_i,crash_date_right,posted_speed_limit,traffic_control_device,device_condition,weather_condition,lighting_condition,first_crash_type,trafficway_type,alignment,roadway_surface_cond,road_defect,report_type,crash_type,intersection_related_i,private_property_i,hit_and_run_i,damage,date_police_notified,prim_contributory_cause,sec_contributory_cause,street_no,street_direction,street_name,beat_of_occurrence,photos_taken_i,statements_taken_i,dooring_i,work_zone_i,work_zone_type,workers_present_i,num_units,most_severe_injury,injuries_total,injuries_fatal,injuries_incapacitating,injuries_non_incapacitating,injuries_reported_not_evident,injuries_no_indication,injuries_unknown,crash_hour,crash_day_of_week,crash_month,latitude,longitude,location
2066035,69bd21e1b6d600562c37fb2d5d8a06046056a75a849559b234396f1d5009636e12037c274ca9cd2db8b874541461f3523e849fb3128682180d5fb37a14daa33c,2025-05-19T07:35:00.000,2,PARKED,,1969486.0,,FORD,TRANSIT,IL,2020.0,UNKNOWN,TRUCK - SINGLE UNIT,OTHER,N,PARKED,,,0.0,,,,,,,,,,,,,,Y,,,FRONT-LEFT-CORNER,,,,,,,,,,,,,,,,,,,,,,,,,,2025-05-19T07:35:00.000,30,NO CONTROLS,NO CONTROLS,CLEAR,DAYLIGHT,PARKED MOTOR VEHICLE,DIVIDED - W/MEDIAN BARRIER,STRAIGHT AND LEVEL,DRY,UNKNOWN,NOT ON SCENE (DESK REPORT),NO INJURY / DRIVE AWAY,,,,"OVER $1,500",2025-05-19T08:05:00.000,UNABLE TO DETERMINE,UNABLE TO DETERMINE,4317,N,ASHLAND AVE,1912,,,,,,,2,NO INDICATION OF INJURY,0.0,0.0,0.0,0.0,0.0,1.0,0.0,7,2,5,41.9603146406,-87.6690730537,POINT (-87.669073053707 41.960314640582)
2066032,e6c74913b337564d78e3e22dede6164d82903d364add754dd2fedc4433045bc338e9676b83fdd2b21552883ecee811ac2ca09e0236023fe6a46aee301bd6e206,2025-05-19T07:34:00.000,1,DRIVER,,1969466.0,,CADILLAC,SRX,IL,2012.0,NONE,PASSENGER,PERSONAL,N,CHANGING LANES,,,1.0,,,,,,,,,,,,,,,,Y,SIDE-RIGHT,,,,,,,,,,,,,,,,,,,,,,,,,,2025-05-19T07:34:00.000,40,NO CONTROLS,NO CONTROLS,CLOUDY/OVERCAST,DAYLIGHT,SIDESWIPE SAME DIRECTION,DIVIDED - W/MEDIAN BARRIER,STRAIGHT AND LEVEL,DRY,NO DEFECTS,NOT ON SCENE (DESK REPORT),INJURY AND / OR TOW DUE TO CRASH,,,,"OVER $1,500",2025-05-19T08:30:00.000,IMPROPER LANE USAGE,NOT APPLICABLE,401,N,LAKE SHORE DR NB,1834,,,,,,,2,"REPORTED, NOT EVIDENT",1.0,0.0,0.0,0.0,1.0,3.0,0.0,7,2,5,41.8891462543,-87.6138431274,POINT (-87.613843127448 41.889146254302)
2066033,e6c74913b337564d78e3e22dede6164d82903d364add754dd2fedc4433045bc338e9676b83fdd2b21552883ecee811ac2ca09e0236023fe6a46aee301bd6e206,2025-05-19T07:34:00.000,2,DRIVER,2.0,1969479.0,,VOLVO,XC90,IL,2024.0,NONE,PASSENGER,PERSONAL,N,STRAIGHT AHEAD,,,3.0,,,,,,,,,,Y,Y,Y,Y,Y,,,SIDE-LEFT,,,,,,,,,,,,,,,,,,,,,,,,,,2025-05-19T07:34:00.000,40,NO CONTROLS,NO CONTROLS,CLOUDY/OVERCAST,DAYLIGHT,SIDESWIPE SAME DIRECTION,DIVIDED - W/MEDIAN BARRIER,STRAIGHT AND LEVEL,DRY,NO DEFECTS,NOT ON SCENE (DESK REPORT),INJURY AND / OR TOW DUE TO CRASH,,,,"OVER $1,500",2025-05-19T08:30:00.000,IMPROPER LANE USAGE,NOT APPLICABLE,401,N,LAKE SHORE DR NB,1834,,,,,,,2,"REPORTED, NOT EVIDENT",1.0,0.0,0.0,0.0,1.0,3.0,0.0,7,2,5,41.8891462543,-87.6138431274,POINT (-87.613843127448 41.889146254302)
2066335,ede96e03a0708a4e87eae2c28d9454849b180d271a0ea0def50b7646fb1ca5ee919e3efc05c3d7814c4ed08f8a823a2792efdc95a9d4513adef79f8a95df1e23,2025-05-19T07:30:00.000,1,DRIVER,,1969744.0,,UNKNOWN,OTHER (EXPLAIN IN NARRATIVE),,,UNKNOWN,UNKNOWN/NA,UNKNOWN/NA,N,UNKNOWN/NA,,,1.0,,,,,,,,,,,,,,,,Y,UNKNOWN,,,,,,,,,,,,,,,,,,,,,,,,,Y,2025-05-19T07:30:00.000,20,NO CONTROLS,NO CONTROLS,CLEAR,DAYLIGHT,PARKED MOTOR VEHICLE,ONE-WAY,STRAIGHT AND LEVEL,DRY,NO DEFECTS,NOT ON SCENE (DESK REPORT),NO INJURY / DRIVE AWAY,,,Y,"OVER $1,500",2025-05-19T16:20:00.000,"OPERATING VEHICLE IN ERRATIC, RECKLESS, CARELESS, NEGLIGENT OR AGGRESSIVE MANNER",NOT APPLICABLE,6721,S,RIDGELAND AVE,332,,,,,,,2,NO INDICATION OF INJURY,0.0,0.0,0.0,0.0,0.0,1.0,0.0,7,2,5,41.7727110343,-87.5824829535,POINT (-87.582482953469 41.772711034279)
2066336,ede96e03a0708a4e87eae2c28d9454849b180d271a0ea0def50b7646fb1ca5ee919e3efc05c3d7814c4ed08f8a823a2792efdc95a9d4513adef79f8a95df1e23,2025-05-19T07:30:00.000,2,PARKED,,1969739.0,,NISSAN,ALTIMA,IL,2015.0,NONE,PASSENGER,PERSONAL,N,PARKED,,,0.0,,,,,,,,,,Y,Y,Y,Y,Y,,,SIDE-LEFT,,,,,,,,,,,,,,,,,,,,,,,,,Y,2025-05-19T07:30:00.000,20,NO CONTROLS,NO CONTROLS,CLEAR,DAYLIGHT,PARKED MOTOR VEHICLE,ONE-WAY,STRAIGHT AND LEVEL,DRY,NO DEFECTS,NOT ON SCENE (DESK REPORT),NO INJURY / DRIVE AWAY,,,Y,"OVER $1,500",2025-05-19T16:20:00.000,"OPERATING VEHICLE IN ERRATIC, RECKLESS, CARELESS, NEGLIGENT OR AGGRESSIVE MANNER",NOT APPLICABLE,6721,S,RIDGELAND AVE,332,,,,,,,2,NO INDICATION OF INJURY,0.0,0.0,0.0,0.0,0.0,1.0,0.0,7,2,5,41.7727110343,-87.5824829535,POINT (-87.582482953469 41.772711034279)
2066080,fdf3afd451ff6396dec295f891080f2885190f63b1d3181b9f5acc64f47f377530d46ff470e1e219b98bc4c93c2d9d04cfe8d3ffa1b76b8e61666fb8a8fbcc71,2025-05-19T07:30:00.000,1,DRIVER,,1969491.0,,UNKNOWN,OTHER (EXPLAIN IN NARRATIVE),XX,,UNKNOWN,UNKNOWN/NA,UNKNOWN/NA,UNKNOWN,UNKNOWN/NA,,,1.0,,,,Y,,,,,,,,,,Y,Y,,FRONT,,,,,,,,,,,,,,,,,,,,,,,,,,2025-05-19T07:30:00.000,30,NO CONTROLS,NO CONTROLS,CLEAR,UNKNOWN,PARKED MOTOR VEHICLE,NOT DIVIDED,STRAIGHT AND LEVEL,DRY,NO DEFECTS,ON SCENE,INJURY AND / OR TOW DUE TO CRASH,,,Y,"OVER $1,500",2025-05-19T08:30:00.000,UNABLE TO DETERMINE,DRIVING SKILLS/KNOWLEDGE/EXPERIENCE,2627,N,SHEFFIELD AVE,1935,,,,,,,2,NO INDICATION OF INJURY,0.0,0.0,0.0,0.0,0.0,1.0,0.0,7,2,5,41.929834282,-87.6536161187,POINT (-87.653616118731 41.929834281953)
2066081,fdf3afd451ff6396dec295f891080f2885190f63b1d3181b9f5acc64f47f377530d46ff470e1e219b98bc4c93c2d9d04cfe8d3ffa1b76b8e61666fb8a8fbcc71,2025-05-19T07:30:00.000,2,PARKED,,1969495.0,,KIA,OPTIMA / K5,IL,2020.0,NONE,PASSENGER,PERSONAL,S,PARKED,Y,,0.0,,,,Y,,,,,,,,,Y,Y,Y,,FRONT,,,,,,,,,,,,,,,,,,,,,,,,,,2025-05-19T07:30:00.000,30,NO CONTROLS,NO CONTROLS,CLEAR,UNKNOWN,PARKED MOTOR VEHICLE,NOT DIVIDED,STRAIGHT AND LEVEL,DRY,NO DEFECTS,ON SCENE,INJURY AND / OR TOW DUE TO CRASH,,,Y,"OVER $1,500",2025-05-19T08:30:00.000,UNABLE TO DETERMINE,DRIVING SKILLS/KNOWLEDGE/EXPERIENCE,2627,N,SHEFFIELD AVE,1935,,,,,,,2,NO INDICATION OF INJURY,0.0,0.0,0.0,0.0,0.0,1.0,0.0,7,2,5,41.929834282,-87.6536161187,POINT (-87.653616118731 41.929834281953)
2066061,6bec703d96e45646f70046cda8e51a1010c1833e574b9ecd4a347b8676805f101be65e4cfcf112ce90c590bcdd5f636f26f44d88f963d04db936a5fc921aae03,2025-05-19T07:29:00.000,1,DRIVER,,1969476.0,,FORD,FUSION,IL,2010.0,NONE,PASSENGER,TAXI/FOR HIRE,E,AVOIDING VEHICLES/OBJECTS,Y,,1.0,private,,,Y,,,,,,,,,,,Y,,FRONT-RIGHT-CORNER,,,,,,,,,,,,,,,,,,,,,,,,,,2025-05-19T07:29:00.000,30,NO CONTROLS,NO CONTROLS,CLEAR,DAYLIGHT,FIXED OBJECT,NOT DIVIDED,STRAIGHT AND LEVEL,DRY,NO DEFECTS,ON SCENE,INJURY AND / OR TOW DUE TO CRASH,,,,"OVER $1,500",2025-05-19T08:05:00.000,UNABLE TO DETERMINE,UNABLE TO DETERMINE,4601,W,55TH ST,813,,,,,,,1,NO INDICATION OF INJURY,0.0,0.0,0.0,0.0,0.0,1.0,0.0,7,2,5,41.792960958,-87.7380633025,POINT (-87.73806330249 41.792960957958)
2066030,b5ea0a0da206488e80945d7579822b6df54660492cac98569384d6e56ee6674b3512e81ae79ad5c75260de6276a9515c05fe019f13e45c436ccb4ac03534bf9b,2025-05-19T07:14:00.000,1,DRIVER,,1969463.0,,FORD,ESCORT,IL,2020.0,NONE,PASSENGER,OTHER,N,UNKNOWN/NA,,,1.0,,,,Y,,,,,,,,,,Y,Y,,FRONT-RIGHT-CORNER,,,,,,,,,,,,,,,,,,,,,,,,,,2025-05-19T07:14:00.000,30,NO CONTROLS,NO CONTROLS,CLEAR,DAYLIGHT,SIDESWIPE SAME DIRECTION,ONE-WAY,"CURVE, LEVEL",DRY,NO DEFECTS,ON SCENE,NO INJURY / DRIVE AWAY,,,,"$501 - $1,500",2025-05-19T07:30:00.000,FAILING TO YIELD RIGHT-OF-WAY,FAILING TO REDUCE SPEED TO AVOID CRASH,1963,S,RUBLE ST,1235,,Y,,,,,2,NO INDICATION OF INJURY,0.0,0.0,0.0,0.0,0.0,2.0,0.0,7,2,5,41.8557584376,-87.6436198569,POINT (-87.643619856891 41.855758437575)
2066031,b5ea0a0da206488e80945d7579822b6df54660492cac98569384d6e56ee6674b3512e81ae79ad5c75260de6276a9515c05fe019f13e45c436ccb4ac03534bf9b,2025-05-19T07:14:00.000,2,DRIVER,,1969478.0,Y,"MACK TRUCKS, INC.","MACK TRUCKS, INC.",IL,2016.0,NONE,TRACTOR W/O SEMI-TRAILER,COMMERCIAL - SINGLE UNIT,N,STRAIGHT AHEAD,,,1.0,,,Y,,,,,,,,,,,,,,REAR-LEFT-CORNER,21454.0,,DRIVER,2.0,NORTHERN MATERIALS INC,IL,MOKENA,,N,N,N,N,N,,,,,,TRUCK/TRAILER,OTHER,UNKNOWN,N,N,MISCELLANEOUS,,2025-05-19T07:14:00.000,30,NO CONTROLS,NO CONTROLS,CLEAR,DAYLIGHT,SIDESWIPE SAME DIRECTION,ONE-WAY,"CURVE, LEVEL",DRY,NO DEFECTS,ON SCENE,NO INJURY / DRIVE AWAY,,,,"$501 - $1,500",2025-05-19T07:30:00.000,FAILING TO YIELD RIGHT-OF-WAY,FAILING TO REDUCE SPEED TO AVOID CRASH,1963,S,RUBLE ST,1235,,Y,,,,,2,NO INDICATION OF INJURY,0.0,0.0,0.0,0.0,0.0,2.0,0.0,7,2,5,41.8557584376,-87.6436198569,POINT (-87.643619856891 41.855758437575)
2066009,b4d2acb155901b60c51d1696ddfffcb5079632045932333f66d3c540e05c71edaefcadba86829b30416474906c85cfcf50c431bb0f44b0de67e82de58b1d20c0,2025-05-19T07:07:00.000,2,DRIVER,,1969433.0,,DODGE,CHARGER,IL,2020.0,NONE,PASSENGER,PERSONAL,N,TURNING LEFT,,,1.0,,,,,,,Y,Y,,,,,,,,,OTHER,,,,,,,,,,,,,,,,,,,,,,,,,,2025-05-19T07:07:00.000,35,NO CONTROLS,NO CONTROLS,CLEAR,DAYLIGHT,TURNING,NOT DIVIDED,STRAIGHT AND LEVEL,DRY,NO DEFECTS,NOT ON SCENE (DESK REPORT),NO INJURY / DRIVE AWAY,,,,"OVER $1,500",2025-05-19T07:34:00.000,UNABLE TO DETERMINE,UNABLE TO DETERMINE,4440,N,CICERO AVE,1623,,,,,,,2,NO INDICATION OF INJURY,0.0,0.0,0.0,0.0,0.0,2.0,0.0,7,2,5,41.9618841751,-87.7477221203,POINT (-87.747722120282 41.961884175142)
2066010,b4d2acb155901b60c51d1696ddfffcb5079632045932333f66d3c540e05c71edaefcadba86829b30416474906c85cfcf50c431bb0f44b0de67e82de58b1d20c0,2025-05-19T07:07:00.000,1,DRIVER,,1969429.0,,TOYOTA,COROLLA,IL,2010.0,NONE,PASSENGER,PERSONAL,S,TURNING LEFT,,,1.0,,,,,,,,,,,,,,,Y,,FRONT,,,,,,,,,,,,,,,,,,,,,,,,,,2025-05-19T07:07:00.000,35,NO CONTROLS,NO CONTROLS,CLEAR,DAYLIGHT,TURNING,NOT DIVIDED,STRAIGHT AND LEVEL,DRY,NO DEFECTS,NOT ON SCENE (DESK REPORT),NO INJURY / DRIVE AWAY,,,,"OVER $1,500",2025-05-19T07:34:00.000,UNABLE TO DETERMINE,UNABLE TO DETERMINE,4440,N,CICERO AVE,1623,,,,,,,2,NO INDICATION OF INJURY,0.0,0.0,0.0,0.0,0.0,2.0,0.0,7,2,5,41.9618841751,-87.7477221203,POINT (-87.747722120282 41.961884175142)
2066431,9510f7f2f29006fb2047b76fb907e4d7a0377874b6da199e16b21cb606911b356a1500b7ab0228f85d8b5f3ddef33f518aa2040e9f3dfcca6cb2a35d2e3d6939,2025-05-19T07:05:00.000,1,DRIVER,,1969852.0,,TOYOTA,CAMRY,IL,2018.0,UNKNOWN,SPORT UTILITY VEHICLE (SUV),UNKNOWN/NA,N,STRAIGHT AHEAD,,,1.0,,,,Y,,,,,,,,,,,,,SIDE-RIGHT-FRONT,,,,,,,,,,,,,,,,,,,,,,,,,,2025-05-19T07:05:00.000,30,STOP SIGN/FLASHER,NO CONTROLS,CLEAR,DAYLIGHT,ANGLE,DIVIDED - W/MEDIAN (NOT RAISED),STRAIGHT AND LEVEL,DRY,NO DEFECTS,NOT ON SCENE (DESK REPORT),NO INJURY / DRIVE AWAY,Y,,,"OVER $1,500",2025-05-19T17:48:00.000,UNABLE TO DETERMINE,NOT APPLICABLE,1740,W,TAYLOR ST,1231,,,,,,,2,NO INDICATION OF INJURY,0.0,0.0,0.0,0.0,0.0,3.0,0.0,7,2,5,41.8693109071,-87.6705986821,POINT (-87.670598682097 41.869310907082)
2066432,9510f7f2f29006fb2047b76fb907e4d7a0377874b6da199e16b21cb606911b356a1500b7ab0228f85d8b5f3ddef33f518aa2040e9f3dfcca6cb2a35d2e3d6939,2025-05-19T07:05:00.000,2,DRIVER,1.0,1969858.0,,NISSAN,MURANO,IL,2014.0,NONE,SPORT UTILITY VEHICLE (SUV),PERSONAL,W,STRAIGHT AHEAD,,,2.0,,,,,,,,,,,Y,,,,,,SIDE-LEFT-REAR,,,,,,,,,,,,,,,,,,,,,,,,,,2025-05-19T07:05:00.000,30,STOP SIGN/FLASHER,NO CONTROLS,CLEAR,DAYLIGHT,ANGLE,DIVIDED - W/MEDIAN (NOT RAISED),STRAIGHT AND LEVEL,DRY,NO DEFECTS,NOT ON SCENE (DESK REPORT),NO INJURY / DRIVE AWAY,Y,,,"OVER $1,500",2025-05-19T17:48:00.000,UNABLE TO DETERMINE,NOT APPLICABLE,1740,W,TAYLOR ST,1231,,,,,,,2,NO INDICATION OF INJURY,0.0,0.0,0.0,0.0,0.0,3.0,0.0,7,2,5,41.8693109071,-87.6705986821,POINT (-87.670598682097 41.869310907082)
2066011,f0940802000cd862aee81af785f513534c466806c58e2625d24c05f94533927cf0aadf9a1fb5c368b1ae6532f9b1714992fe7700dbe86b31afae9affb31f5a17,2025-05-19T06:55:00.000,1,DRIVER,,1969432.0,,BMW,OTHER (EXPLAIN IN NARRATIVE),IL,,UNKNOWN,UNKNOWN/NA,UNKNOWN/NA,N,STRAIGHT AHEAD,,,1.0,,,,,,,,,,,,,,,Y,,FRONT,,,,,,,,,,,,,,,,,,,,,,,,,,2025-05-19T06:55:00.000,40,NO CONTROLS,NO CONTROLS,CLEAR,DAYLIGHT,REAR END,DIVIDED - W/MEDIAN BARRIER,STRAIGHT AND LEVEL,DRY,NO DEFECTS,ON SCENE,NO INJURY / DRIVE AWAY,,,Y,"OVER $1,500",2025-05-19T06:55:00.000,"OPERATING VEHICLE IN ERRATIC, RECKLESS, CARELESS, NEGLIGENT OR AGGRESSIVE MANNER",FOLLOWING TOO CLOSELY,3101,N,LAKE SHORE DR NB,1934,,,,,,,2,NO INDICATION OF INJURY,0.0,0.0,0.0,0.0,0.0,2.0,0.0,6,2,5,41.9378891915,-87.6349417836,POINT (-87.634941783631 41.93788919152)
2066012,f0940802000cd862aee81af785f513534c466806c58e2625d24c05f94533927cf0aadf9a1fb5c368b1ae6532f9b1714992fe7700dbe86b31afae9affb31f5a17,2025-05-19T06:55:00.000,2,DRIVER,,1969442.0,,VOLKSWAGEN,ATLAS,IL,2022.0,NONE,SPORT UTILITY VEHICLE (SUV),PERSONAL,N,STRAIGHT AHEAD,,,1.0,,,,,,,,,Y,,,,,,,,REAR,,,,,,,,,,,,,,,,,,,,,,,,,,2025-05-19T06:55:00.000,40,NO CONTROLS,NO CONTROLS,CLEAR,DAYLIGHT,REAR END,DIVIDED - W/MEDIAN BARRIER,STRAIGHT AND LEVEL,DRY,NO DEFECTS,ON SCENE,NO INJURY / DRIVE AWAY,,,Y,"OVER $1,500",2025-05-19T06:55:00.000,"OPERATING VEHICLE IN ERRATIC, RECKLESS, CARELESS, NEGLIGENT OR AGGRESSIVE MANNER",FOLLOWING TOO CLOSELY,3101,N,LAKE SHORE DR NB,1934,,,,,,,2,NO INDICATION OF INJURY,0.0,0.0,0.0,0.0,0.0,2.0,0.0,6,2,5,41.9378891915,-87.6349417836,POINT (-87.634941783631 41.93788919152)
2066095,7422e5625cbd0a359b4992be8e1c5bfb42eb66cc1f5e79bd3bff2d73e3235812b13ca752cdee451bd62fbf198245b97ed652c6564cb3cbaa3b1a077ec0816d37,2025-05-19T06:40:00.000,1,DRIVER,,1969517.0,,SUBARU,OUTBACK,IL,2018.0,NONE,SPORT UTILITY VEHICLE (SUV),PERSONAL,E,TURNING LEFT,Y,,1.0,private,,,,,,,,,,,,Y,Y,,,FRONT-LEFT-CORNER,,,,,,,,,,,,,,,,,,,,,,,,,,2025-05-19T06:40:00.000,30,STOP SIGN/FLASHER,FUNCTIONING PROPERLY,CLEAR,DAYLIGHT,TURNING,FOUR WAY,STRAIGHT AND LEVEL,DRY,NO DEFECTS,ON SCENE,INJURY AND / OR TOW DUE TO CRASH,,,,"OVER $1,500",2025-05-19T06:42:00.000,FAILING TO YIELD RIGHT-OF-WAY,NOT APPLICABLE,4300,N,MILWAUKEE AVE,1624,,,,,,,2,NONINCAPACITATING INJURY,2.0,0.0,0.0,1.0,1.0,0.0,0.0,6,2,5,41.9588168193,-87.7530817522,POINT (-87.753081752244 41.958816819255)
2066096,7422e5625cbd0a359b4992be8e1c5bfb42eb66cc1f5e79bd3bff2d73e3235812b13ca752cdee451bd62fbf198245b97ed652c6564cb3cbaa3b1a077ec0816d37,2025-05-19T06:40:00.000,2,DRIVER,,1969522.0,,BMW,328I,IL,2013.0,NONE,PASSENGER,PERSONAL,SE,STRAIGHT AHEAD,Y,,1.0,private,,,Y,Y,,,,,,,,,,Y,,FRONT-RIGHT-CORNER,,,,,,,,,,,,,,,,,,,,,,,,,,2025-05-19T06:40:00.000,30,STOP SIGN/FLASHER,FUNCTIONING PROPERLY,CLEAR,DAYLIGHT,TURNING,FOUR WAY,STRAIGHT AND LEVEL,DRY,NO DEFECTS,ON SCENE,INJURY AND / OR TOW DUE TO CRASH,,,,"OVER $1,500",2025-05-19T06:42:00.000,FAILING TO YIELD RIGHT-OF-WAY,NOT APPLICABLE,4300,N,MILWAUKEE AVE,1624,,,,,,,2,NONINCAPACITATING INJURY,2.0,0.0,0.0,1.0,1.0,0.0,0.0,6,2,5,41.9588168193,-87.7530817522,POINT (-87.753081752244 41.958816819255)
2065995,efc302a7a8b16bac957b0e18c2cbc425e8f51df280face25e3b3a2ea15cee08a1fa02ef375e196fdf35b192124da049e62d1a2ac54987d5892c1dc5377839af2,2025-05-19T06:39:00.000,1,DRIVER,,1969417.0,,VOLKSWAGEN,OTHER (EXPLAIN IN NARRATIVE),IL,2019.0,NONE,PASSENGER,PERSONAL,W,STRAIGHT AHEAD,,,1.0,,,,,,,,,,,,,,,Y,,FRONT,,,,,,,,,,,,,,,,,,,,,,,,,,2025-05-19T06:39:00.000,25,UNKNOWN,UNKNOWN,CLEAR,DAYLIGHT,REAR END,DIVIDED - W/MEDIAN (NOT RAISED),STRAIGHT AND LEVEL,DRY,NO DEFECTS,NOT ON SCENE (DESK REPORT),NO INJURY / DRIVE AWAY,,,,"OVER $1,500",2025-05-19T07:00:00.000,UNABLE TO DETERMINE,UNABLE TO DETERMINE,3799,W,ARMITAGE AVE,2535,,,,,,,2,NO INDICATION OF INJURY,0.0,0.0,0.0,0.0,0.0,2.0,0.0,6,2,5,41.9171146749,-87.7216012653,POINT (-87.721601265341 41.917114674932)
2065996,efc302a7a8b16bac957b0e18c2cbc425e8f51df280face25e3b3a2ea15cee08a1fa02ef375e196fdf35b192124da049e62d1a2ac54987d5892c1dc5377839af2,2025-05-19T06:39:00.000,2,DRIVER,,1969421.0,,MERCEDES-BENZ,S-CLASS,IL,1997.0,NONE,PASSENGER,PERSONAL,W,STRAIGHT AHEAD,,,1.0,,,,,,,,,Y,,,,,,,,REAR,,,,,,,,,,,,,,,,,,,,,,,,,,2025-05-19T06:39:00.000,25,UNKNOWN,UNKNOWN,CLEAR,DAYLIGHT,REAR END,DIVIDED - W/MEDIAN (NOT RAISED),STRAIGHT AND LEVEL,DRY,NO DEFECTS,NOT ON SCENE (DESK REPORT),NO INJURY / DRIVE AWAY,,,,"OVER $1,500",2025-05-19T07:00:00.000,UNABLE TO DETERMINE,UNABLE TO DETERMINE,3799,W,ARMITAGE AVE,2535,,,,,,,2,NO INDICATION OF INJURY,0.0,0.0,0.0,0.0,0.0,2.0,0.0,6,2,5,41.9171146749,-87.7216012653,POINT (-87.721601265341 41.917114674932)
2066355,26fef426b6c71d5606ada08304dc8f6d7f151c048f3f806ffbbd2744ff61cdba7714affd7b451b821b44b74a292b4c3d5659c074aece8d2b18b64ceed41cfd22,2025-05-19T06:30:00.000,1,DRIVER,,1969772.0,,KIA,SORENTO,IL,2021.0,UNKNOWN,SPORT UTILITY VEHICLE (SUV),UNKNOWN/NA,N,STRAIGHT AHEAD,,,1.0,,,,,,,,,,,,,,,,Y,FRONT,,,,,,,,,,,,,,,,,,,,,,,,,,2025-05-19T06:30:00.000,30,NO CONTROLS,NO CONTROLS,UNKNOWN,UNKNOWN,REAR END,ONE-WAY,STRAIGHT AND LEVEL,UNKNOWN,UNKNOWN,NOT ON SCENE (DESK REPORT),NO INJURY / DRIVE AWAY,,,,"OVER $1,500",2025-05-19T16:44:00.000,UNABLE TO DETERMINE,UNABLE TO DETERMINE,5700,S,CICERO AVE,813,,,,,,,2,NO INDICATION OF INJURY,0.0,0.0,0.0,0.0,0.0,2.0,0.0,6,2,5,41.7893293233,-87.7416456442,POINT (-87.741645644196 41.789329323265)
2066356,26fef426b6c71d5606ada08304dc8f6d7f151c048f3f806ffbbd2744ff61cdba7714affd7b451b821b44b74a292b4c3d5659c074aece8d2b18b64ceed41cfd22,2025-05-19T06:30:00.000,2,DRIVER,,1969784.0,,BMW,3 SERIES,IL,2013.0,NONE,SPORT UTILITY VEHICLE (SUV),PERSONAL,N,SLOW/STOP IN TRAFFIC,,,1.0,,,,,,,,,Y,,,,,,,,REAR,,,,,,,,,,,,,,,,,,,,,,,,,,2025-05-19T06:30:00.000,30,NO CONTROLS,NO CONTROLS,UNKNOWN,UNKNOWN,REAR END,ONE-WAY,STRAIGHT AND LEVEL,UNKNOWN,UNKNOWN,NOT ON SCENE (DESK REPORT),NO INJURY / DRIVE AWAY,,,,"OVER $1,500",2025-05-19T16:44:00.000,UNABLE TO DETERMINE,UNABLE TO DETERMINE,5700,S,CICERO AVE,813,,,,,,,2,NO INDICATION OF INJURY,0.0,0.0,0.0,0.0,0.0,2.0,0.0,6,2,5,41.7893293233,-87.7416456442,POINT (-87.741645644196 41.789329323265)
2066170,d46bf0aa7dea60a2c0b3a0fc9754537d4f2923592e24c66a2a759ffc0f07f189ce87b14155932b6bfd616bfd4bc6fdddb148a738a20750b029a845d784c2f4ce,2025-05-19T06:30:00.000,1,DRIVER,,1969584.0,,UNKNOWN,OTHER (EXPLAIN IN NARRATIVE),,,UNKNOWN,UNKNOWN/NA,UNKNOWN/NA,UNKNOWN,UNKNOWN/NA,,,1.0,,,,,,,,,,,,,,,,Y,UNKNOWN,,,,,,,,,,,,,,,,,,,,,,,,,,2025-05-19T06:30:00.000,30,NO CONTROLS,NO CONTROLS,CLEAR,DAYLIGHT,PARKED MOTOR VEHICLE,ONE-WAY,STRAIGHT AND LEVEL,DRY,NO DEFECTS,NOT ON SCENE (DESK REPORT),NO INJURY / DRIVE AWAY,,,Y,"$501 - $1,500",2025-05-19T11:00:00.000,UNABLE TO DETERMINE,UNABLE TO DETERMINE,1213,W,RACE AVE,1214,,,,,,,2,NO INDICATION OF INJURY,0.0,0.0,0.0,0.0,0.0,1.0,0.0,6,2,5,41.891706635,-87.6581216708,POINT (-87.658121670814 41.891706634954)