crash_unit_id,crash_record_id,crash_date_left,unit_no,unit_type,num_passengers,vehicle_id,cmrc_veh_i,make,model,lic_plate_state,vehicle_year,vehicle_defect,vehicle_type,vehicle_use,travel_direction,maneuver,towed_i,fire_i,occupant_cnt,towed_by,towed_to,area_00_i,area_01_i,area_02_i,area_03_i,area_04_i,area_05_i,area_06_i,area_07_i,area_08_i,area_09_i,area_10_i,area_11_i,area_12_i,area_99_i,first_contact_point,cmv_id,usdot_no,commercial_src,gvwr,carrier_name,carrier_state,carrier_city,hazmat_placards_i,hazmat_present_i,hazmat_report_i,mcs_report_i,hazmat_vio_cause_crash_i,mcs_vio_cause_crash_i,idot_permit_no,trailer1_width,trailer2_width,trailer1_length,axle_cnt,vehicle_config,cargo_body_type,load_type,hazmat_out_of_service_i,mcs_out_of_service_i,hazmat_class,crash_date_est_i,crash_date_right,posted_speed_limit,traffic_control_device,device_condition,weather_condition,lighting_condition,first_crash_type,trafficway_type,alignment,roadway_surface_cond,road_defect,report_type,crash_type,intersection_related_i,private_property_i,hit_and_run_i,damage,date_police_notified,prim_contributory_cause,sec_contributory_cause,street_no,street_direction,street_name,beat_of_occurrence,photos_taken_i,statements_taken_i,dooring_i,work_zone_i,work_zone_type,workers_present_i,num_units,most_severe_injury,injuries_total,injuries_fatal,injuries_incapacitating,injuries_non_incapacitating,injuries_reported_not_evident,injuries_no_indication,injuries_unknown,crash_hour,crash_day_of_week,crash_month,latitude,longitude,location
2066171,d46bf0aa7dea60a2c0b3a0fc9754537d4f2923592e24c66a2a759ffc0f07f189ce87b14155932b6bfd616bfd4bc6fdddb148a738a20750b029a845d784c2f4ce,2025-05-19T06:30:00.000,2,PARKED,,1969588.0,,FORD,F150,IL,2015.0,NONE,PICKUP,PERSONAL,S,PARKED,,,0.0,,,,,,,,,,,Y,Y,Y,,,,SIDE-LEFT,,,,,,,,,,,,,,,,,,,,,,,,,,2025-05-19T06:30:00.000,30,NO CONTROLS,NO CONTROLS,CLEAR,DAYLIGHT,PARKED MOTOR VEHICLE,ONE-WAY,STRAIGHT AND LEVEL,DRY,NO DEFECTS,NOT ON SCENE (DESK REPORT),NO INJURY / DRIVE AWAY,,,Y,"$501 - $1,500",2025-05-19T11:00:00.000,UNABLE TO DETERMINE,UNABLE TO DETERMINE,1213,W,RACE AVE,1214,,,,,,,2,NO INDICATION OF INJURY,0.0,0.0,0.0,0.0,0.0,1.0,0.0,6,2,5,41.891706635,-87.6581216708,POINT (-87.658121670814 41.891706634954)
2066001,67da4e9ba2e0cad7c27c8def6c073ac510e3c8cf7b09f198f7570a1ff132f148d6b61f5d1ac8f487ff1ec0d6139a4d8b72b71f802c6b3fb6afe9924a25f5676f,2025-05-19T06:29:00.000,1,DRIVER,,1969428.0,,FORD,EXPLORER,IL,2017.0,NONE,PASSENGER,POLICE,S,STRAIGHT AHEAD,,,1.0,,,,,,,,,,,,Y,Y,Y,,,FRONT,,,,,,,,,,,,,,,,,,,,,,,,,,2025-05-19T06:29:00.000,30,TRAFFIC SIGNAL,FUNCTIONING PROPERLY,CLOUDY/OVERCAST,DAWN,ANGLE,TRAFFIC ROUTE,STRAIGHT AND LEVEL,DRY,NO DEFECTS,ON SCENE,NO INJURY / DRIVE AWAY,Y,,,$500 OR LESS,2025-05-19T06:29:00.000,FAILING TO YIELD RIGHT-OF-WAY,NOT APPLICABLE,500,N,KEDZIE AVE,1121,,,,,,,2,NO INDICATION OF INJURY,0.0,0.0,0.0,0.0,0.0,2.0,0.0,6,2,5,41.8903844508,-87.7065467882,POINT (-87.706546788234 41.890384450837)
2066002,67da4e9ba2e0cad7c27c8def6c073ac510e3c8cf7b09f198f7570a1ff132f148d6b61f5d1ac8f487ff1ec0d6139a4d8b72b71f802c6b3fb6afe9924a25f5676f,2025-05-19T06:29:00.000,2,DRIVER,,1969434.0,,CHEVROLET,SUBURBAN,IL,2005.0,UNKNOWN,SPORT UTILITY VEHICLE (SUV),PERSONAL,W,STRAIGHT AHEAD,,,1.0,,,,Y,,,,,,Y,Y,,,,,,SIDE-LEFT-REAR,,,,,,,,,,,,,,,,,,,,,,,,,,2025-05-19T06:29:00.000,30,TRAFFIC SIGNAL,FUNCTIONING PROPERLY,CLOUDY/OVERCAST,DAWN,ANGLE,TRAFFIC ROUTE,STRAIGHT AND LEVEL,DRY,NO DEFECTS,ON SCENE,NO INJURY / DRIVE AWAY,Y,,,$500 OR LESS,2025-05-19T06:29:00.000,FAILING TO YIELD RIGHT-OF-WAY,NOT APPLICABLE,500,N,KEDZIE AVE,1121,,,,,,,2,NO INDICATION OF INJURY,0.0,0.0,0.0,0.0,0.0,2.0,0.0,6,2,5,41.8903844508,-87.7065467882,POINT (-87.706546788234 41.890384450837)
2066017,307c3bf3378fd08f67e16a936d3799328e326684f49ce6ac96e6cc683fbe46007d85f0c17c63999a5bde373d2172949f6ba5117c48c6871673b425b240e5453c,2025-05-19T06:23:00.000,1,DRIVER,,1969451.0,,NISSAN,MURANO,IL,2014.0,UNKNOWN,SPORT UTILITY VEHICLE (SUV),PERSONAL,E,STARTING IN TRAFFIC,,,1.0,,,,,,,,,,,,,,,Y,,FRONT,,,,,,,,,,,,,,,,,,,,,,,,,,2025-05-19T06:23:00.000,30,STOP SIGN/FLASHER,FUNCTIONING PROPERLY,CLEAR,DAYLIGHT,ANGLE,FOUR WAY,STRAIGHT AND LEVEL,DRY,NO DEFECTS,NOT ON SCENE (DESK REPORT),NO INJURY / DRIVE AWAY,,,,"$501 - $1,500",2025-05-19T06:50:00.000,FAILING TO YIELD RIGHT-OF-WAY,FAILING TO YIELD RIGHT-OF-WAY,1000,S,PAULINA ST,1231,,,,,,,2,NO INDICATION OF INJURY,0.0,0.0,0.0,0.0,0.0,2.0,0.0,6,2,5,41.8691785049,-87.6691131543,POINT (-87.669113154259 41.869178504929)
2066018,307c3bf3378fd08f67e16a936d3799328e326684f49ce6ac96e6cc683fbe46007d85f0c17c63999a5bde373d2172949f6ba5117c48c6871673b425b240e5453c,2025-05-19T06:23:00.000,2,DRIVER,,1969455.0,,TOYOTA,CAMRY,IL,2018.0,NONE,PASSENGER,PERSONAL,N,STARTING IN TRAFFIC,,,1.0,,,,Y,Y,Y,,,,,,,,,,,SIDE-RIGHT,,,,,,,,,,,,,,,,,,,,,,,,,,2025-05-19T06:23:00.000,30,STOP SIGN/FLASHER,FUNCTIONING PROPERLY,CLEAR,DAYLIGHT,ANGLE,FOUR WAY,STRAIGHT AND LEVEL,DRY,NO DEFECTS,NOT ON SCENE (DESK REPORT),NO INJURY / DRIVE AWAY,,,,"$501 - $1,500",2025-05-19T06:50:00.000,FAILING TO YIELD RIGHT-OF-WAY,FAILING TO YIELD RIGHT-OF-WAY,1000,S,PAULINA ST,1231,,,,,,,2,NO INDICATION OF INJURY,0.0,0.0,0.0,0.0,0.0,2.0,0.0,6,2,5,41.8691785049,-87.6691131543,POINT (-87.669113154259 41.869178504929)
2066019,834b34ca7a87bb250516a6516dd5c8e956a8517ffb0175d5f4380cc9637eddb96b3f5131357845c45a2fa49c94c5beb8bdce53c68ce15b815cf48c46c6c78bb6,2025-05-19T06:15:00.000,1,DRIVER,,1969443.0,,FORD,FUSION,IL,2014.0,UNKNOWN,PASSENGER,PERSONAL,W,OTHER,Y,,1.0,PRIVATE TOW,,,Y,Y,Y,,,,,,,,,Y,,FRONT-RIGHT-CORNER,,,,,,,,,,,,,,,,,,,,,,,,,,2025-05-19T06:15:00.000,30,NO CONTROLS,NO CONTROLS,CLEAR,DAWN,PARKED MOTOR VEHICLE,NOT DIVIDED,STRAIGHT AND LEVEL,DRY,NO DEFECTS,ON SCENE,INJURY AND / OR TOW DUE TO CRASH,,,,"OVER $1,500",2025-05-19T06:40:00.000,UNABLE TO DETERMINE,NOT APPLICABLE,3940,W,DICKENS AVE,2525,,,,,,,3,NO INDICATION OF INJURY,0.0,0.0,0.0,0.0,0.0,1.0,0.0,6,2,5,41.9191129631,-87.7258715838,POINT (-87.725871583797 41.919112963145)
2066020,834b34ca7a87bb250516a6516dd5c8e956a8517ffb0175d5f4380cc9637eddb96b3f5131357845c45a2fa49c94c5beb8bdce53c68ce15b815cf48c46c6c78bb6,2025-05-19T06:15:00.000,2,PARKED,,1969444.0,,HONDA,CIVIC,IL,2008.0,UNKNOWN,PASSENGER,NOT IN USE,W,PARKED,,,0.0,,,,,,,,,Y,Y,Y,Y,,,Y,,REAR-LEFT-CORNER,,,,,,,,,,,,,,,,,,,,,,,,,,2025-05-19T06:15:00.000,30,NO CONTROLS,NO CONTROLS,CLEAR,DAWN,PARKED MOTOR VEHICLE,NOT DIVIDED,STRAIGHT AND LEVEL,DRY,NO DEFECTS,ON SCENE,INJURY AND / OR TOW DUE TO CRASH,,,,"OVER $1,500",2025-05-19T06:40:00.000,UNABLE TO DETERMINE,NOT APPLICABLE,3940,W,DICKENS AVE,2525,,,,,,,3,NO INDICATION OF INJURY,0.0,0.0,0.0,0.0,0.0,1.0,0.0,6,2,5,41.9191129631,-87.7258715838,POINT (-87.725871583797 41.919112963145)
2066021,834b34ca7a87bb250516a6516dd5c8e956a8517ffb0175d5f4380cc9637eddb96b3f5131357845c45a2fa49c94c5beb8bdce53c68ce15b815cf48c46c6c78bb6,2025-05-19T06:15:00.000,3,PARKED,,1969446.0,,MERCEDES-BENZ,SPRINTER,IL,2023.0,UNKNOWN,VAN/MINI-VAN,NOT IN USE,W,PARKED,,,0.0,,,,,,,,,Y,,,,,,,,REAR,,,,,,,,,,,,,,,,,,,,,,,,,,2025-05-19T06:15:00.000,30,NO CONTROLS,NO CONTROLS,CLEAR,DAWN,PARKED MOTOR VEHICLE,NOT DIVIDED,STRAIGHT AND LEVEL,DRY,NO DEFECTS,ON SCENE,INJURY AND / OR TOW DUE TO CRASH,,,,"OVER $1,500",2025-05-19T06:40:00.000,UNABLE TO DETERMINE,NOT APPLICABLE,3940,W,DICKENS AVE,2525,,,,,,,3,NO INDICATION OF INJURY,0.0,0.0,0.0,0.0,0.0,1.0,0.0,6,2,5,41.9191129631,-87.7258715838,POINT (-87.725871583797 41.919112963145)
2066005,be3370d59855c1bd7c53d73c4a8eafd30ab8e75f025ca399054b918e41bb0de274db1f0047ef634f64818746d22b34a53f7bb235b23c9b9a5fe2db2a2074d23c,2025-05-19T06:15:00.000,1,DRIVER,,1969424.0,,FORD,FIESTA,IL,2015.0,UNKNOWN,PASSENGER,UNKNOWN/NA,N,STRAIGHT AHEAD,,,1.0,,,,Y,,,,,,,,,,Y,Y,,FRONT,,,,,,,,,,,,,,,,,,,,,,,,,,2025-05-19T06:15:00.000,30,NO CONTROLS,NO CONTROLS,CLEAR,DAWN,REAR END,NOT DIVIDED,STRAIGHT AND LEVEL,DRY,UNKNOWN,NOT ON SCENE (DESK REPORT),NO INJURY / DRIVE AWAY,,,,"OVER $1,500",2025-05-19T07:25:00.000,UNABLE TO DETERMINE,NOT APPLICABLE,3401,S,WESTERN AVE,911,,,,,,,2,NO INDICATION OF INJURY,0.0,0.0,0.0,0.0,0.0,2.0,0.0,6,2,5,41.8320502985,-87.6849281234,POINT (-87.684928123423 41.83205029845)
2066006,be3370d59855c1bd7c53d73c4a8eafd30ab8e75f025ca399054b918e41bb0de274db1f0047ef634f64818746d22b34a53f7bb235b23c9b9a5fe2db2a2074d23c,2025-05-19T06:15:00.000,2,DRIVER,,1969427.0,,NISSAN,QUEST,IL,2014.0,NONE,VAN/MINI-VAN,PERSONAL,N,STRAIGHT AHEAD,,,1.0,,,,,,,,Y,Y,Y,,,,,,,REAR,,,,,,,,,,,,,,,,,,,,,,,,,,2025-05-19T06:15:00.000,30,NO CONTROLS,NO CONTROLS,CLEAR,DAWN,REAR END,NOT DIVIDED,STRAIGHT AND LEVEL,DRY,UNKNOWN,NOT ON SCENE (DESK REPORT),NO INJURY / DRIVE AWAY,,,,"OVER $1,500",2025-05-19T07:25:00.000,UNABLE TO DETERMINE,NOT APPLICABLE,3401,S,WESTERN AVE,911,,,,,,,2,NO INDICATION OF INJURY,0.0,0.0,0.0,0.0,0.0,2.0,0.0,6,2,5,41.8320502985,-87.6849281234,POINT (-87.684928123423 41.83205029845)
2066062,e02eba15c7ec352a59ed581e3c26bf1b947800f9b58d2c07bc48d2c57fb69160e18c0568b451326e1e1d2f99efa0b43df11fa453f84ccb077b19699525f592bd,2025-05-19T06:04:00.000,1,DRIVER,1.0,1969494.0,,NISSAN,VERSA,IL,2024.0,UNKNOWN,PASSENGER,PERSONAL,N,STRAIGHT AHEAD,,,2.0,,,,Y,Y,,,,,,,,Y,Y,Y,,FRONT,,,,,,,,,,,,,,,,,,,,,,,,,,2025-05-19T06:04:00.000,30,NO CONTROLS,FUNCTIONING PROPERLY,CLEAR,DAYLIGHT,REAR END,ONE-WAY,STRAIGHT AND LEVEL,DRY,NO DEFECTS,ON SCENE,INJURY AND / OR TOW DUE TO CRASH,,,,"OVER $1,500",2025-05-19T06:06:00.000,UNABLE TO DETERMINE,UNABLE TO DETERMINE,5600,N,LAKE SHORE DR NB,2022,,,,,,,3,INCAPACITATING INJURY,4.0,0.0,1.0,1.0,2.0,0.0,0.0,6,2,5,41.9839519461,-87.6532151083,POINT (-87.653215108266 41.983951946132)
2066063,e02eba15c7ec352a59ed581e3c26bf1b947800f9b58d2c07bc48d2c57fb69160e18c0568b451326e1e1d2f99efa0b43df11fa453f84ccb077b19699525f592bd,2025-05-19T06:04:00.000,2,DRIVER,,1969516.0,,HONDA,HR-V,IL,2024.0,UNKNOWN,PASSENGER,PERSONAL,N,STRAIGHT AHEAD,Y,,1.0,PRIVATE TOW,,,Y,Y,,,Y,Y,Y,,,Y,Y,Y,,FRONT,,,,,,,,,,,,,,,,,,,,,,,,,,2025-05-19T06:04:00.000,30,NO CONTROLS,FUNCTIONING PROPERLY,CLEAR,DAYLIGHT,REAR END,ONE-WAY,STRAIGHT AND LEVEL,DRY,NO DEFECTS,ON SCENE,INJURY AND / OR TOW DUE TO CRASH,,,,"OVER $1,500",2025-05-19T06:06:00.000,UNABLE TO DETERMINE,UNABLE TO DETERMINE,5600,N,LAKE SHORE DR NB,2022,,,,,,,3,INCAPACITATING INJURY,4.0,0.0,1.0,1.0,2.0,0.0,0.0,6,2,5,41.9839519461,-87.6532151083,POINT (-87.653215108266 41.983951946132)
2066064,e02eba15c7ec352a59ed581e3c26bf1b947800f9b58d2c07bc48d2c57fb69160e18c0568b451326e1e1d2f99efa0b43df11fa453f84ccb077b19699525f592bd,2025-05-19T06:04:00.000,3,DRIVER,,1969527.0,,CHEVROLET,TAHOE,IL,2019.0,NONE,PASSENGER,PERSONAL,N,STRAIGHT AHEAD,Y,,1.0,PRIVATE TOW,,,,,,,Y,Y,Y,,,,,,,REAR,,,,,,,,,,,,,,,,,,,,,,,,,,2025-05-19T06:04:00.000,30,NO CONTROLS,FUNCTIONING PROPERLY,CLEAR,DAYLIGHT,REAR END,ONE-WAY,STRAIGHT AND LEVEL,DRY,NO DEFECTS,ON SCENE,INJURY AND / OR TOW DUE TO CRASH,,,,"OVER $1,500",2025-05-19T06:06:00.000,UNABLE TO DETERMINE,UNABLE TO DETERMINE,5600,N,LAKE SHORE DR NB,2022,,,,,,,3,INCAPACITATING INJURY,4.0,0.0,1.0,1.0,2.0,0.0,0.0,6,2,5,41.9839519461,-87.6532151083,POINT (-87.653215108266 41.983951946132)
2066007,f4f85c2131e8e12e05f64dfba61027bbb28d54862f36672721b3ecb0bb9f60a9258c58eac70aa3b2770cd5ccc63d4ea6e826fc913e3c8650966d926124b75fb9,2025-05-19T05:51:00.000,1,DRIVER,1.0,1969440.0,,CHEVROLET,IMPALA,IL,2017.0,UNKNOWN,PASSENGER,RIDESHARE SERVICE,N,TURNING LEFT,Y,,2.0,STREETS AND SANITATION,500 E LOWER WACKER DRIVE,,Y,Y,Y,Y,Y,Y,,,,Y,Y,Y,,FRONT,,,,,,,,,,,,,,,,,,,,,,,,,,2025-05-19T05:51:00.000,40,TRAFFIC SIGNAL,UNKNOWN,CLEAR,DAYLIGHT,TURNING,DIVIDED - W/MEDIAN (NOT RAISED),STRAIGHT ON GRADE,UNKNOWN,UNKNOWN,ON SCENE,INJURY AND / OR TOW DUE TO CRASH,Y,,,"OVER $1,500",2025-05-19T05:55:00.000,FAILING TO YIELD RIGHT-OF-WAY,IMPROPER TURNING/NO SIGNAL,310,S,LAKE SHORE DR SB,114,,,,,,,2,NONINCAPACITATING INJURY,2.0,0.0,0.0,2.0,0.0,1.0,0.0,5,2,5,41.8780813365,-87.617570212,POINT (-87.617570211985 41.878081336545)
2066008,f4f85c2131e8e12e05f64dfba61027bbb28d54862f36672721b3ecb0bb9f60a9258c58eac70aa3b2770cd5ccc63d4ea6e826fc913e3c8650966d926124b75fb9,2025-05-19T05:51:00.000,2,DRIVER,,1969448.0,,TOYOTA,RAV4,IL,2011.0,UNKNOWN,PASSENGER,UNKNOWN/NA,S,STRAIGHT AHEAD,Y,,1.0,STREETS AND SANITATION,500 E LOWER WACKER DRIVE,,Y,,,,,,,,,N,Y,Y,,FRONT,,,,,,,,,,,,,,,,,,,,,,,,,,2025-05-19T05:51:00.000,40,TRAFFIC SIGNAL,UNKNOWN,CLEAR,DAYLIGHT,TURNING,DIVIDED - W/MEDIAN (NOT RAISED),STRAIGHT ON GRADE,UNKNOWN,UNKNOWN,ON SCENE,INJURY AND / OR TOW DUE TO CRASH,Y,,,"OVER $1,500",2025-05-19T05:55:00.000,FAILING TO YIELD RIGHT-OF-WAY,IMPROPER TURNING/NO SIGNAL,310,S,LAKE SHORE DR SB,114,,,,,,,2,NONINCAPACITATING INJURY,2.0,0.0,0.0,2.0,0.0,1.0,0.0,5,2,5,41.8780813365,-87.617570212,POINT (-87.617570211985 41.878081336545)
2066297,3e5e671a5efeb534c0b234035a777f35e69d2091ccab9d43f9a36c543f5f92151d82b5c4ef1cf24487a732702526a5bf39536bdfd1e10fb13ec82e9f1a6c8150,2025-05-19T05:00:00.000,1,DRIVER,,1969716.0,,SCION,TC,IL,2005.0,NONE,PASSENGER,PERSONAL,E,STRAIGHT AHEAD,,,1.0,,,,Y,,,,,,,,,,N,Y,,FRONT-RIGHT-CORNER,,,,,,,,,,,,,,,,,,,,,,,,,,2025-05-19T05:00:00.000,30,TRAFFIC SIGNAL,FUNCTIONING PROPERLY,CLEAR,UNKNOWN,ANGLE,FOUR WAY,STRAIGHT AND LEVEL,DRY,NO DEFECTS,NOT ON SCENE (DESK REPORT),NO INJURY / DRIVE AWAY,Y,,,"OVER $1,500",2025-05-19T15:35:00.000,DISREGARDING TRAFFIC SIGNALS,UNABLE TO DETERMINE,300,N,PULASKI RD,1114,,,,,,,2,NO INDICATION OF INJURY,0.0,0.0,0.0,0.0,0.0,2.0,0.0,5,2,5,41.885533551,-87.7259529068,POINT (-87.725952906768 41.885533551021)
2066298,3e5e671a5efeb534c0b234035a777f35e69d2091ccab9d43f9a36c543f5f92151d82b5c4ef1cf24487a732702526a5bf39536bdfd1e10fb13ec82e9f1a6c8150,2025-05-19T05:00:00.000,2,DRIVER,,1969734.0,,TOYOTA,4RUNNER,IL,2009.0,NONE,PASSENGER,PERSONAL,S,STRAIGHT AHEAD,,,1.0,,,,,,,,Y,,N,,,,,,,REAR-RIGHT-CORNER,,,,,,,,,,,,,,,,,,,,,,,,,,2025-05-19T05:00:00.000,30,TRAFFIC SIGNAL,FUNCTIONING PROPERLY,CLEAR,UNKNOWN,ANGLE,FOUR WAY,STRAIGHT AND LEVEL,DRY,NO DEFECTS,NOT ON SCENE (DESK REPORT),NO INJURY / DRIVE AWAY,Y,,,"OVER $1,500",2025-05-19T15:35:00.000,DISREGARDING TRAFFIC SIGNALS,UNABLE TO DETERMINE,300,N,PULASKI RD,1114,,,,,,,2,NO INDICATION OF INJURY,0.0,0.0,0.0,0.0,0.0,2.0,0.0,5,2,5,41.885533551,-87.7259529068,POINT (-87.725952906768 41.885533551021)
2066024,bbf6b7fcc3aadb80225eec616e1ea1dcd08d7f42dafa3991af21c79b195cc6a7e4f14b15c42944588321149db477b651a5fc8e858f05ae032bc9ec294cd7a53d,2025-05-19T05:00:00.000,1,DRIVER,,1969447.0,,UNKNOWN,OTHER (EXPLAIN IN NARRATIVE),,,UNKNOWN,UNKNOWN/NA,UNKNOWN/NA,UNKNOWN,UNKNOWN/NA,,,1.0,,,,N,,,,,,,,,,,N,,UNKNOWN,,,,,,,,,,,,,,,,,,,,,,,,,Y,2025-05-19T05:00:00.000,30,UNKNOWN,UNKNOWN,CLEAR,DAYLIGHT,PARKED MOTOR VEHICLE,NOT DIVIDED,STRAIGHT AND LEVEL,DRY,UNKNOWN,ON SCENE,NO INJURY / DRIVE AWAY,,,Y,"OVER $1,500",2025-05-19T07:21:00.000,UNABLE TO DETERMINE,UNABLE TO DETERMINE,3337,N,KOLMAR AVE,1731,,,,,,,2,NO INDICATION OF INJURY,0.0,0.0,0.0,0.0,0.0,1.0,0.0,5,2,5,41.9418587762,-87.7406635634,POINT (-87.740663563373 41.941858776236)
2066025,bbf6b7fcc3aadb80225eec616e1ea1dcd08d7f42dafa3991af21c79b195cc6a7e4f14b15c42944588321149db477b651a5fc8e858f05ae032bc9ec294cd7a53d,2025-05-19T05:00:00.000,2,PARKED,,1969450.0,N,FORD,EXPLORER,IL,2020.0,UNKNOWN,SPORT UTILITY VEHICLE (SUV),POLICE,N,PARKED,,,0.0,,,,,,,,,,,,Y,Y,Y,,,SIDE-LEFT,,,,,,,,,,,,,,,,,,,,,,,,,Y,2025-05-19T05:00:00.000,30,UNKNOWN,UNKNOWN,CLEAR,DAYLIGHT,PARKED MOTOR VEHICLE,NOT DIVIDED,STRAIGHT AND LEVEL,DRY,UNKNOWN,ON SCENE,NO INJURY / DRIVE AWAY,,,Y,"OVER $1,500",2025-05-19T07:21:00.000,UNABLE TO DETERMINE,UNABLE TO DETERMINE,3337,N,KOLMAR AVE,1731,,,,,,,2,NO INDICATION OF INJURY,0.0,0.0,0.0,0.0,0.0,1.0,0.0,5,2,5,41.9418587762,-87.7406635634,POINT (-87.740663563373 41.941858776236)
2065986,464c594addbac5d4469e287dd602b0fd16508f9d77ec13296aa34b8b5e3ec0b113f86d5d186db13fd5d06a822a9ab4338921b1db9a91c98a9ef4eba9f9044e66,2025-05-19T04:08:00.000,1,DRIVER,,1969415.0,,FORD,EDGE,IL,2018.0,UNKNOWN,PASSENGER,PERSONAL,N,PASSING/OVERTAKING,Y,,1.0,CITY OF CHICAGO,701 N SACRAMENTO AVE,,Y,,,,,,,,,,Y,Y,,FRONT,,,,,,,,,,,,,,,,,,,,,,,,,,2025-05-19T04:08:00.000,30,FLASHING CONTROL SIGNAL,NO CONTROLS,CLEAR,"DARKNESS, LIGHTED ROAD",SIDESWIPE SAME DIRECTION,NOT DIVIDED,STRAIGHT AND LEVEL,DRY,NO DEFECTS,ON SCENE,INJURY AND / OR TOW DUE TO CRASH,,,N,"OVER $1,500",2025-05-19T04:09:00.000,HAD BEEN DRINKING (USE WHEN ARREST IS NOT MADE),PHYSICAL CONDITION OF DRIVER,1641,N,AUSTIN AVE,2531,,,,,,,5,NO INDICATION OF INJURY,0.0,0.0,0.0,0.0,0.0,6.0,0.0,4,2,5,41.9104584502,-87.7751137446,POINT (-87.775113744618 41.910458450163)
2065987,464c594addbac5d4469e287dd602b0fd16508f9d77ec13296aa34b8b5e3ec0b113f86d5d186db13fd5d06a822a9ab4338921b1db9a91c98a9ef4eba9f9044e66,2025-05-19T04:08:00.000,2,DRIVER,4.0,1969445.0,,KIA,SEDONA,IL,2012.0,NONE,PASSENGER,PERSONAL,N,OTHER,,,5.0,,,,,,,,,,Y,Y,Y,,,,,REAR-LEFT-CORNER,,,,,,,,,,,,,,,,,,,,,,,,,,2025-05-19T04:08:00.000,30,FLASHING CONTROL SIGNAL,NO CONTROLS,CLEAR,"DARKNESS, LIGHTED ROAD",SIDESWIPE SAME DIRECTION,NOT DIVIDED,STRAIGHT AND LEVEL,DRY,NO DEFECTS,ON SCENE,INJURY AND / OR TOW DUE TO CRASH,,,N,"OVER $1,500",2025-05-19T04:09:00.000,HAD BEEN DRINKING (USE WHEN ARREST IS NOT MADE),PHYSICAL CONDITION OF DRIVER,1641,N,AUSTIN AVE,2531,,,,,,,5,NO INDICATION OF INJURY,0.0,0.0,0.0,0.0,0.0,6.0,0.0,4,2,5,41.9104584502,-87.7751137446,POINT (-87.775113744618 41.910458450163)
2065988,464c594addbac5d4469e287dd602b0fd16508f9d77ec13296aa34b8b5e3ec0b113f86d5d186db13fd5d06a822a9ab4338921b1db9a91c98a9ef4eba9f9044e66,2025-05-19T04:08:00.000,3,PARKED,,1969419.0,,CHEVROLET,SILVERADO,IL,2012.0,NONE,PASSENGER,PERSONAL,N,PARKED,,,0.0,,,,,,,,Y,Y,Y,,,,,Y,,REAR,,,,,,,,,,,,,,,,,,,,,,,,,,2025-05-19T04:08:00.000,30,FLASHING CONTROL SIGNAL,NO CONTROLS,CLEAR,"DARKNESS, LIGHTED ROAD",SIDESWIPE SAME DIRECTION,NOT DIVIDED,STRAIGHT AND LEVEL,DRY,NO DEFECTS,ON SCENE,INJURY AND / OR TOW DUE TO CRASH,,,N,"OVER $1,500",2025-05-19T04:09:00.000,HAD BEEN DRINKING (USE WHEN ARREST IS NOT MADE),PHYSICAL CONDITION OF DRIVER,1641,N,AUSTIN AVE,2531,,,,,,,5,NO INDICATION OF INJURY,0.0,0.0,0.0,0.0,0.0,6.0,0.0,4,2,5,41.9104584502,-87.7751137446,POINT (-87.775113744618 41.910458450163)
2065989,464c594addbac5d4469e287dd602b0fd16508f9d77ec13296aa34b8b5e3ec0b113f86d5d186db13fd5d06a822a9ab4338921b1db9a91c98a9ef4eba9f9044e66,2025-05-19T04:08:00.000,4,PARKED,,1969423.0,,ACURA,TLX,IL,2008.0,UNKNOWN,PASSENGER,PERSONAL,N,PARKED,,,0.0,,,,Y,,,,Y,Y,Y,,,,Y,Y,,REAR,,,,,,,,,,,,,,,,,,,,,,,,,,2025-05-19T04:08:00.000,30,FLASHING CONTROL SIGNAL,NO CONTROLS,CLEAR,"DARKNESS, LIGHTED ROAD",SIDESWIPE SAME DIRECTION,NOT DIVIDED,STRAIGHT AND LEVEL,DRY,NO DEFECTS,ON SCENE,INJURY AND / OR TOW DUE TO CRASH,,,N,"OVER $1,500",2025-05-19T04:09:00.000,HAD BEEN DRINKING (USE WHEN ARREST IS NOT MADE),PHYSICAL CONDITION OF DRIVER,1641,N,AUSTIN AVE,2531,,,,,,,5,NO INDICATION OF INJURY,0.0,0.0,0.0,0.0,0.0,6.0,0.0,4,2,5,41.9104584502,-87.7751137446,POINT (-87.775113744618 41.910458450163)
2065990,464c594addbac5d4469e287dd602b0fd16508f9d77ec13296aa34b8b5e3ec0b113f86d5d186db13fd5d06a822a9ab4338921b1db9a91c98a9ef4eba9f9044e66,2025-05-19T04:08:00.000,5,PARKED,,1969431.0,,DODGE,DURANGO,IL,2017.0,NONE,PASSENGER,PERSONAL,N,PARKED,,,0.0,,,,,,,,,Y,,,,,,,,REAR,,,,,,,,,,,,,,,,,,,,,,,,,,2025-05-19T04:08:00.000,30,FLASHING CONTROL SIGNAL,NO CONTROLS,CLEAR,"DARKNESS, LIGHTED ROAD",SIDESWIPE SAME DIRECTION,NOT DIVIDED,STRAIGHT AND LEVEL,DRY,NO DEFECTS,ON SCENE,INJURY AND / OR TOW DUE TO CRASH,,,N,"OVER $1,500",2025-05-19T04:09:00.000,HAD BEEN DRINKING (USE WHEN ARREST IS NOT MADE),PHYSICAL CONDITION OF DRIVER,1641,N,AUSTIN AVE,2531,,,,,,,5,NO INDICATION OF INJURY,0.0,0.0,0.0,0.0,0.0,6.0,0.0,4,2,5,41.9104584502,-87.7751137446,POINT (-87.775113744618 41.910458450163)