crash_unit_id,crash_record_id,crash_date_left,unit_no,unit_type,num_passengers,vehicle_id,cmrc_veh_i,make,model,lic_plate_state,vehicle_year,vehicle_defect,vehicle_type,vehicle_use,travel_direction,maneuver,towed_i,fire_i,occupant_cnt,towed_by,towed_to,area_00_i,area_01_i,area_02_i,area_03_i,area_04_i,area_05_i,area_06_i,area_07_i,area_08_i,area_09_i,area_10_i,area_11_i,area_12_i,area_99_i,first_contact_point,cmv_id,usdot_no,commercial_src,gvwr,carrier_name,carrier_state,carrier_city,hazmat_placards_i,hazmat_present_i,hazmat_report_i,mcs_report_i,hazmat_vio_cause_crash_i,mcs_vio_cause_crash_i,idot_permit_no,trailer1_width,trailer2_width,trailer1_length,axle_cnt,vehicle_config,cargo_body_type,load_type,hazmat_out_of_service_i,mcs_out_of_service_i,hazmat_class,crash_date_est_i,crash_date_right,posted_speed_limit,traffic_control_device,device_condition,weather_condition,lighting_condition,first_crash_type,trafficway_type,alignment,roadway_surface_cond,road_defect,report_type,crash_type,intersection_related_i,private_property_i,hit_and_run_i,damage,date_police_notified,prim_contributory_cause,sec_contributory_cause,street_no,street_direction,street_name,beat_of_occurrence,photos_taken_i,statements_taken_i,dooring_i,work_zone_i,work_zone_type,workers_present_i,num_units,most_severe_injury,injuries_total,injuries_fatal,injuries_incapacitating,injuries_non_incapacitating,injuries_reported_not_evident,injuries_no_indication,injuries_unknown,crash_hour,crash_day_of_week,crash_month,latitude,longitude,location
2065997,f0c305bc6b464b2216d3f9830ffd76c90d015ad468521c0717a46dc0d829cc744edda7cf214c3b88174186cdd6ac0840b0edc5a9c066ab9da46fd9707682802c,2025-05-18T23:00:00.000,1,DRIVER,,1969416.0,,UNKNOWN,OTHER (EXPLAIN IN NARRATIVE),,,UNKNOWN,UNKNOWN/NA,UNKNOWN/NA,UNKNOWN,UNKNOWN/NA,,,1.0,,,,,,,,,,,,,,,,Y,UNKNOWN,,,,,,,,,,,,,,,,,,,,,,,,,Y,2025-05-18T23:00:00.000,30,NO CONTROLS,NO CONTROLS,CLEAR,"DARKNESS, LIGHTED ROAD",PARKED MOTOR VEHICLE,NOT DIVIDED,STRAIGHT AND LEVEL,DRY,NO DEFECTS,ON SCENE,NO INJURY / DRIVE AWAY,,,Y,"OVER $1,500",2025-05-19T07:00:00.000,UNABLE TO DETERMINE,NOT APPLICABLE,7145,W,ARTHUR AVE,1611,,,,,,,2,NO INDICATION OF INJURY,0.0,0.0,0.0,0.0,0.0,1.0,0.0,23,1,5,41.9993973398,-87.8066025548,POINT (-87.806602554778 41.999397339829)
2065998,f0c305bc6b464b2216d3f9830ffd76c90d015ad468521c0717a46dc0d829cc744edda7cf214c3b88174186cdd6ac0840b0edc5a9c066ab9da46fd9707682802c,2025-05-18T23:00:00.000,2,PARKED,,1969418.0,,NISSAN,ALTIMA,IL,2015.0,NONE,PASSENGER,PERSONAL,E,PARKED,,,0.0,,,,,,,,,,,,,Y,Y,Y,,FRONT-LEFT-CORNER,,,,,,,,,,,,,,,,,,,,,,,,,Y,2025-05-18T23:00:00.000,30,NO CONTROLS,NO CONTROLS,CLEAR,"DARKNESS, LIGHTED ROAD",PARKED MOTOR VEHICLE,NOT DIVIDED,STRAIGHT AND LEVEL,DRY,NO DEFECTS,ON SCENE,NO INJURY / DRIVE AWAY,,,Y,"OVER $1,500",2025-05-19T07:00:00.000,UNABLE TO DETERMINE,NOT APPLICABLE,7145,W,ARTHUR AVE,1611,,,,,,,2,NO INDICATION OF INJURY,0.0,0.0,0.0,0.0,0.0,1.0,0.0,23,1,5,41.9993973398,-87.8066025548,POINT (-87.806602554778 41.999397339829)
2066026,e3e61ec2784c0e080b756ace084351c51e1797cbfa3a2f69263fbe93c0b4b3ff960ff9fb39c21a35fa5ddb92517a602add0d6acdaf417450a64affc44ff29105,2025-05-18T22:59:00.000,1,DRIVER,,1969454.0,,UNKNOWN,OTHER (EXPLAIN IN NARRATIVE),,,UNKNOWN,UNKNOWN/NA,UNKNOWN/NA,E,STRAIGHT AHEAD,,,1.0,,,,,,,,,,,,,Y,Y,,Y,FRONT-LEFT-CORNER,,,,,,,,,,,,,,,,,,,,,,,,,Y,2025-05-18T22:59:00.000,30,NO CONTROLS,NO CONTROLS,UNKNOWN,DARKNESS,PARKED MOTOR VEHICLE,OTHER,STRAIGHT AND LEVEL,DRY,NO DEFECTS,ON SCENE,NO INJURY / DRIVE AWAY,,,Y,"OVER $1,500",2025-05-19T07:10:00.000,DRIVING SKILLS/KNOWLEDGE/EXPERIENCE,UNABLE TO DETERMINE,434,E,111TH ST,513,,,,,,,2,NO INDICATION OF INJURY,0.0,0.0,0.0,0.0,0.0,1.0,0.0,22,1,5,41.6928616658,-87.6120376672,POINT (-87.612037667234 41.692861665828)
2066027,e3e61ec2784c0e080b756ace084351c51e1797cbfa3a2f69263fbe93c0b4b3ff960ff9fb39c21a35fa5ddb92517a602add0d6acdaf417450a64affc44ff29105,2025-05-18T22:59:00.000,2,DRIVERLESS,,1969456.0,,HONDA,PILOT,IL,2022.0,NONE,PASSENGER,NOT IN USE,E,PARKED,N,,0.0,,,,Y,Y,,,,,,,,Y,Y,,,FRONT-RIGHT-CORNER,,,,,,,,,,,,,,,,,,,,,,,,,Y,2025-05-18T22:59:00.000,30,NO CONTROLS,NO CONTROLS,UNKNOWN,DARKNESS,PARKED MOTOR VEHICLE,OTHER,STRAIGHT AND LEVEL,DRY,NO DEFECTS,ON SCENE,NO INJURY / DRIVE AWAY,,,Y,"OVER $1,500",2025-05-19T07:10:00.000,DRIVING SKILLS/KNOWLEDGE/EXPERIENCE,UNABLE TO DETERMINE,434,E,111TH ST,513,,,,,,,2,NO INDICATION OF INJURY,0.0,0.0,0.0,0.0,0.0,1.0,0.0,22,1,5,41.6928616658,-87.6120376672,POINT (-87.612037667234 41.692861665828)
2065942,fdda67b866789d8f4d14a7267d2f2659cfb862dc25383ee2b42d59f484fa963b6ea30fa8131c3769c6ad606a0e739fe02d236bdc050d5c637d96823bb9dceabc,2025-05-18T22:55:00.000,1,DRIVER,,1969369.0,,FORD,EXPLORER,,,UNKNOWN,SPORT UTILITY VEHICLE (SUV),UNKNOWN/NA,S,STRAIGHT AHEAD,,,1.0,,,,Y,,,,,,,,,,Y,Y,N,FRONT,,,,,,,,,,,,,,,,,,,,,,,,,,2025-05-18T22:55:00.000,30,NO CONTROLS,NO CONTROLS,CLEAR,"DARKNESS, LIGHTED ROAD",PARKED MOTOR VEHICLE,NOT DIVIDED,STRAIGHT AND LEVEL,DRY,NO DEFECTS,ON SCENE,INJURY AND / OR TOW DUE TO CRASH,,,Y,"OVER $1,500",2025-05-19T00:10:00.000,UNABLE TO DETERMINE,UNABLE TO DETERMINE,6104,S,CALIFORNIA AVE,823,,,,,,,4,NO INDICATION OF INJURY,0.0,0.0,0.0,0.0,0.0,1.0,0.0,22,1,5,41.7825531133,-87.693635848,POINT (-87.693635847972 41.7825531133)
2065943,fdda67b866789d8f4d14a7267d2f2659cfb862dc25383ee2b42d59f484fa963b6ea30fa8131c3769c6ad606a0e739fe02d236bdc050d5c637d96823bb9dceabc,2025-05-18T22:55:00.000,2,PARKED,,1969371.0,,NISSAN,ALTIMA,IL,2007.0,NONE,PASSENGER,PERSONAL,S,PARKED,Y,,0.0,PRIVATE,,,Y,,,Y,Y,Y,Y,Y,,,Y,Y,,REAR,,,,,,,,,,,,,,,,,,,,,,,,,,2025-05-18T22:55:00.000,30,NO CONTROLS,NO CONTROLS,CLEAR,"DARKNESS, LIGHTED ROAD",PARKED MOTOR VEHICLE,NOT DIVIDED,STRAIGHT AND LEVEL,DRY,NO DEFECTS,ON SCENE,INJURY AND / OR TOW DUE TO CRASH,,,Y,"OVER $1,500",2025-05-19T00:10:00.000,UNABLE TO DETERMINE,UNABLE TO DETERMINE,6104,S,CALIFORNIA AVE,823,,,,,,,4,NO INDICATION OF INJURY,0.0,0.0,0.0,0.0,0.0,1.0,0.0,22,1,5,41.7825531133,-87.693635848,POINT (-87.693635847972 41.7825531133)
2065944,fdda67b866789d8f4d14a7267d2f2659cfb862dc25383ee2b42d59f484fa963b6ea30fa8131c3769c6ad606a0e739fe02d236bdc050d5c637d96823bb9dceabc,2025-05-18T22:55:00.000,3,PARKED,,1969372.0,,HYUNDAI,SANTA FE,IL,2003.0,NONE,SPORT UTILITY VEHICLE (SUV),PERSONAL,S,PARKED,,,0.0,,,,,,,,,Y,,,,,,Y,,REAR,,,,,,,,,,,,,,,,,,,,,,,,,,2025-05-18T22:55:00.000,30,NO CONTROLS,NO CONTROLS,CLEAR,"DARKNESS, LIGHTED ROAD",PARKED MOTOR VEHICLE,NOT DIVIDED,STRAIGHT AND LEVEL,DRY,NO DEFECTS,ON SCENE,INJURY AND / OR TOW DUE TO CRASH,,,Y,"OVER $1,500",2025-05-19T00:10:00.000,UNABLE TO DETERMINE,UNABLE TO DETERMINE,6104,S,CALIFORNIA AVE,823,,,,,,,4,NO INDICATION OF INJURY,0.0,0.0,0.0,0.0,0.0,1.0,0.0,22,1,5,41.7825531133,-87.693635848,POINT (-87.693635847972 41.7825531133)
2065945,fdda67b866789d8f4d14a7267d2f2659cfb862dc25383ee2b42d59f484fa963b6ea30fa8131c3769c6ad606a0e739fe02d236bdc050d5c637d96823bb9dceabc,2025-05-18T22:55:00.000,4,PARKED,,1969373.0,,VOLKSWAGEN,PASSAT,IL,2022.0,NONE,PASSENGER,PERSONAL,S,PARKED,,,0.0,,,,,,,,,Y,,,,,,,,REAR,,,,,,,,,,,,,,,,,,,,,,,,,,2025-05-18T22:55:00.000,30,NO CONTROLS,NO CONTROLS,CLEAR,"DARKNESS, LIGHTED ROAD",PARKED MOTOR VEHICLE,NOT DIVIDED,STRAIGHT AND LEVEL,DRY,NO DEFECTS,ON SCENE,INJURY AND / OR TOW DUE TO CRASH,,,Y,"OVER $1,500",2025-05-19T00:10:00.000,UNABLE TO DETERMINE,UNABLE TO DETERMINE,6104,S,CALIFORNIA AVE,823,,,,,,,4,NO INDICATION OF INJURY,0.0,0.0,0.0,0.0,0.0,1.0,0.0,22,1,5,41.7825531133,-87.693635848,POINT (-87.693635847972 41.7825531133)
2065936,485881c504385aa55fb2ef00177cf896b36f24e29d7a0233a997039fc44606d94d259f505e9537ee59aa8100460305b3ec0ffd4bd7d4a9a35912c4af4b501211,2025-05-18T22:50:00.000,1,DRIVER,,1969367.0,,FORD,F450,IL,2002.0,UNKNOWN,TRUCK - SINGLE UNIT,PERSONAL,E,STRAIGHT AHEAD,Y,,1.0,city of chicago,,,Y,,,,,,,,,,,Y,,FRONT-RIGHT-CORNER,,,,,,,,,,,,,,,,,,,,,,,,,,2025-05-18T22:50:00.000,30,NO CONTROLS,NO CONTROLS,CLEAR,"DARKNESS, LIGHTED ROAD",PARKED MOTOR VEHICLE,NOT DIVIDED,STRAIGHT AND LEVEL,DRY,NO DEFECTS,ON SCENE,INJURY AND / OR TOW DUE TO CRASH,,Y,Y,"OVER $1,500",2025-05-18T23:24:00.000,UNABLE TO DETERMINE,NOT APPLICABLE,4537,W,55TH ST,813,,,,,,,2,NO INDICATION OF INJURY,0.0,0.0,0.0,0.0,0.0,1.0,0.0,22,1,5,41.7929729072,-87.7368633987,POINT (-87.736863398677 41.792972907245)
2065937,485881c504385aa55fb2ef00177cf896b36f24e29d7a0233a997039fc44606d94d259f505e9537ee59aa8100460305b3ec0ffd4bd7d4a9a35912c4af4b501211,2025-05-18T22:50:00.000,2,PARKED,,1969368.0,,FORD,EDGE,IL,2011.0,UNKNOWN,SPORT UTILITY VEHICLE (SUV),NOT IN USE,E,PARKED,Y,,0.0,,,,Y,,,,,,Y,Y,Y,Y,Y,Y,,FRONT,,,,,,,,,,,,,,,,,,,,,,,,,,2025-05-18T22:50:00.000,30,NO CONTROLS,NO CONTROLS,CLEAR,"DARKNESS, LIGHTED ROAD",PARKED MOTOR VEHICLE,NOT DIVIDED,STRAIGHT AND LEVEL,DRY,NO DEFECTS,ON SCENE,INJURY AND / OR TOW DUE TO CRASH,,Y,Y,"OVER $1,500",2025-05-18T23:24:00.000,UNABLE TO DETERMINE,NOT APPLICABLE,4537,W,55TH ST,813,,,,,,,2,NO INDICATION OF INJURY,0.0,0.0,0.0,0.0,0.0,1.0,0.0,22,1,5,41.7929729072,-87.7368633987,POINT (-87.736863398677 41.792972907245)
2065918,e3315fd50f7e2ea08734c2b10d3c91156c29c5b8b7a3acc0937fdb0bb7ec60d2ed83c82bbe5c6689804379c3e0211fefc3d1bed4660abb16c0046c4e26e95a02,2025-05-18T22:46:00.000,1,DRIVER,,1969346.0,,TOYOTA,CAMRY,IL,2018.0,NONE,PASSENGER,PERSONAL,W,BACKING,,,1.0,,,,,,,,Y,,,,,,,,,REAR-RIGHT-CORNER,,,,,,,,,,,,,,,,,,,,,,,,,,2025-05-18T22:46:00.000,30,NO CONTROLS,NO CONTROLS,CLEAR,"DARKNESS, LIGHTED ROAD",REAR TO FRONT,NOT DIVIDED,STRAIGHT AND LEVEL,DRY,NO DEFECTS,NOT ON SCENE (DESK REPORT),NO INJURY / DRIVE AWAY,,,,"OVER $1,500",2025-05-18T23:30:00.000,IMPROPER BACKING,NOT APPLICABLE,3635,W,DEVON AVE,1711,,,,,,,2,NO INDICATION OF INJURY,0.0,0.0,0.0,0.0,0.0,2.0,0.0,22,1,5,41.9971614733,-87.7203578732,POINT (-87.720357873197 41.997161473312)
2065919,e3315fd50f7e2ea08734c2b10d3c91156c29c5b8b7a3acc0937fdb0bb7ec60d2ed83c82bbe5c6689804379c3e0211fefc3d1bed4660abb16c0046c4e26e95a02,2025-05-18T22:46:00.000,2,DRIVER,,1969350.0,,CHEVROLET,EQUINOX,IL,2020.0,NONE,PASSENGER,PERSONAL,E,STRAIGHT AHEAD,,,1.0,,,,,,,,,,,,,,Y,,,FRONT-LEFT-CORNER,,,,,,,,,,,,,,,,,,,,,,,,,,2025-05-18T22:46:00.000,30,NO CONTROLS,NO CONTROLS,CLEAR,"DARKNESS, LIGHTED ROAD",REAR TO FRONT,NOT DIVIDED,STRAIGHT AND LEVEL,DRY,NO DEFECTS,NOT ON SCENE (DESK REPORT),NO INJURY / DRIVE AWAY,,,,"OVER $1,500",2025-05-18T23:30:00.000,IMPROPER BACKING,NOT APPLICABLE,3635,W,DEVON AVE,1711,,,,,,,2,NO INDICATION OF INJURY,0.0,0.0,0.0,0.0,0.0,2.0,0.0,22,1,5,41.9971614733,-87.7203578732,POINT (-87.720357873197 41.997161473312)
2065906,fc969024a93947ec9e9d20f365b6f2620f9d9a22f200f035b8da4d48802883ecb507bde891e5a74b4cf2590dc94567912b5d0ded408224859f4036fd345f3178,2025-05-18T22:40:00.000,1,DRIVER,,1969331.0,,BUICK,LACROSSE,IL,2011.0,UNKNOWN,PASSENGER,PERSONAL,S,AVOIDING VEHICLES/OBJECTS,Y,,1.0,,,,Y,Y,,,,,,,,,,Y,,FRONT-RIGHT-CORNER,,,,,,,,,,,,,,,,,,,,,,,,,,2025-05-18T22:40:00.000,30,NO CONTROLS,NO CONTROLS,CLEAR,"DARKNESS, LIGHTED ROAD",PARKED MOTOR VEHICLE,ONE-WAY,STRAIGHT AND LEVEL,DRY,NO DEFECTS,NOT ON SCENE (DESK REPORT),INJURY AND / OR TOW DUE TO CRASH,,,,"OVER $1,500",2025-05-18T22:55:00.000,"EVASIVE ACTION DUE TO ANIMAL, OBJECT, NONMOTORIST",ANIMAL,9550,S,EUCLID AVE,431,,,,,,,2,NO INDICATION OF INJURY,0.0,0.0,0.0,0.0,0.0,1.0,0.0,22,1,5,41.7208924245,-87.5766798802,POINT (-87.576679880223 41.720892424459)
2065907,fc969024a93947ec9e9d20f365b6f2620f9d9a22f200f035b8da4d48802883ecb507bde891e5a74b4cf2590dc94567912b5d0ded408224859f4036fd345f3178,2025-05-18T22:40:00.000,2,PARKED,,1969335.0,,FORD,EXPLORER,,2013.0,UNKNOWN,PASSENGER,PERSONAL,S,PARKED,,,0.0,,,,,,,,,Y,Y,,,,,,,REAR-LEFT-CORNER,,,,,,,,,,,,,,,,,,,,,,,,,,2025-05-18T22:40:00.000,30,NO CONTROLS,NO CONTROLS,CLEAR,"DARKNESS, LIGHTED ROAD",PARKED MOTOR VEHICLE,ONE-WAY,STRAIGHT AND LEVEL,DRY,NO DEFECTS,NOT ON SCENE (DESK REPORT),INJURY AND / OR TOW DUE TO CRASH,,,,"OVER $1,500",2025-05-18T22:55:00.000,"EVASIVE ACTION DUE TO ANIMAL, OBJECT, NONMOTORIST",ANIMAL,9550,S,EUCLID AVE,431,,,,,,,2,NO INDICATION OF INJURY,0.0,0.0,0.0,0.0,0.0,1.0,0.0,22,1,5,41.7208924245,-87.5766798802,POINT (-87.576679880223 41.720892424459)
2066268,0535fa11da82d97f2f98541e90f5a89770a0786cc6b9b6db22c8c7f3b3f62a7cfe86790c625ff5053237e55ac981c8d5830b178184eaf1db80fee1bcad7ffee1,2025-05-18T22:30:00.000,1,DRIVER,,1969681.0,,UNKNOWN,MOTORIZED,,,UNKNOWN,PASSENGER,UNKNOWN/NA,W,STRAIGHT AHEAD,,,1.0,,,,,,,,,,,,,,,Y,,FRONT,,,,,,,,,,,,,,,,,,,,,,,,,,2025-05-18T22:30:00.000,30,TRAFFIC SIGNAL,FUNCTIONING PROPERLY,CLEAR,"DARKNESS, LIGHTED ROAD",REAR END,DIVIDED - W/MEDIAN (NOT RAISED),STRAIGHT AND LEVEL,DRY,UNKNOWN,NOT ON SCENE (DESK REPORT),NO INJURY / DRIVE AWAY,Y,,Y,"OVER $1,500",2025-05-19T14:40:00.000,UNABLE TO DETERMINE,UNABLE TO DETERMINE,4358,W,CERMAK RD,1012,,,,,,,2,NO INDICATION OF INJURY,0.0,0.0,0.0,0.0,0.0,3.0,0.0,22,1,5,41.8515105737,-87.7344496497,POINT (-87.734449649711 41.851510573725)
2066269,0535fa11da82d97f2f98541e90f5a89770a0786cc6b9b6db22c8c7f3b3f62a7cfe86790c625ff5053237e55ac981c8d5830b178184eaf1db80fee1bcad7ffee1,2025-05-18T22:30:00.000,2,DRIVER,1.0,1969686.0,,MAZDA,MX-6,IL,2007.0,UNKNOWN,PASSENGER,PERSONAL,W,STRAIGHT AHEAD,,,2.0,,,,,,,,,Y,,,,,,,,REAR,,,,,,,,,,,,,,,,,,,,,,,,,,2025-05-18T22:30:00.000,30,TRAFFIC SIGNAL,FUNCTIONING PROPERLY,CLEAR,"DARKNESS, LIGHTED ROAD",REAR END,DIVIDED - W/MEDIAN (NOT RAISED),STRAIGHT AND LEVEL,DRY,UNKNOWN,NOT ON SCENE (DESK REPORT),NO INJURY / DRIVE AWAY,Y,,Y,"OVER $1,500",2025-05-19T14:40:00.000,UNABLE TO DETERMINE,UNABLE TO DETERMINE,4358,W,CERMAK RD,1012,,,,,,,2,NO INDICATION OF INJURY,0.0,0.0,0.0,0.0,0.0,3.0,0.0,22,1,5,41.8515105737,-87.7344496497,POINT (-87.734449649711 41.851510573725)
2065910,3e0953f1a3b198865428abc2d76213b7df388f42482d849b15a63a8b198d84872f704a28fb27c90f7a6d2dba76fe916706a33a78b730766512af06167e49fe8f,2025-05-18T22:23:00.000,1,DRIVER,,1969337.0,,UNKNOWN,MOTORIZED,,,UNKNOWN,UNKNOWN/NA,UNKNOWN/NA,S,UNKNOWN/NA,,,1.0,,,,,,,,,,,,,,,,Y,UNKNOWN,,,,,,,,,,,,,,,,,,,,,,,,,Y,2025-05-18T22:23:00.000,25,NO CONTROLS,NO CONTROLS,CLEAR,UNKNOWN,PARKED MOTOR VEHICLE,ONE-WAY,STRAIGHT AND LEVEL,DRY,NO DEFECTS,NOT ON SCENE (DESK REPORT),INJURY AND / OR TOW DUE TO CRASH,,,Y,"OVER $1,500",2025-05-18T23:23:00.000,UNABLE TO DETERMINE,NOT APPLICABLE,102,N,MAYFIELD AVE,1512,,,,,,,2,NO INDICATION OF INJURY,0.0,0.0,0.0,0.0,0.0,1.0,0.0,22,1,5,41.882300667,-87.7720080268,POINT (-87.772008026792 41.882300666973)
2065911,3e0953f1a3b198865428abc2d76213b7df388f42482d849b15a63a8b198d84872f704a28fb27c90f7a6d2dba76fe916706a33a78b730766512af06167e49fe8f,2025-05-18T22:23:00.000,2,PARKED,,1969340.0,,CHEVROLET,BLAZER,IL,2023.0,NONE,SPORT UTILITY VEHICLE (SUV),PERSONAL,S,PARKED,Y,,0.0,STATE FARM,,,,,,,Y,Y,Y,,,,,,,REAR,,,,,,,,,,,,,,,,,,,,,,,,,Y,2025-05-18T22:23:00.000,25,NO CONTROLS,NO CONTROLS,CLEAR,UNKNOWN,PARKED MOTOR VEHICLE,ONE-WAY,STRAIGHT AND LEVEL,DRY,NO DEFECTS,NOT ON SCENE (DESK REPORT),INJURY AND / OR TOW DUE TO CRASH,,,Y,"OVER $1,500",2025-05-18T23:23:00.000,UNABLE TO DETERMINE,NOT APPLICABLE,102,N,MAYFIELD AVE,1512,,,,,,,2,NO INDICATION OF INJURY,0.0,0.0,0.0,0.0,0.0,1.0,0.0,22,1,5,41.882300667,-87.7720080268,POINT (-87.772008026792 41.882300666973)
2065904,d73b3df67769b0d2d07e35faf91f34695029b64edaa89f10afb7359d0eaf8efdadd3352da38f65439b8d7acd3bbb469e9384d60057844fae976b481cf0094710,2025-05-18T22:19:00.000,1,DRIVER,,1969326.0,,BMW,X3,IL,2022.0,UNKNOWN,SPORT UTILITY VEHICLE (SUV),UNKNOWN/NA,N,STRAIGHT AHEAD,,,1.0,,,,,,,,,,,,,,,,,FRONT,,,,,,,,,,,,,,,,,,,,,,,,,,2025-05-18T22:19:00.000,30,NO CONTROLS,NO CONTROLS,CLEAR,"DARKNESS, LIGHTED ROAD",REAR END,NOT DIVIDED,STRAIGHT AND LEVEL,UNKNOWN,UNKNOWN,NOT ON SCENE (DESK REPORT),NO INJURY / DRIVE AWAY,,,,"OVER $1,500",2025-05-18T22:19:00.000,FOLLOWING TOO CLOSELY,FOLLOWING TOO CLOSELY,900,S,CLARK ST,123,,,,,,,2,NO INDICATION OF INJURY,0.0,0.0,0.0,0.0,0.0,2.0,0.0,22,1,5,41.8704734936,-87.6307062426,POINT (-87.630706242584 41.870473493584)
2065905,d73b3df67769b0d2d07e35faf91f34695029b64edaa89f10afb7359d0eaf8efdadd3352da38f65439b8d7acd3bbb469e9384d60057844fae976b481cf0094710,2025-05-18T22:19:00.000,2,DRIVER,,1969328.0,,FORD,FOCUS,IL,2012.0,UNKNOWN,PASSENGER,PERSONAL,N,STRAIGHT AHEAD,,,1.0,,,,,,,,,,,,,,,,,REAR,,,,,,,,,,,,,,,,,,,,,,,,,,2025-05-18T22:19:00.000,30,NO CONTROLS,NO CONTROLS,CLEAR,"DARKNESS, LIGHTED ROAD",REAR END,NOT DIVIDED,STRAIGHT AND LEVEL,UNKNOWN,UNKNOWN,NOT ON SCENE (DESK REPORT),NO INJURY / DRIVE AWAY,,,,"OVER $1,500",2025-05-18T22:19:00.000,FOLLOWING TOO CLOSELY,FOLLOWING TOO CLOSELY,900,S,CLARK ST,123,,,,,,,2,NO INDICATION OF INJURY,0.0,0.0,0.0,0.0,0.0,2.0,0.0,22,1,5,41.8704734936,-87.6307062426,POINT (-87.630706242584 41.870473493584)
2065924,5518e032657675c39fe535ede1578bf87459266151fc47c717db87221c15b54da26aceac82c0e007095d705f74b2a1491af4b1ce376126b3bc67f2bb085b2b35,2025-05-18T22:17:00.000,1,DRIVER,,1969352.0,,LEXUS,RX,IL,2000.0,NONE,PASSENGER,UNKNOWN/NA,E,TURNING LEFT,,,1.0,,,,Y,,,,,,,,,,Y,Y,,FRONT,,,,,,,,,,,,,,,,,,,,,,,,,,2025-05-18T22:17:00.000,15,NO CONTROLS,NO CONTROLS,CLEAR,"DARKNESS, LIGHTED ROAD",TURNING,NOT DIVIDED,STRAIGHT AND LEVEL,DRY,NO DEFECTS,ON SCENE,NO INJURY / DRIVE AWAY,,,Y,"OVER $1,500",2025-05-18T23:35:00.000,FAILING TO YIELD RIGHT-OF-WAY,FAILING TO YIELD RIGHT-OF-WAY,5131,W,PALMER ST,2522,,,,,,,2,NO INDICATION OF INJURY,0.0,0.0,0.0,0.0,0.0,2.0,0.0,22,1,5,41.9203627795,-87.7548710201,POINT (-87.754871020146 41.920362779489)
2065925,5518e032657675c39fe535ede1578bf87459266151fc47c717db87221c15b54da26aceac82c0e007095d705f74b2a1491af4b1ce376126b3bc67f2bb085b2b35,2025-05-18T22:17:00.000,2,DRIVER,,1969355.0,,TOYOTA,PRIUS,IL,2007.0,NONE,PASSENGER,PERSONAL,E,STRAIGHT AHEAD,,,1.0,,,,Y,Y,Y,Y,,,,,,,,,,FRONT-RIGHT-CORNER,,,,,,,,,,,,,,,,,,,,,,,,,,2025-05-18T22:17:00.000,15,NO CONTROLS,NO CONTROLS,CLEAR,"DARKNESS, LIGHTED ROAD",TURNING,NOT DIVIDED,STRAIGHT AND LEVEL,DRY,NO DEFECTS,ON SCENE,NO INJURY / DRIVE AWAY,,,Y,"OVER $1,500",2025-05-18T23:35:00.000,FAILING TO YIELD RIGHT-OF-WAY,FAILING TO YIELD RIGHT-OF-WAY,5131,W,PALMER ST,2522,,,,,,,2,NO INDICATION OF INJURY,0.0,0.0,0.0,0.0,0.0,2.0,0.0,22,1,5,41.9203627795,-87.7548710201,POINT (-87.754871020146 41.920362779489)
2065903,12eca0c5810259e41810854c4488b962c444d29d2adf488167914ee6407947b4794dd899b694cdc4ead631218122de87cd7328f4ea163d347db8869e255777d4,2025-05-18T22:11:00.000,1,DRIVER,,1969327.0,,TESLA,MODEL X,IL,2020.0,BRAKES,PASSENGER,PERSONAL,N,STRAIGHT AHEAD,Y,,1.0,PRIVATE TOW,UNK,,Y,Y,N,,,,,,N,Y,Y,Y,,FRONT,,,,,,,,,,,,,,,,,,,,,,,,,,2025-05-18T22:11:00.000,15,NO CONTROLS,NO CONTROLS,OTHER,"DARKNESS, LIGHTED ROAD",FIXED OBJECT,PARKING LOT,STRAIGHT AND LEVEL,DRY,NO DEFECTS,ON SCENE,INJURY AND / OR TOW DUE TO CRASH,,Y,,"OVER $1,500",2025-05-18T22:20:00.000,EQUIPMENT - VEHICLE CONDITION,NOT APPLICABLE,58,E,DELAWARE PL,1833,Y,,,,,,1,NONINCAPACITATING INJURY,1.0,0.0,0.0,1.0,0.0,0.0,0.0,22,1,5,41.8992902408,-87.6261337517,POINT (-87.626133751658 41.899290240766)