crash_unit_id,crash_record_id,crash_date_left,unit_no,unit_type,num_passengers,vehicle_id,cmrc_veh_i,make,model,lic_plate_state,vehicle_year,vehicle_defect,vehicle_type,vehicle_use,travel_direction,maneuver,towed_i,fire_i,occupant_cnt,towed_by,towed_to,area_00_i,area_01_i,area_02_i,area_03_i,area_04_i,area_05_i,area_06_i,area_07_i,area_08_i,area_09_i,area_10_i,area_11_i,area_12_i,area_99_i,first_contact_point,cmv_id,usdot_no,commercial_src,gvwr,carrier_name,carrier_state,carrier_city,hazmat_placards_i,hazmat_present_i,hazmat_report_i,mcs_report_i,hazmat_vio_cause_crash_i,mcs_vio_cause_crash_i,idot_permit_no,trailer1_width,trailer2_width,trailer1_length,axle_cnt,vehicle_config,cargo_body_type,load_type,hazmat_out_of_service_i,mcs_out_of_service_i,hazmat_class,crash_date_est_i,crash_date_right,posted_speed_limit,traffic_control_device,device_condition,weather_condition,lighting_condition,first_crash_type,trafficway_type,alignment,roadway_surface_cond,road_defect,report_type,crash_type,intersection_related_i,private_property_i,hit_and_run_i,damage,date_police_notified,prim_contributory_cause,sec_contributory_cause,street_no,street_direction,street_name,beat_of_occurrence,photos_taken_i,statements_taken_i,dooring_i,work_zone_i,work_zone_type,workers_present_i,num_units,most_severe_injury,injuries_total,injuries_fatal,injuries_incapacitating,injuries_non_incapacitating,injuries_reported_not_evident,injuries_no_indication,injuries_unknown,crash_hour,crash_day_of_week,crash_month,latitude,longitude,location
2065895,4f53647fd42a20d20c6355eb46e9c49eacc1b4e8458b02e4423ca22599d7c2634dd67ee08a0b1e1ffa40fbb3ee67f5254c1a12dac967f7ad5e28fcbae1f84b8d,2025-05-18T22:10:00.000,1,DRIVER,,1969320.0,,CHEVROLET,TRUCK,,,UNKNOWN,PICKUP,OTHER,E,STRAIGHT AHEAD,,,1.0,,,,Y,Y,,,,,,,Y,Y,Y,Y,,FRONT,,,,,,,,,,,,,,,,,,,,,,,,,,2025-05-18T22:10:00.000,30,TRAFFIC SIGNAL,FUNCTIONING PROPERLY,CLEAR,DARKNESS,REAR END,FOUR WAY,STRAIGHT AND LEVEL,DRY,NO DEFECTS,ON SCENE,NO INJURY / DRIVE AWAY,,,Y,"OVER $1,500",2025-05-18T22:10:00.000,"OPERATING VEHICLE IN ERRATIC, RECKLESS, CARELESS, NEGLIGENT OR AGGRESSIVE MANNER",NOT APPLICABLE,6298,S,HALSTED ST,712,,,,,,,2,NO INDICATION OF INJURY,0.0,0.0,0.0,0.0,0.0,2.0,0.0,22,1,5,41.7797944163,-87.6449341904,POINT (-87.644934190393 41.779794416267)
2065896,4f53647fd42a20d20c6355eb46e9c49eacc1b4e8458b02e4423ca22599d7c2634dd67ee08a0b1e1ffa40fbb3ee67f5254c1a12dac967f7ad5e28fcbae1f84b8d,2025-05-18T22:10:00.000,2,DRIVER,,1969323.0,,TOYOTA,CAMRY,,2013.0,UNKNOWN,PASSENGER,PERSONAL,E,STRAIGHT AHEAD,,,1.0,,,,Y,Y,Y,,Y,Y,Y,,,,Y,Y,,REAR,,,,,,,,,,,,,,,,,,,,,,,,,,2025-05-18T22:10:00.000,30,TRAFFIC SIGNAL,FUNCTIONING PROPERLY,CLEAR,DARKNESS,REAR END,FOUR WAY,STRAIGHT AND LEVEL,DRY,NO DEFECTS,ON SCENE,NO INJURY / DRIVE AWAY,,,Y,"OVER $1,500",2025-05-18T22:10:00.000,"OPERATING VEHICLE IN ERRATIC, RECKLESS, CARELESS, NEGLIGENT OR AGGRESSIVE MANNER",NOT APPLICABLE,6298,S,HALSTED ST,712,,,,,,,2,NO INDICATION OF INJURY,0.0,0.0,0.0,0.0,0.0,2.0,0.0,22,1,5,41.7797944163,-87.6449341904,POINT (-87.644934190393 41.779794416267)
2065926,47d4509aefac7f5e2f6b0dc7fadd13c5c20c5f0ec5f5244ecebbdc287226665471a1edc337ca42cd04764c3dd5fa54a05203f6a284bcee9376406b03be503d70,2025-05-18T22:00:00.000,1,DRIVER,,1969356.0,,CHRYSLER,PACIFICA,IL,2022.0,NONE,PASSENGER,PERSONAL,N,TURNING LEFT,,,1.0,,,,Y,Y,,,,,,,,,Y,Y,,FRONT-RIGHT-CORNER,,,,,,,,,,,,,,,,,,,,,,,,,,2025-05-18T22:00:00.000,30,TRAFFIC SIGNAL,FUNCTIONING PROPERLY,CLEAR,"DARKNESS, LIGHTED ROAD",TURNING,FOUR WAY,STRAIGHT AND LEVEL,DRY,NO DEFECTS,ON SCENE,INJURY AND / OR TOW DUE TO CRASH,Y,,,"OVER $1,500",2025-05-18T23:37:00.000,FAILING TO YIELD RIGHT-OF-WAY,FAILING TO REDUCE SPEED TO AVOID CRASH,360,W,MADISON ST,122,,,,,,,2,NO INDICATION OF INJURY,0.0,0.0,0.0,0.0,0.0,2.0,0.0,22,1,5,41.8820229,-87.637081412,POINT (-87.637081411989 41.88202289998)
2065927,47d4509aefac7f5e2f6b0dc7fadd13c5c20c5f0ec5f5244ecebbdc287226665471a1edc337ca42cd04764c3dd5fa54a05203f6a284bcee9376406b03be503d70,2025-05-18T22:00:00.000,2,DRIVER,,1969361.0,,HYUNDAI,SONATA,IL,2016.0,NONE,PASSENGER,PERSONAL,S,STRAIGHT AHEAD,Y,,1.0,OWNER'S COMPANY,UNK,,Y,,,,,,,,Y,Y,Y,Y,,FRONT-LEFT-CORNER,,,,,,,,,,,,,,,,,,,,,,,,,,2025-05-18T22:00:00.000,30,TRAFFIC SIGNAL,FUNCTIONING PROPERLY,CLEAR,"DARKNESS, LIGHTED ROAD",TURNING,FOUR WAY,STRAIGHT AND LEVEL,DRY,NO DEFECTS,ON SCENE,INJURY AND / OR TOW DUE TO CRASH,Y,,,"OVER $1,500",2025-05-18T23:37:00.000,FAILING TO YIELD RIGHT-OF-WAY,FAILING TO REDUCE SPEED TO AVOID CRASH,360,W,MADISON ST,122,,,,,,,2,NO INDICATION OF INJURY,0.0,0.0,0.0,0.0,0.0,2.0,0.0,22,1,5,41.8820229,-87.637081412,POINT (-87.637081411989 41.88202289998)
2066476,61d6d537592ccab3632f6a3645f763cf3d46771e0950e0c397f6f5fb0201f9b26b2200e8e0e96b42e3ce28356aec6e4730437f14b5ee16db5ecb8629982c73e1,2025-05-18T22:00:00.000,1,DRIVER,,1969880.0,,JEEP,WRANGLER,IL,2019.0,UNKNOWN,UNKNOWN/NA,UNKNOWN/NA,UNKNOWN,UNKNOWN/NA,,,1.0,,,,,,,,,,,,,,,,Y,UNKNOWN,,,,,,,,,,,,,,,,,,,,,,,,,,2025-05-18T22:00:00.000,30,UNKNOWN,UNKNOWN,CLEAR,DARKNESS,REAR END,UNKNOWN,STRAIGHT AND LEVEL,DRY,UNKNOWN,NOT ON SCENE (DESK REPORT),NO INJURY / DRIVE AWAY,Y,,,"OVER $1,500",2025-05-19T18:30:00.000,UNABLE TO DETERMINE,UNABLE TO DETERMINE,801,W,MADISON ST,1232,,,,,,,2,NO INDICATION OF INJURY,0.0,0.0,0.0,0.0,0.0,2.0,0.0,22,1,5,41.8816675873,-87.6473858065,POINT (-87.647385806537 41.881667587258)
2066477,61d6d537592ccab3632f6a3645f763cf3d46771e0950e0c397f6f5fb0201f9b26b2200e8e0e96b42e3ce28356aec6e4730437f14b5ee16db5ecb8629982c73e1,2025-05-18T22:00:00.000,2,DRIVER,,1969888.0,,ACURA,TLX,IL,2015.0,UNKNOWN,UNKNOWN/NA,UNKNOWN/NA,UNKNOWN,UNKNOWN/NA,,,1.0,,,,,,,,,Y,,,,,,,,REAR,,,,,,,,,,,,,,,,,,,,,,,,,,2025-05-18T22:00:00.000,30,UNKNOWN,UNKNOWN,CLEAR,DARKNESS,REAR END,UNKNOWN,STRAIGHT AND LEVEL,DRY,UNKNOWN,NOT ON SCENE (DESK REPORT),NO INJURY / DRIVE AWAY,Y,,,"OVER $1,500",2025-05-19T18:30:00.000,UNABLE TO DETERMINE,UNABLE TO DETERMINE,801,W,MADISON ST,1232,,,,,,,2,NO INDICATION OF INJURY,0.0,0.0,0.0,0.0,0.0,2.0,0.0,22,1,5,41.8816675873,-87.6473858065,POINT (-87.647385806537 41.881667587258)
2065912,5247833c201a7e01dfb6ab29e376ccf004d240e46931886006680eea58e153c318c49fbc49bc2d099a8e54f2d819c5efad7025e6b876498601acf38ca36bc349,2025-05-18T21:57:00.000,1,DRIVER,,1969343.0,,HYUNDAI,VERACRUZ,IL,2008.0,UNKNOWN,SPORT UTILITY VEHICLE (SUV),UNKNOWN/NA,N,STRAIGHT AHEAD,,,1.0,,,,,,,,,,,,,,,,Y,UNKNOWN,,,,,,,,,,,,,,,,,,,,,,,,,,2025-05-18T21:57:00.000,30,STOP SIGN/FLASHER,FUNCTIONING PROPERLY,CLEAR,"DARKNESS, LIGHTED ROAD",PARKED MOTOR VEHICLE,ONE-WAY,STRAIGHT AND LEVEL,DRY,NO DEFECTS,ON SCENE,NO INJURY / DRIVE AWAY,,,Y,"OVER $1,500",2025-05-18T22:09:00.000,UNABLE TO DETERMINE,IMPROPER LANE USAGE,2605,N,AVERS AVE,2524,,,,,,,4,NO INDICATION OF INJURY,0.0,0.0,0.0,0.0,0.0,1.0,0.0,21,1,5,41.9284004926,-87.7230683707,POINT (-87.723068370744 41.928400492592)
2065913,5247833c201a7e01dfb6ab29e376ccf004d240e46931886006680eea58e153c318c49fbc49bc2d099a8e54f2d819c5efad7025e6b876498601acf38ca36bc349,2025-05-18T21:57:00.000,2,PARKED,,1969344.0,,VOLKSWAGEN,JETTA,MN,2019.0,UNKNOWN,PASSENGER,UNKNOWN/NA,N,PARKED IN TRAFFIC LANE,,,0.0,,,,,,,,,,N,Y,Y,Y,N,,,SIDE-LEFT,,,,,,,,,,,,,,,,,,,,,,,,,,2025-05-18T21:57:00.000,30,STOP SIGN/FLASHER,FUNCTIONING PROPERLY,CLEAR,"DARKNESS, LIGHTED ROAD",PARKED MOTOR VEHICLE,ONE-WAY,STRAIGHT AND LEVEL,DRY,NO DEFECTS,ON SCENE,NO INJURY / DRIVE AWAY,,,Y,"OVER $1,500",2025-05-18T22:09:00.000,UNABLE TO DETERMINE,IMPROPER LANE USAGE,2605,N,AVERS AVE,2524,,,,,,,4,NO INDICATION OF INJURY,0.0,0.0,0.0,0.0,0.0,1.0,0.0,21,1,5,41.9284004926,-87.7230683707,POINT (-87.723068370744 41.928400492592)
2065914,5247833c201a7e01dfb6ab29e376ccf004d240e46931886006680eea58e153c318c49fbc49bc2d099a8e54f2d819c5efad7025e6b876498601acf38ca36bc349,2025-05-18T21:57:00.000,3,PARKED,,1969354.0,,TOYOTA,TACOMA,IL,2001.0,NONE,PICKUP,PERSONAL,N,PARKED IN TRAFFIC LANE,,,0.0,,,,,,,,,,Y,Y,,,,,,SIDE-LEFT-REAR,,,,,,,,,,,,,,,,,,,,,,,,,,2025-05-18T21:57:00.000,30,STOP SIGN/FLASHER,FUNCTIONING PROPERLY,CLEAR,"DARKNESS, LIGHTED ROAD",PARKED MOTOR VEHICLE,ONE-WAY,STRAIGHT AND LEVEL,DRY,NO DEFECTS,ON SCENE,NO INJURY / DRIVE AWAY,,,Y,"OVER $1,500",2025-05-18T22:09:00.000,UNABLE TO DETERMINE,IMPROPER LANE USAGE,2605,N,AVERS AVE,2524,,,,,,,4,NO INDICATION OF INJURY,0.0,0.0,0.0,0.0,0.0,1.0,0.0,21,1,5,41.9284004926,-87.7230683707,POINT (-87.723068370744 41.928400492592)
2065915,5247833c201a7e01dfb6ab29e376ccf004d240e46931886006680eea58e153c318c49fbc49bc2d099a8e54f2d819c5efad7025e6b876498601acf38ca36bc349,2025-05-18T21:57:00.000,4,PARKED,,1969349.0,,LEXUS,RX,IL,2019.0,UNKNOWN,SPORT UTILITY VEHICLE (SUV),UNKNOWN/NA,N,PARKED,,,0.0,,,,,,,,,,,Y,Y,Y,,,,SIDE-LEFT,,,,,,,,,,,,,,,,,,,,,,,,,,2025-05-18T21:57:00.000,30,STOP SIGN/FLASHER,FUNCTIONING PROPERLY,CLEAR,"DARKNESS, LIGHTED ROAD",PARKED MOTOR VEHICLE,ONE-WAY,STRAIGHT AND LEVEL,DRY,NO DEFECTS,ON SCENE,NO INJURY / DRIVE AWAY,,,Y,"OVER $1,500",2025-05-18T22:09:00.000,UNABLE TO DETERMINE,IMPROPER LANE USAGE,2605,N,AVERS AVE,2524,,,,,,,4,NO INDICATION OF INJURY,0.0,0.0,0.0,0.0,0.0,1.0,0.0,21,1,5,41.9284004926,-87.7230683707,POINT (-87.723068370744 41.928400492592)
2065897,f1843dffa3dcb28b5b366c76ccd29fe4182a3a25a393be148910f81eda26ea46e678883feff0c13641179ef7dd8f898c11a34ac8524148faeb3b5db427b8a600,2025-05-18T21:45:00.000,1,DRIVER,,1969333.0,,TOYOTA,COROLLA,IL,2014.0,NONE,PASSENGER,PERSONAL,W,ENTERING TRAFFIC LANE FROM PARKING,,,1.0,,,,,,,,,,,,,,,,Y,UNKNOWN,,,,,,,,,,,,,,,,,,,,,,,,,,2025-05-18T21:45:00.000,30,UNKNOWN,UNKNOWN,CLEAR,DAYLIGHT,SIDESWIPE SAME DIRECTION,DIVIDED - W/MEDIAN BARRIER,STRAIGHT AND LEVEL,UNKNOWN,UNKNOWN,NOT ON SCENE (DESK REPORT),NO INJURY / DRIVE AWAY,,,,"OVER $1,500",2025-05-18T22:08:00.000,IMPROPER OVERTAKING/PASSING,NOT APPLICABLE,3200,S,DR MARTIN LUTHER KING JR DR,211,,,,,,,2,NO INDICATION OF INJURY,0.0,0.0,0.0,0.0,0.0,2.0,0.0,21,1,5,41.8364982196,-87.61758874,POINT (-87.617588739996 41.836498219642)
2065898,f1843dffa3dcb28b5b366c76ccd29fe4182a3a25a393be148910f81eda26ea46e678883feff0c13641179ef7dd8f898c11a34ac8524148faeb3b5db427b8a600,2025-05-18T21:45:00.000,2,DRIVER,,1969336.0,,TESLA,OTHER (EXPLAIN IN NARRATIVE),WI,2023.0,UNKNOWN,PASSENGER,PERSONAL,W,STRAIGHT AHEAD,,,1.0,,,,,Y,Y,Y,,,,,,,,,,SIDE-LEFT,,,,,,,,,,,,,,,,,,,,,,,,,,2025-05-18T21:45:00.000,30,UNKNOWN,UNKNOWN,CLEAR,DAYLIGHT,SIDESWIPE SAME DIRECTION,DIVIDED - W/MEDIAN BARRIER,STRAIGHT AND LEVEL,UNKNOWN,UNKNOWN,NOT ON SCENE (DESK REPORT),NO INJURY / DRIVE AWAY,,,,"OVER $1,500",2025-05-18T22:08:00.000,IMPROPER OVERTAKING/PASSING,NOT APPLICABLE,3200,S,DR MARTIN LUTHER KING JR DR,211,,,,,,,2,NO INDICATION OF INJURY,0.0,0.0,0.0,0.0,0.0,2.0,0.0,21,1,5,41.8364982196,-87.61758874,POINT (-87.617588739996 41.836498219642)
2065899,31b071fe5a032628673be8cbd49701416a9ebd2e734a3da56e3ecbc189ba21ab8d279002f246c66721e9bb5dc969047bfb1f327fcd915e7c4d335d347936b5fc,2025-05-18T21:43:00.000,1,DRIVER,,1969332.0,,HYUNDAI,SONATA,IL,2016.0,UNKNOWN,PASSENGER,UNKNOWN/NA,S,STRAIGHT AHEAD,,,1.0,,,,,,,,,,,,,,,Y,,FRONT,,,,,,,,,,,,,,,,,,,,,,,,,,2025-05-18T21:43:00.000,30,TRAFFIC SIGNAL,FUNCTIONING PROPERLY,CLEAR,"DARKNESS, LIGHTED ROAD",REAR END,NOT DIVIDED,STRAIGHT AND LEVEL,DRY,NO DEFECTS,NOT ON SCENE (DESK REPORT),INJURY AND / OR TOW DUE TO CRASH,Y,,N,"$501 - $1,500",2025-05-18T22:15:00.000,UNABLE TO DETERMINE,UNABLE TO DETERMINE,954,N,SACRAMENTO BLVD,1211,,,,,,,2,"REPORTED, NOT EVIDENT",1.0,0.0,0.0,0.0,1.0,1.0,0.0,21,1,5,41.8991896632,-87.7026131961,POINT (-87.702613196098 41.899189663174)
2065900,31b071fe5a032628673be8cbd49701416a9ebd2e734a3da56e3ecbc189ba21ab8d279002f246c66721e9bb5dc969047bfb1f327fcd915e7c4d335d347936b5fc,2025-05-18T21:43:00.000,2,DRIVER,,1969342.0,,TOYOTA,COROLLA,FL,2015.0,UNKNOWN,PASSENGER,UNKNOWN/NA,S,SLOW/STOP IN TRAFFIC,,,1.0,,,,,,,,,Y,,,,,,,,REAR,,,,,,,,,,,,,,,,,,,,,,,,,,2025-05-18T21:43:00.000,30,TRAFFIC SIGNAL,FUNCTIONING PROPERLY,CLEAR,"DARKNESS, LIGHTED ROAD",REAR END,NOT DIVIDED,STRAIGHT AND LEVEL,DRY,NO DEFECTS,NOT ON SCENE (DESK REPORT),INJURY AND / OR TOW DUE TO CRASH,Y,,N,"$501 - $1,500",2025-05-18T22:15:00.000,UNABLE TO DETERMINE,UNABLE TO DETERMINE,954,N,SACRAMENTO BLVD,1211,,,,,,,2,"REPORTED, NOT EVIDENT",1.0,0.0,0.0,0.0,1.0,1.0,0.0,21,1,5,41.8991896632,-87.7026131961,POINT (-87.702613196098 41.899189663174)
2066075,b8234a9db81b190c40577c225e041678dd7eb0230fd237bd4fab05fd005496c78245871d9e752f2726df959e7ba17027ce195d4456d9c8c68d70375a658a13d5,2025-05-18T21:40:00.000,1,DRIVER,,1969496.0,,KIA,RIO / K2,IL,2019.0,UNKNOWN,PASSENGER,UNKNOWN/NA,N,STRAIGHT AHEAD,Y,,1.0,PRIVATE TOW,,,,,,,,,,,,Y,Y,,,FRONT-LEFT-CORNER,,,,,,,,,,,,,,,,,,,,,,,,,,2025-05-18T21:40:00.000,30,NO CONTROLS,NO CONTROLS,CLEAR,"DARKNESS, LIGHTED ROAD",SIDESWIPE SAME DIRECTION,NOT DIVIDED,STRAIGHT AND LEVEL,DRY,NO DEFECTS,NOT ON SCENE (DESK REPORT),INJURY AND / OR TOW DUE TO CRASH,,,,"OVER $1,500",2025-05-19T09:00:00.000,UNABLE TO DETERMINE,UNABLE TO DETERMINE,2265,N,ELSTON AVE,1432,,,,,,,2,NO INDICATION OF INJURY,0.0,0.0,0.0,0.0,0.0,2.0,0.0,21,1,5,41.9228341252,-87.6740441569,POINT (-87.674044156921 41.922834125203)
2066076,b8234a9db81b190c40577c225e041678dd7eb0230fd237bd4fab05fd005496c78245871d9e752f2726df959e7ba17027ce195d4456d9c8c68d70375a658a13d5,2025-05-18T21:40:00.000,2,DRIVER,,1969502.0,,TOYOTA,YARIS,IL,2012.0,NONE,PASSENGER,PERSONAL,N,STRAIGHT AHEAD,,,1.0,,,,,,,Y,,,,,,,,,,SIDE-LEFT-REAR,,,,,,,,,,,,,,,,,,,,,,,,,,2025-05-18T21:40:00.000,30,NO CONTROLS,NO CONTROLS,CLEAR,"DARKNESS, LIGHTED ROAD",SIDESWIPE SAME DIRECTION,NOT DIVIDED,STRAIGHT AND LEVEL,DRY,NO DEFECTS,NOT ON SCENE (DESK REPORT),INJURY AND / OR TOW DUE TO CRASH,,,,"OVER $1,500",2025-05-19T09:00:00.000,UNABLE TO DETERMINE,UNABLE TO DETERMINE,2265,N,ELSTON AVE,1432,,,,,,,2,NO INDICATION OF INJURY,0.0,0.0,0.0,0.0,0.0,2.0,0.0,21,1,5,41.9228341252,-87.6740441569,POINT (-87.674044156921 41.922834125203)
2065886,34712a626fd0f19a39e6973a46cb69c27f745e6b452e09b82753bb8f6ad188f26c273589d70ce05dbbb41cb542f4f3106fe37cb59e1682a63d435169bdf3706c,2025-05-18T21:30:00.000,1,DRIVER,,1969319.0,,MERCEDES-BENZ,OTHER (EXPLAIN IN NARRATIVE),IL,,UNKNOWN,SPORT UTILITY VEHICLE (SUV),UNKNOWN/NA,E,TURNING RIGHT,,,1.0,,,,,,,,,,,,,,,,Y,FRONT,,,,,,,,,,,,,,,,,,,,,,,,,,2025-05-18T21:30:00.000,30,TRAFFIC SIGNAL,FUNCTIONING PROPERLY,CLEAR,"DARKNESS, LIGHTED ROAD",TURNING,NOT DIVIDED,STRAIGHT AND LEVEL,DRY,NO DEFECTS,ON SCENE,INJURY AND / OR TOW DUE TO CRASH,,,Y,"OVER $1,500",2025-05-18T21:41:00.000,IMPROPER TURNING/NO SIGNAL,DRIVING SKILLS/KNOWLEDGE/EXPERIENCE,1209,N,CLARK ST,1824,,,,,,,2,NONINCAPACITATING INJURY,1.0,0.0,0.0,1.0,0.0,2.0,0.0,21,1,5,41.9042156951,-87.6313078247,POINT (-87.631307824671 41.904215695098)
2065887,34712a626fd0f19a39e6973a46cb69c27f745e6b452e09b82753bb8f6ad188f26c273589d70ce05dbbb41cb542f4f3106fe37cb59e1682a63d435169bdf3706c,2025-05-18T21:30:00.000,2,DRIVER,1.0,1969325.0,,TOYOTA,PRIUS,IL,2011.0,NONE,PASSENGER,PERSONAL,N,STRAIGHT AHEAD,,,2.0,,,,,,,,,,Y,Y,Y,Y,Y,,,SIDE-LEFT,,,,,,,,,,,,,,,,,,,,,,,,,,2025-05-18T21:30:00.000,30,TRAFFIC SIGNAL,FUNCTIONING PROPERLY,CLEAR,"DARKNESS, LIGHTED ROAD",TURNING,NOT DIVIDED,STRAIGHT AND LEVEL,DRY,NO DEFECTS,ON SCENE,INJURY AND / OR TOW DUE TO CRASH,,,Y,"OVER $1,500",2025-05-18T21:41:00.000,IMPROPER TURNING/NO SIGNAL,DRIVING SKILLS/KNOWLEDGE/EXPERIENCE,1209,N,CLARK ST,1824,,,,,,,2,NONINCAPACITATING INJURY,1.0,0.0,0.0,1.0,0.0,2.0,0.0,21,1,5,41.9042156951,-87.6313078247,POINT (-87.631307824671 41.904215695098)
2065878,60f98adf248eea9843fb53990325884cfcc23b2ccdb238d07e13b93b20e565356d5e2f03f00c961146fc57ae1d553c775fa457de34a3c23240cebcbabe659b3d,2025-05-18T21:24:00.000,1,DRIVER,,1969300.0,,UNKNOWN,OTHER (EXPLAIN IN NARRATIVE),,,UNKNOWN,UNKNOWN/NA,UNKNOWN/NA,UNKNOWN,UNKNOWN/NA,,,1.0,,,,,,,,,,,,,,,,,UNKNOWN,,,,,,,,,,,,,,,,,,,,,,,,,,2025-05-18T21:24:00.000,30,NO CONTROLS,NO CONTROLS,CLEAR,"DARKNESS, LIGHTED ROAD",REAR END,NOT DIVIDED,STRAIGHT AND LEVEL,DRY,NO DEFECTS,ON SCENE,INJURY AND / OR TOW DUE TO CRASH,,,Y,"OVER $1,500",2025-05-18T21:36:00.000,FOLLOWING TOO CLOSELY,NOT APPLICABLE,210,W,76TH ST,623,,Y,,,,,3,NO INDICATION OF INJURY,0.0,0.0,0.0,0.0,0.0,2.0,0.0,21,1,5,41.7564308004,-87.6301016756,POINT (-87.630101675597 41.756430800361)
2065879,60f98adf248eea9843fb53990325884cfcc23b2ccdb238d07e13b93b20e565356d5e2f03f00c961146fc57ae1d553c775fa457de34a3c23240cebcbabe659b3d,2025-05-18T21:24:00.000,2,DRIVER,,1969307.0,,MITSUBISHI,MIRAGE,IL,2018.0,UNKNOWN,PASSENGER,PERSONAL,E,STRAIGHT AHEAD,Y,,1.0,private tow,,,Y,Y,,,,,,,,,Y,Y,,REAR,,,,,,,,,,,,,,,,,,,,,,,,,,2025-05-18T21:24:00.000,30,NO CONTROLS,NO CONTROLS,CLEAR,"DARKNESS, LIGHTED ROAD",REAR END,NOT DIVIDED,STRAIGHT AND LEVEL,DRY,NO DEFECTS,ON SCENE,INJURY AND / OR TOW DUE TO CRASH,,,Y,"OVER $1,500",2025-05-18T21:36:00.000,FOLLOWING TOO CLOSELY,NOT APPLICABLE,210,W,76TH ST,623,,Y,,,,,3,NO INDICATION OF INJURY,0.0,0.0,0.0,0.0,0.0,2.0,0.0,21,1,5,41.7564308004,-87.6301016756,POINT (-87.630101675597 41.756430800361)
2065880,60f98adf248eea9843fb53990325884cfcc23b2ccdb238d07e13b93b20e565356d5e2f03f00c961146fc57ae1d553c775fa457de34a3c23240cebcbabe659b3d,2025-05-18T21:24:00.000,3,PARKED,,1969310.0,,UNKNOWN,OTHER (EXPLAIN IN NARRATIVE),IL,,UNKNOWN,OTHER,UNKNOWN/NA,E,PARKED,,,0.0,,,,,,,,,,,,,,,,,REAR,,,,,,,,,,,,,,,,,,,,,,,,,,2025-05-18T21:24:00.000,30,NO CONTROLS,NO CONTROLS,CLEAR,"DARKNESS, LIGHTED ROAD",REAR END,NOT DIVIDED,STRAIGHT AND LEVEL,DRY,NO DEFECTS,ON SCENE,INJURY AND / OR TOW DUE TO CRASH,,,Y,"OVER $1,500",2025-05-18T21:36:00.000,FOLLOWING TOO CLOSELY,NOT APPLICABLE,210,W,76TH ST,623,,Y,,,,,3,NO INDICATION OF INJURY,0.0,0.0,0.0,0.0,0.0,2.0,0.0,21,1,5,41.7564308004,-87.6301016756,POINT (-87.630101675597 41.756430800361)
2065892,fe52623a5ebcc225d83b6c794e0d779c3f7f6ae58352800abaf7c9a1a02a925fec671679bc3dc48ce4813c1720c2dc6f1553d3fd5858510f28bf950fa4c51b6a,2025-05-18T21:22:00.000,1,DRIVER,,1969318.0,,CHRYSLER,SEBRING,IL,2008.0,NONE,PASSENGER,PERSONAL,W,STRAIGHT AHEAD,,,1.0,,,,,,,,,,,,,,Y,,,FRONT-LEFT-CORNER,,,,,,,,,,,,,,,,,,,,,,,,,,2025-05-18T21:22:00.000,30,STOP SIGN/FLASHER,FUNCTIONING PROPERLY,CLEAR,"DARKNESS, LIGHTED ROAD",PARKED MOTOR VEHICLE,FOUR WAY,STRAIGHT AND LEVEL,DRY,NO DEFECTS,ON SCENE,NO INJURY / DRIVE AWAY,Y,,,"OVER $1,500",2025-05-18T21:24:00.000,IMPROPER LANE USAGE,UNABLE TO DETERMINE,3710,W,MC LEAN AVE,2525,,,,,,,3,NO INDICATION OF INJURY,0.0,0.0,0.0,0.0,0.0,1.0,0.0,21,1,5,41.9182717756,-87.7197515976,POINT (-87.719751597558 41.918271775614)
2065893,fe52623a5ebcc225d83b6c794e0d779c3f7f6ae58352800abaf7c9a1a02a925fec671679bc3dc48ce4813c1720c2dc6f1553d3fd5858510f28bf950fa4c51b6a,2025-05-18T21:22:00.000,2,PARKED,,1969322.0,,FORD,FOCUS,IL,2016.0,NONE,PASSENGER,PERSONAL,W,PARKED,,,0.0,,,,,,,,Y,,,,,,,,,REAR-RIGHT-CORNER,,,,,,,,,,,,,,,,,,,,,,,,,,2025-05-18T21:22:00.000,30,STOP SIGN/FLASHER,FUNCTIONING PROPERLY,CLEAR,"DARKNESS, LIGHTED ROAD",PARKED MOTOR VEHICLE,FOUR WAY,STRAIGHT AND LEVEL,DRY,NO DEFECTS,ON SCENE,NO INJURY / DRIVE AWAY,Y,,,"OVER $1,500",2025-05-18T21:24:00.000,IMPROPER LANE USAGE,UNABLE TO DETERMINE,3710,W,MC LEAN AVE,2525,,,,,,,3,NO INDICATION OF INJURY,0.0,0.0,0.0,0.0,0.0,1.0,0.0,21,1,5,41.9182717756,-87.7197515976,POINT (-87.719751597558 41.918271775614)
2065894,fe52623a5ebcc225d83b6c794e0d779c3f7f6ae58352800abaf7c9a1a02a925fec671679bc3dc48ce4813c1720c2dc6f1553d3fd5858510f28bf950fa4c51b6a,2025-05-18T21:22:00.000,3,PARKED,,1969324.0,,INFINITI,G37,IL,2017.0,NONE,PASSENGER,PERSONAL,W,PARKED,,,0.0,,,,,,,,,Y,,,,,,,,REAR,,,,,,,,,,,,,,,,,,,,,,,,,,2025-05-18T21:22:00.000,30,STOP SIGN/FLASHER,FUNCTIONING PROPERLY,CLEAR,"DARKNESS, LIGHTED ROAD",PARKED MOTOR VEHICLE,FOUR WAY,STRAIGHT AND LEVEL,DRY,NO DEFECTS,ON SCENE,NO INJURY / DRIVE AWAY,Y,,,"OVER $1,500",2025-05-18T21:24:00.000,IMPROPER LANE USAGE,UNABLE TO DETERMINE,3710,W,MC LEAN AVE,2525,,,,,,,3,NO INDICATION OF INJURY,0.0,0.0,0.0,0.0,0.0,1.0,0.0,21,1,5,41.9182717756,-87.7197515976,POINT (-87.719751597558 41.918271775614)