crash_unit_id,crash_record_id,crash_date_left,unit_no,unit_type,num_passengers,vehicle_id,cmrc_veh_i,make,model,lic_plate_state,vehicle_year,vehicle_defect,vehicle_type,vehicle_use,travel_direction,maneuver,towed_i,fire_i,occupant_cnt,towed_by,towed_to,area_00_i,area_01_i,area_02_i,area_03_i,area_04_i,area_05_i,area_06_i,area_07_i,area_08_i,area_09_i,area_10_i,area_11_i,area_12_i,area_99_i,first_contact_point,cmv_id,usdot_no,commercial_src,gvwr,carrier_name,carrier_state,carrier_city,hazmat_placards_i,hazmat_present_i,hazmat_report_i,mcs_report_i,hazmat_vio_cause_crash_i,mcs_vio_cause_crash_i,idot_permit_no,trailer1_width,trailer2_width,trailer1_length,axle_cnt,vehicle_config,cargo_body_type,load_type,hazmat_out_of_service_i,mcs_out_of_service_i,hazmat_class,crash_date_est_i,crash_date_right,posted_speed_limit,traffic_control_device,device_condition,weather_condition,lighting_condition,first_crash_type,trafficway_type,alignment,roadway_surface_cond,road_defect,report_type,crash_type,intersection_related_i,private_property_i,hit_and_run_i,damage,date_police_notified,prim_contributory_cause,sec_contributory_cause,street_no,street_direction,street_name,beat_of_occurrence,photos_taken_i,statements_taken_i,dooring_i,work_zone_i,work_zone_type,workers_present_i,num_units,most_severe_injury,injuries_total,injuries_fatal,injuries_incapacitating,injuries_non_incapacitating,injuries_reported_not_evident,injuries_no_indication,injuries_unknown,crash_hour,crash_day_of_week,crash_month,latitude,longitude,location
2066047,3fe4dbddf9d76537f41df641c256de1a47cf571c88069ccaa91478306ca2e1d958a0add64355e05b981244275f0019aedb80f5a26030b29cb6f9c172fdd4c475,2025-05-18T21:20:00.000,1,DRIVER,,1969457.0,,HYUNDAI,VERACRUZ,IL,2008.0,NONE,PASSENGER,UNKNOWN/NA,N,STRAIGHT AHEAD,,,1.0,,,,,,,,,,,,,,,,Y,UNKNOWN,,,,,,,,,,,,,,,,,,,,,,,,,,2025-05-18T21:20:00.000,30,TRAFFIC SIGNAL,FUNCTIONING PROPERLY,CLEAR,"DARKNESS, LIGHTED ROAD",REAR END,DIVIDED - W/MEDIAN (NOT RAISED),STRAIGHT AND LEVEL,DRY,NO DEFECTS,,NO INJURY / DRIVE AWAY,,,,"OVER $1,500",2025-05-18T22:00:00.000,FOLLOWING TOO CLOSELY,NOT APPLICABLE,1840,N,CENTRAL AVE,2531,,,,,,,3,NO INDICATION OF INJURY,0.0,0.0,0.0,0.0,0.0,4.0,0.0,21,1,5,41.9142901928,-87.7658161921,POINT (-87.765816192108 41.914290192834)
2066048,3fe4dbddf9d76537f41df641c256de1a47cf571c88069ccaa91478306ca2e1d958a0add64355e05b981244275f0019aedb80f5a26030b29cb6f9c172fdd4c475,2025-05-18T21:20:00.000,2,DRIVER,,1969458.0,,TOYOTA,OTHER (EXPLAIN IN NARRATIVE),IL,2015.0,NONE,PASSENGER,UNKNOWN/NA,N,STRAIGHT AHEAD,,,1.0,,,,,,,,Y,Y,Y,,,,,Y,,REAR,,,,,,,,,,,,,,,,,,,,,,,,,,2025-05-18T21:20:00.000,30,TRAFFIC SIGNAL,FUNCTIONING PROPERLY,CLEAR,"DARKNESS, LIGHTED ROAD",REAR END,DIVIDED - W/MEDIAN (NOT RAISED),STRAIGHT AND LEVEL,DRY,NO DEFECTS,,NO INJURY / DRIVE AWAY,,,,"OVER $1,500",2025-05-18T22:00:00.000,FOLLOWING TOO CLOSELY,NOT APPLICABLE,1840,N,CENTRAL AVE,2531,,,,,,,3,NO INDICATION OF INJURY,0.0,0.0,0.0,0.0,0.0,4.0,0.0,21,1,5,41.9142901928,-87.7658161921,POINT (-87.765816192108 41.914290192834)
2066049,3fe4dbddf9d76537f41df641c256de1a47cf571c88069ccaa91478306ca2e1d958a0add64355e05b981244275f0019aedb80f5a26030b29cb6f9c172fdd4c475,2025-05-18T21:20:00.000,3,DRIVER,1.0,1969459.0,,HONDA,CR-V,IL,2025.0,NONE,PASSENGER,PERSONAL,N,STRAIGHT AHEAD,,,2.0,,,,,,,,Y,Y,Y,,,,,,,REAR,,,,,,,,,,,,,,,,,,,,,,,,,,2025-05-18T21:20:00.000,30,TRAFFIC SIGNAL,FUNCTIONING PROPERLY,CLEAR,"DARKNESS, LIGHTED ROAD",REAR END,DIVIDED - W/MEDIAN (NOT RAISED),STRAIGHT AND LEVEL,DRY,NO DEFECTS,,NO INJURY / DRIVE AWAY,,,,"OVER $1,500",2025-05-18T22:00:00.000,FOLLOWING TOO CLOSELY,NOT APPLICABLE,1840,N,CENTRAL AVE,2531,,,,,,,3,NO INDICATION OF INJURY,0.0,0.0,0.0,0.0,0.0,4.0,0.0,21,1,5,41.9142901928,-87.7658161921,POINT (-87.765816192108 41.914290192834)
2065876,d3df25b22e91294a550c9a54f2349d87232eee52d2b6645b6b4684fb4c17a441b944c210f9e966c45ad45752e6cc2f12d7e09a739d228ba692fee0e87301055d,2025-05-18T21:20:00.000,1,DRIVER,,1969301.0,,JEEP,GLADIATOR,IL,2023.0,UNKNOWN,TRUCK - SINGLE UNIT,PERSONAL,NW,STRAIGHT AHEAD,,,1.0,,,,Y,,,,,,,,,,Y,Y,,FRONT,,,,,,,,,,,,,,,,,,,,,,,,,,2025-05-18T21:20:00.000,30,TRAFFIC SIGNAL,FUNCTIONING PROPERLY,CLEAR,"DARKNESS, LIGHTED ROAD",REAR END,NOT DIVIDED,STRAIGHT AND LEVEL,DRY,NO DEFECTS,NOT ON SCENE (DESK REPORT),NO INJURY / DRIVE AWAY,Y,,,"OVER $1,500",2025-05-18T22:00:00.000,FOLLOWING TOO CLOSELY,UNABLE TO DETERMINE,2977,N,CLYBOURN AVE,1931,,,,,,,2,NO INDICATION OF INJURY,0.0,0.0,0.0,0.0,0.0,2.0,0.0,21,1,5,41.9358636866,-87.6828821562,POINT (-87.682882156224 41.935863686646)
2065877,d3df25b22e91294a550c9a54f2349d87232eee52d2b6645b6b4684fb4c17a441b944c210f9e966c45ad45752e6cc2f12d7e09a739d228ba692fee0e87301055d,2025-05-18T21:20:00.000,2,DRIVER,,1969308.0,,HONDA,CR-V,IL,2013.0,NONE,SPORT UTILITY VEHICLE (SUV),PERSONAL,NW,SLOW/STOP IN TRAFFIC,,,1.0,,,,,,,,Y,Y,Y,,,,,,,REAR,,,,,,,,,,,,,,,,,,,,,,,,,,2025-05-18T21:20:00.000,30,TRAFFIC SIGNAL,FUNCTIONING PROPERLY,CLEAR,"DARKNESS, LIGHTED ROAD",REAR END,NOT DIVIDED,STRAIGHT AND LEVEL,DRY,NO DEFECTS,NOT ON SCENE (DESK REPORT),NO INJURY / DRIVE AWAY,Y,,,"OVER $1,500",2025-05-18T22:00:00.000,FOLLOWING TOO CLOSELY,UNABLE TO DETERMINE,2977,N,CLYBOURN AVE,1931,,,,,,,2,NO INDICATION OF INJURY,0.0,0.0,0.0,0.0,0.0,2.0,0.0,21,1,5,41.9358636866,-87.6828821562,POINT (-87.682882156224 41.935863686646)
2065916,c15073cb1d0590680ea737e883c5d01c719ca8bfee0e9801cd545bde9b4df0d6334592b3feb25d0f20f94cf6e34bd2b146469437dd1607f620a773ad77abff24,2025-05-18T21:12:00.000,1,DRIVER,,1969345.0,,HONDA,ACCORD,IL,2007.0,UNKNOWN,PASSENGER,UNKNOWN/NA,S,STRAIGHT AHEAD,Y,,1.0,,,,Y,,,,,,,,,,Y,Y,,FRONT-RIGHT-CORNER,,,,,,,,,,,,,,,,,,,,,,,,,,2025-05-18T21:12:00.000,30,NO CONTROLS,NO CONTROLS,CLEAR,"DARKNESS, LIGHTED ROAD",PARKED MOTOR VEHICLE,NOT DIVIDED,STRAIGHT AND LEVEL,DRY,NO DEFECTS,ON SCENE,INJURY AND / OR TOW DUE TO CRASH,,Y,,"OVER $1,500",2025-05-18T23:05:00.000,DRIVING SKILLS/KNOWLEDGE/EXPERIENCE,DRIVING SKILLS/KNOWLEDGE/EXPERIENCE,3152,N,LARAMIE AVE,2514,,,,,,,2,NO INDICATION OF INJURY,0.0,0.0,0.0,0.0,0.0,1.0,0.0,21,1,5,41.93847561,-87.7568278977,POINT (-87.756827897659 41.938475609961)
2065917,c15073cb1d0590680ea737e883c5d01c719ca8bfee0e9801cd545bde9b4df0d6334592b3feb25d0f20f94cf6e34bd2b146469437dd1607f620a773ad77abff24,2025-05-18T21:12:00.000,2,PARKED,,1969347.0,,HONDA,ODYSSEY,WI,2010.0,NONE,VAN/MINI-VAN,UNKNOWN/NA,S,PARKED,,,0.0,,,,,,,,Y,Y,Y,,,,,,,REAR,,,,,,,,,,,,,,,,,,,,,,,,,,2025-05-18T21:12:00.000,30,NO CONTROLS,NO CONTROLS,CLEAR,"DARKNESS, LIGHTED ROAD",PARKED MOTOR VEHICLE,NOT DIVIDED,STRAIGHT AND LEVEL,DRY,NO DEFECTS,ON SCENE,INJURY AND / OR TOW DUE TO CRASH,,Y,,"OVER $1,500",2025-05-18T23:05:00.000,DRIVING SKILLS/KNOWLEDGE/EXPERIENCE,DRIVING SKILLS/KNOWLEDGE/EXPERIENCE,3152,N,LARAMIE AVE,2514,,,,,,,2,NO INDICATION OF INJURY,0.0,0.0,0.0,0.0,0.0,1.0,0.0,21,1,5,41.93847561,-87.7568278977,POINT (-87.756827897659 41.938475609961)
2065873,c9e16c7d68c6b6275d7d97123e36c16c9537af2b5c5564c359a585c115e5718adf24cc3fcb741673a0b78f7ff72d64b9eab36f24d7657d8bbc0be50010dd7b4a,2025-05-18T21:08:00.000,1,DRIVER,,1969306.0,,HYUNDAI,ELANTRA,IL,2013.0,BRAKES,PASSENGER,PERSONAL,W,STRAIGHT AHEAD,Y,,1.0,CITY,2,,Y,,,,,,,,,,Y,Y,,FRONT,,,,,,,,,,,,,,,,,,,,,,,,,,2025-05-18T21:08:00.000,30,TRAFFIC SIGNAL,FUNCTIONING PROPERLY,CLEAR,"DARKNESS, LIGHTED ROAD",REAR END,NOT DIVIDED,STRAIGHT AND LEVEL,DRY,NO DEFECTS,ON SCENE,INJURY AND / OR TOW DUE TO CRASH,Y,,,"OVER $1,500",2025-05-18T21:14:00.000,EQUIPMENT - VEHICLE CONDITION,NOT APPLICABLE,3328,W,111TH ST,2211,,,,,,,3,"REPORTED, NOT EVIDENT",1.0,0.0,0.0,0.0,1.0,2.0,0.0,21,1,5,41.6916217983,-87.704451154,POINT (-87.70445115399 41.691621798345)
2065874,c9e16c7d68c6b6275d7d97123e36c16c9537af2b5c5564c359a585c115e5718adf24cc3fcb741673a0b78f7ff72d64b9eab36f24d7657d8bbc0be50010dd7b4a,2025-05-18T21:08:00.000,2,DRIVER,,1969338.0,,NISSAN,VERSA,IL,2024.0,NONE,PASSENGER,PERSONAL,W,STRAIGHT AHEAD,Y,,1.0,PERSONAL TOW,,,Y,,,,Y,Y,Y,,,,Y,Y,,REAR,,,,,,,,,,,,,,,,,,,,,,,,,,2025-05-18T21:08:00.000,30,TRAFFIC SIGNAL,FUNCTIONING PROPERLY,CLEAR,"DARKNESS, LIGHTED ROAD",REAR END,NOT DIVIDED,STRAIGHT AND LEVEL,DRY,NO DEFECTS,ON SCENE,INJURY AND / OR TOW DUE TO CRASH,Y,,,"OVER $1,500",2025-05-18T21:14:00.000,EQUIPMENT - VEHICLE CONDITION,NOT APPLICABLE,3328,W,111TH ST,2211,,,,,,,3,"REPORTED, NOT EVIDENT",1.0,0.0,0.0,0.0,1.0,2.0,0.0,21,1,5,41.6916217983,-87.704451154,POINT (-87.70445115399 41.691621798345)
2065875,c9e16c7d68c6b6275d7d97123e36c16c9537af2b5c5564c359a585c115e5718adf24cc3fcb741673a0b78f7ff72d64b9eab36f24d7657d8bbc0be50010dd7b4a,2025-05-18T21:08:00.000,3,DRIVER,,1969321.0,,GENERAL MOTORS CORPORATION (GMC),YUKON,IL,2007.0,NONE,PASSENGER,PERSONAL,W,STRAIGHT AHEAD,,,1.0,,,,,,,,Y,Y,Y,,,,,,,REAR,,,,,,,,,,,,,,,,,,,,,,,,,,2025-05-18T21:08:00.000,30,TRAFFIC SIGNAL,FUNCTIONING PROPERLY,CLEAR,"DARKNESS, LIGHTED ROAD",REAR END,NOT DIVIDED,STRAIGHT AND LEVEL,DRY,NO DEFECTS,ON SCENE,INJURY AND / OR TOW DUE TO CRASH,Y,,,"OVER $1,500",2025-05-18T21:14:00.000,EQUIPMENT - VEHICLE CONDITION,NOT APPLICABLE,3328,W,111TH ST,2211,,,,,,,3,"REPORTED, NOT EVIDENT",1.0,0.0,0.0,0.0,1.0,2.0,0.0,21,1,5,41.6916217983,-87.704451154,POINT (-87.70445115399 41.691621798345)
2065890,8d3822b6c119d8fece2608dedfa55b43693e43713c55bba0fb4a1f6c1e2e53569728e9353b2ee8807b5ff7f076b78e052f168d886ecd8b4af2e83a057280c47c,2025-05-18T21:05:00.000,1,DRIVER,,1969314.0,,VOLKSWAGEN,JETTA,IL,2010.0,UNKNOWN,PASSENGER,PERSONAL,S,TURNING LEFT,,,1.0,,,,,,,,,,,,,,,Y,,FRONT,,,,,,,,,,,,,,,,,,,,,,,,,,2025-05-18T21:05:00.000,30,TRAFFIC SIGNAL,FUNCTIONING PROPERLY,CLEAR,"DARKNESS, LIGHTED ROAD",PEDESTRIAN,DIVIDED - W/MEDIAN (NOT RAISED),STRAIGHT AND LEVEL,DRY,NO DEFECTS,ON SCENE,INJURY AND / OR TOW DUE TO CRASH,Y,,,$500 OR LESS,2025-05-18T21:08:00.000,UNABLE TO DETERMINE,NOT APPLICABLE,9501,S,ASHLAND AVE,2213,,,,,,,2,NONINCAPACITATING INJURY,1.0,0.0,0.0,1.0,0.0,1.0,0.0,21,1,5,41.7211661519,-87.6625351995,POINT (-87.662535199503 41.721166151936)
2065891,8d3822b6c119d8fece2608dedfa55b43693e43713c55bba0fb4a1f6c1e2e53569728e9353b2ee8807b5ff7f076b78e052f168d886ecd8b4af2e83a057280c47c,2025-05-18T21:05:00.000,2,PEDESTRIAN,,,,,,,,,,,,,,,,,,,,,,,,,,,,,,,,,,,,,,,,,,,,,,,,,,,,,,,,,,2025-05-18T21:05:00.000,30,TRAFFIC SIGNAL,FUNCTIONING PROPERLY,CLEAR,"DARKNESS, LIGHTED ROAD",PEDESTRIAN,DIVIDED - W/MEDIAN (NOT RAISED),STRAIGHT AND LEVEL,DRY,NO DEFECTS,ON SCENE,INJURY AND / OR TOW DUE TO CRASH,Y,,,$500 OR LESS,2025-05-18T21:08:00.000,UNABLE TO DETERMINE,NOT APPLICABLE,9501,S,ASHLAND AVE,2213,,,,,,,2,NONINCAPACITATING INJURY,1.0,0.0,0.0,1.0,0.0,1.0,0.0,21,1,5,41.7211661519,-87.6625351995,POINT (-87.662535199503 41.721166151936)
2065959,dbd083dd7b9f63b1d1d2fcc480ef30ba8e9c4cd7436a9a1a10e79f4cde0e2bda531aecd56cf3aa8a952aa45bf31d6437c76d4ccdc08b7c434079b9cc89145c29,2025-05-18T21:05:00.000,2,DRIVER,,1969384.0,,UNKNOWN,OTHER (EXPLAIN IN NARRATIVE),,,UNKNOWN,PASSENGER,UNKNOWN/NA,N,STRAIGHT AHEAD,,,1.0,,,,,,,,,,,,,,,,,UNKNOWN,,,,,,,,,,,,,,,,,,,,,,,,,,2025-05-18T21:05:00.000,30,TRAFFIC SIGNAL,UNKNOWN,CLEAR,"DARKNESS, LIGHTED ROAD",ANGLE,FOUR WAY,STRAIGHT AND LEVEL,DRY,UNKNOWN,NOT ON SCENE (DESK REPORT),NO INJURY / DRIVE AWAY,,,Y,"OVER $1,500",2025-05-19T02:00:00.000,DISREGARDING TRAFFIC SIGNALS,NOT APPLICABLE,400,E,47TH ST,221,,,,,,,2,NO INDICATION OF INJURY,0.0,0.0,0.0,0.0,0.0,2.0,0.0,21,1,5,41.8095004652,-87.6162063994,POINT (-87.616206399384 41.809500465169)
2065960,dbd083dd7b9f63b1d1d2fcc480ef30ba8e9c4cd7436a9a1a10e79f4cde0e2bda531aecd56cf3aa8a952aa45bf31d6437c76d4ccdc08b7c434079b9cc89145c29,2025-05-18T21:05:00.000,1,DRIVER,,1969386.0,,LEXUS,ES350,IL,2007.0,UNKNOWN,PASSENGER,PERSONAL,W,STRAIGHT AHEAD,,,1.0,,,,,,,,,,,,,,,,,FRONT-LEFT-CORNER,,,,,,,,,,,,,,,,,,,,,,,,,,2025-05-18T21:05:00.000,30,TRAFFIC SIGNAL,UNKNOWN,CLEAR,"DARKNESS, LIGHTED ROAD",ANGLE,FOUR WAY,STRAIGHT AND LEVEL,DRY,UNKNOWN,NOT ON SCENE (DESK REPORT),NO INJURY / DRIVE AWAY,,,Y,"OVER $1,500",2025-05-19T02:00:00.000,DISREGARDING TRAFFIC SIGNALS,NOT APPLICABLE,400,E,47TH ST,221,,,,,,,2,NO INDICATION OF INJURY,0.0,0.0,0.0,0.0,0.0,2.0,0.0,21,1,5,41.8095004652,-87.6162063994,POINT (-87.616206399384 41.809500465169)
2065901,d97941ca3fcdef60a5804892f75e4309ad6f975dea4b138a2684ecca38014949d056ad23cba27c2eb810acbf14d03765ea90086ae5e43c8bbab3b25f1ac4e180,2025-05-18T21:00:00.000,1,DRIVER,,1969334.0,,HYUNDAI,SONATA,IL,2009.0,NONE,PASSENGER,PERSONAL,E,PASSING/OVERTAKING,,,1.0,,,,,,,,,,,,,,,,,FRONT,,,,,,,,,,,,,,,,,,,,,,,,,,2025-05-18T21:00:00.000,30,STOP SIGN/FLASHER,NO CONTROLS,CLEAR,"DARKNESS, LIGHTED ROAD",ANGLE,NOT DIVIDED,STRAIGHT AND LEVEL,DRY,NO DEFECTS,NOT ON SCENE (DESK REPORT),NO INJURY / DRIVE AWAY,,,,"OVER $1,500",2025-05-18T22:45:00.000,FAILING TO YIELD RIGHT-OF-WAY,NOT APPLICABLE,3122,N,CICERO AVE,2521,,,,,,,2,NO INDICATION OF INJURY,0.0,0.0,0.0,0.0,0.0,2.0,0.0,21,1,5,41.9376900233,-87.7469903953,POINT (-87.746990395266 41.937690023348)
2065902,d97941ca3fcdef60a5804892f75e4309ad6f975dea4b138a2684ecca38014949d056ad23cba27c2eb810acbf14d03765ea90086ae5e43c8bbab3b25f1ac4e180,2025-05-18T21:00:00.000,2,DRIVER,,1969339.0,,FORD,F150,IL,2008.0,NONE,PICKUP,PERSONAL,N,STRAIGHT AHEAD,,,1.0,,,,,,,,,,Y,Y,Y,Y,Y,,,SIDE-LEFT,,,,,,,,,,,,,,,,,,,,,,,,,,2025-05-18T21:00:00.000,30,STOP SIGN/FLASHER,NO CONTROLS,CLEAR,"DARKNESS, LIGHTED ROAD",ANGLE,NOT DIVIDED,STRAIGHT AND LEVEL,DRY,NO DEFECTS,NOT ON SCENE (DESK REPORT),NO INJURY / DRIVE AWAY,,,,"OVER $1,500",2025-05-18T22:45:00.000,FAILING TO YIELD RIGHT-OF-WAY,NOT APPLICABLE,3122,N,CICERO AVE,2521,,,,,,,2,NO INDICATION OF INJURY,0.0,0.0,0.0,0.0,0.0,2.0,0.0,21,1,5,41.9376900233,-87.7469903953,POINT (-87.746990395266 41.937690023348)
2066483,f84120106a15073c2c19060e371cf556648448ece4f8e64100fbd93299f13d6f8ecad832944cd2c6c00ca4b43ec223c413f14bcbf1bce7b8081b648186714db4,2025-05-18T21:00:00.000,1,DRIVER,,1969889.0,,TOYOTA,CAMRY,IL,2014.0,UNKNOWN,PASSENGER,TAXI/FOR HIRE,N,TURNING RIGHT,Y,,1.0,TT19,AUTO LOT,,,,,,,,,,,,,,,UNKNOWN,,,,,,,,,,,,,,,,,,,,,,,,,,2025-05-18T21:00:00.000,5,NO CONTROLS,NO CONTROLS,CLEAR,"DARKNESS, LIGHTED ROAD",FIXED OBJECT,DRIVEWAY,STRAIGHT AND LEVEL,DRY,NO DEFECTS,,INJURY AND / OR TOW DUE TO CRASH,,,,"OVER $1,500",2025-05-18T21:05:00.000,DRIVING ON WRONG SIDE/WRONG WAY,DRIVING SKILLS/KNOWLEDGE/EXPERIENCE,524,W,OHARE ST,1654,,,,,,,1,NONINCAPACITATING INJURY,1.0,0.0,0.0,1.0,0.0,0.0,0.0,21,1,5,,,
2065857,fdf45972fb0d37b2067c42c2ed1004019659e3a725305ca20a12aa5e71f62f62cdae0aa0ea48cfdb6196322b06e70f8ad2ec21af124b3ed005e3a3e33d6d4b74,2025-05-18T20:47:00.000,1,DRIVER,1.0,1969286.0,,VOLKSWAGEN,TIGUAN,IL,2020.0,NONE,PASSENGER,PERSONAL,N,TURNING LEFT,,,2.0,,,,Y,,,,,,,,,,,,,FRONT-RIGHT-CORNER,,,,,,,,,,,,,,,,,,,,,,,,,,2025-05-18T20:47:00.000,30,TRAFFIC SIGNAL,FUNCTIONING PROPERLY,CLEAR,"DARKNESS, LIGHTED ROAD",TURNING,NOT DIVIDED,STRAIGHT AND LEVEL,DRY,NO DEFECTS,ON SCENE,NO INJURY / DRIVE AWAY,Y,,,"OVER $1,500",2025-05-18T20:52:00.000,FAILING TO YIELD RIGHT-OF-WAY,FAILING TO REDUCE SPEED TO AVOID CRASH,5500,S,MENARD AVE,811,,,,,,,2,NO INDICATION OF INJURY,0.0,0.0,0.0,0.0,0.0,4.0,0.0,20,1,5,41.7925474654,-87.7673341009,POINT (-87.767334100859 41.792547465418)
2065858,fdf45972fb0d37b2067c42c2ed1004019659e3a725305ca20a12aa5e71f62f62cdae0aa0ea48cfdb6196322b06e70f8ad2ec21af124b3ed005e3a3e33d6d4b74,2025-05-18T20:47:00.000,2,DRIVER,1.0,1969292.0,,CHEVROLET,EQUINOX,,2006.0,NONE,PASSENGER,PERSONAL,W,STRAIGHT AHEAD,,,2.0,,,,Y,,,,,,,,,,,Y,,FRONT,,,,,,,,,,,,,,,,,,,,,,,,,,2025-05-18T20:47:00.000,30,TRAFFIC SIGNAL,FUNCTIONING PROPERLY,CLEAR,"DARKNESS, LIGHTED ROAD",TURNING,NOT DIVIDED,STRAIGHT AND LEVEL,DRY,NO DEFECTS,ON SCENE,NO INJURY / DRIVE AWAY,Y,,,"OVER $1,500",2025-05-18T20:52:00.000,FAILING TO YIELD RIGHT-OF-WAY,FAILING TO REDUCE SPEED TO AVOID CRASH,5500,S,MENARD AVE,811,,,,,,,2,NO INDICATION OF INJURY,0.0,0.0,0.0,0.0,0.0,4.0,0.0,20,1,5,41.7925474654,-87.7673341009,POINT (-87.767334100859 41.792547465418)
2066233,20b195b674dd198893ae9144c95688c54bf63b8179ef7b8a9725859be9eeac72651234437066fc92784886fd4b6b6ed412d6ccc0dd6d7928c92db8a104a24974,2025-05-18T20:30:00.000,1,DRIVER,,1969645.0,,UNKNOWN,OTHER (EXPLAIN IN NARRATIVE),,,NONE,PASSENGER,PERSONAL,UNKNOWN,UNKNOWN/NA,,,1.0,,,,,,,,,,,,,,,,,UNKNOWN,,,,,,,,,,,,,,,,,,,,,,,,,,2025-05-18T20:30:00.000,25,NO CONTROLS,NO CONTROLS,CLEAR,"DARKNESS, LIGHTED ROAD",PARKED MOTOR VEHICLE,NOT DIVIDED,STRAIGHT AND LEVEL,DRY,NO DEFECTS,NOT ON SCENE (DESK REPORT),INJURY AND / OR TOW DUE TO CRASH,,,Y,"OVER $1,500",2025-05-19T14:03:00.000,UNABLE TO DETERMINE,UNABLE TO DETERMINE,5400,W,FERDINAND ST,1523,,,,,,,2,NO INDICATION OF INJURY,0.0,0.0,0.0,0.0,0.0,1.0,0.0,20,1,5,41.8890084541,-87.760566626,POINT (-87.760566625987 41.889008454062)
2066234,20b195b674dd198893ae9144c95688c54bf63b8179ef7b8a9725859be9eeac72651234437066fc92784886fd4b6b6ed412d6ccc0dd6d7928c92db8a104a24974,2025-05-18T20:30:00.000,2,PARKED,,1969648.0,,MERCEDES-BENZ,E300,IL,2019.0,NONE,PASSENGER,PERSONAL,E,PARKED,Y,,0.0,,,,Y,Y,,,N,Y,Y,,,,,,,SIDE-LEFT-REAR,,,,,,,,,,,,,,,,,,,,,,,,,,2025-05-18T20:30:00.000,25,NO CONTROLS,NO CONTROLS,CLEAR,"DARKNESS, LIGHTED ROAD",PARKED MOTOR VEHICLE,NOT DIVIDED,STRAIGHT AND LEVEL,DRY,NO DEFECTS,NOT ON SCENE (DESK REPORT),INJURY AND / OR TOW DUE TO CRASH,,,Y,"OVER $1,500",2025-05-19T14:03:00.000,UNABLE TO DETERMINE,UNABLE TO DETERMINE,5400,W,FERDINAND ST,1523,,,,,,,2,NO INDICATION OF INJURY,0.0,0.0,0.0,0.0,0.0,1.0,0.0,20,1,5,41.8890084541,-87.760566626,POINT (-87.760566625987 41.889008454062)
2065871,905141ad842d9b09336323d740c811c2035de6d810b1324882c920e76bb182df0fa641061fd28d097fc765a252e3d217382ec537e213eb3c3dfd92d4e407787d,2025-05-18T20:30:00.000,1,DRIVER,,1969311.0,,UNKNOWN,OTHER (EXPLAIN IN NARRATIVE),,,UNKNOWN,PICKUP,UNKNOWN/NA,W,STRAIGHT AHEAD,,,1.0,,,,,,,,,,,,,,,,,UNKNOWN,,,,,,,,,,,,,,,,,,,,,,,,,,2025-05-18T20:30:00.000,30,STOP SIGN/FLASHER,OTHER,CLEAR,"DARKNESS, LIGHTED ROAD",ANGLE,FOUR WAY,STRAIGHT AND LEVEL,DRY,UNKNOWN,NOT ON SCENE (DESK REPORT),INJURY AND / OR TOW DUE TO CRASH,Y,,Y,"OVER $1,500",2025-05-18T21:50:00.000,FAILING TO YIELD RIGHT-OF-WAY,UNABLE TO DETERMINE,824,S,JEFFERSON ST,124,,,,,,,2,"REPORTED, NOT EVIDENT",1.0,0.0,0.0,0.0,1.0,1.0,0.0,20,1,5,41.8713093891,-87.64247107,POINT (-87.642471069991 41.871309389068)
2065872,905141ad842d9b09336323d740c811c2035de6d810b1324882c920e76bb182df0fa641061fd28d097fc765a252e3d217382ec537e213eb3c3dfd92d4e407787d,2025-05-18T20:30:00.000,2,DRIVER,,1969316.0,,TOYOTA,CAMRY,,,UNKNOWN,PASSENGER,PERSONAL,N,STRAIGHT AHEAD,,,1.0,,,,,,,,,,,,,Y,Y,,,FRONT-LEFT-CORNER,,,,,,,,,,,,,,,,,,,,,,,,,,2025-05-18T20:30:00.000,30,STOP SIGN/FLASHER,OTHER,CLEAR,"DARKNESS, LIGHTED ROAD",ANGLE,FOUR WAY,STRAIGHT AND LEVEL,DRY,UNKNOWN,NOT ON SCENE (DESK REPORT),INJURY AND / OR TOW DUE TO CRASH,Y,,Y,"OVER $1,500",2025-05-18T21:50:00.000,FAILING TO YIELD RIGHT-OF-WAY,UNABLE TO DETERMINE,824,S,JEFFERSON ST,124,,,,,,,2,"REPORTED, NOT EVIDENT",1.0,0.0,0.0,0.0,1.0,1.0,0.0,20,1,5,41.8713093891,-87.64247107,POINT (-87.642471069991 41.871309389068)
2065843,bb03b73ea4aa6ffa044efebc16ef45664dac325c439ec84b53d6cc19e550c88e3e357d40755751e61a681bddbd06b5bd395213e6a1960ae144fc6cad6996b3a5,2025-05-18T20:20:00.000,1,DRIVER,1.0,1969277.0,,MAZDA,CX-5,IL,2019.0,UNKNOWN,PASSENGER,PERSONAL,W,STRAIGHT AHEAD,Y,,2.0,Personal,,,Y,Y,,,,,,,,,,Y,,FRONT-RIGHT-CORNER,,,,,,,,,,,,,,,,,,,,,,,,,,2025-05-18T20:20:00.000,30,NO CONTROLS,NO CONTROLS,CLEAR,"DARKNESS, LIGHTED ROAD",PARKED MOTOR VEHICLE,DIVIDED - W/MEDIAN (NOT RAISED),STRAIGHT AND LEVEL,DRY,NO DEFECTS,ON SCENE,INJURY AND / OR TOW DUE TO CRASH,,,,"OVER $1,500",2025-05-18T20:20:00.000,FAILING TO REDUCE SPEED TO AVOID CRASH,UNABLE TO DETERMINE,2242,W,DIVERSEY AVE,1432,,,,,,,2,NO INDICATION OF INJURY,0.0,0.0,0.0,0.0,0.0,2.0,0.0,20,1,5,41.9323160548,-87.6848119714,POINT (-87.684811971359 41.932316054843)