crash_unit_id,crash_record_id,crash_date_left,unit_no,unit_type,num_passengers,vehicle_id,cmrc_veh_i,make,model,lic_plate_state,vehicle_year,vehicle_defect,vehicle_type,vehicle_use,travel_direction,maneuver,towed_i,fire_i,occupant_cnt,towed_by,towed_to,area_00_i,area_01_i,area_02_i,area_03_i,area_04_i,area_05_i,area_06_i,area_07_i,area_08_i,area_09_i,area_10_i,area_11_i,area_12_i,area_99_i,first_contact_point,cmv_id,usdot_no,commercial_src,gvwr,carrier_name,carrier_state,carrier_city,hazmat_placards_i,hazmat_present_i,hazmat_report_i,mcs_report_i,hazmat_vio_cause_crash_i,mcs_vio_cause_crash_i,idot_permit_no,trailer1_width,trailer2_width,trailer1_length,axle_cnt,vehicle_config,cargo_body_type,load_type,hazmat_out_of_service_i,mcs_out_of_service_i,hazmat_class,crash_date_est_i,crash_date_right,posted_speed_limit,traffic_control_device,device_condition,weather_condition,lighting_condition,first_crash_type,trafficway_type,alignment,roadway_surface_cond,road_defect,report_type,crash_type,intersection_related_i,private_property_i,hit_and_run_i,damage,date_police_notified,prim_contributory_cause,sec_contributory_cause,street_no,street_direction,street_name,beat_of_occurrence,photos_taken_i,statements_taken_i,dooring_i,work_zone_i,work_zone_type,workers_present_i,num_units,most_severe_injury,injuries_total,injuries_fatal,injuries_incapacitating,injuries_non_incapacitating,injuries_reported_not_evident,injuries_no_indication,injuries_unknown,crash_hour,crash_day_of_week,crash_month,latitude,longitude,location
2065844,bb03b73ea4aa6ffa044efebc16ef45664dac325c439ec84b53d6cc19e550c88e3e357d40755751e61a681bddbd06b5bd395213e6a1960ae144fc6cad6996b3a5,2025-05-18T20:20:00.000,2,PARKED,,1969281.0,,VOLVO,XC90,WI,2016.0,UNKNOWN,PASSENGER,PERSONAL,W,PARKED,,,0.0,,,,,,,,,,Y,Y,Y,Y,Y,,,REAR-LEFT-CORNER,,,,,,,,,,,,,,,,,,,,,,,,,,2025-05-18T20:20:00.000,30,NO CONTROLS,NO CONTROLS,CLEAR,"DARKNESS, LIGHTED ROAD",PARKED MOTOR VEHICLE,DIVIDED - W/MEDIAN (NOT RAISED),STRAIGHT AND LEVEL,DRY,NO DEFECTS,ON SCENE,INJURY AND / OR TOW DUE TO CRASH,,,,"OVER $1,500",2025-05-18T20:20:00.000,FAILING TO REDUCE SPEED TO AVOID CRASH,UNABLE TO DETERMINE,2242,W,DIVERSEY AVE,1432,,,,,,,2,NO INDICATION OF INJURY,0.0,0.0,0.0,0.0,0.0,2.0,0.0,20,1,5,41.9323160548,-87.6848119714,POINT (-87.684811971359 41.932316054843)
2065861,31f9a7d87f2d1290aafc01a82e6670ec00f1d1c4d26052a08c4fba6a7949d73806178ed6490d6c074cdc26612c6df81ee9e6c93791676ad2e647c7f57760a895,2025-05-18T20:00:00.000,1,DRIVER,,1969284.0,,UNKNOWN,OPEN BODY,,,UNKNOWN,PASSENGER,PERSONAL,W,CHANGING LANES,,,1.0,,,,Y,Y,Y,,,,,,,,,,,FRONT-LEFT-CORNER,,,,,,,,,,,,,,,,,,,,,,,,,,2025-05-18T20:00:00.000,30,NO CONTROLS,NO CONTROLS,CLEAR,DARKNESS,SIDESWIPE SAME DIRECTION,NOT DIVIDED,STRAIGHT AND LEVEL,DRY,UNKNOWN,ON SCENE,NO INJURY / DRIVE AWAY,,,Y,$500 OR LESS,2025-05-18T20:30:00.000,UNABLE TO DETERMINE,UNABLE TO DETERMINE,1046,W,95TH ST,2223,,,,,,,2,NO INDICATION OF INJURY,0.0,0.0,0.0,0.0,0.0,2.0,0.0,20,1,5,41.7214866478,-87.6499614885,POINT (-87.649961488485 41.721486647806)
2065862,31f9a7d87f2d1290aafc01a82e6670ec00f1d1c4d26052a08c4fba6a7949d73806178ed6490d6c074cdc26612c6df81ee9e6c93791676ad2e647c7f57760a895,2025-05-18T20:00:00.000,2,DRIVER,,1969290.0,,NOVA BUS,OTHER (EXPLAIN IN NARRATIVE),IL,2016.0,NONE,BUS OVER 15 PASS.,OTHER,W,STRAIGHT AHEAD,,,1.0,,,,,,,,,,,,Y,Y,Y,,,FRONT-LEFT-CORNER,,,,,,,,,,,,,,,,,,,,,,,,,,2025-05-18T20:00:00.000,30,NO CONTROLS,NO CONTROLS,CLEAR,DARKNESS,SIDESWIPE SAME DIRECTION,NOT DIVIDED,STRAIGHT AND LEVEL,DRY,UNKNOWN,ON SCENE,NO INJURY / DRIVE AWAY,,,Y,$500 OR LESS,2025-05-18T20:30:00.000,UNABLE TO DETERMINE,UNABLE TO DETERMINE,1046,W,95TH ST,2223,,,,,,,2,NO INDICATION OF INJURY,0.0,0.0,0.0,0.0,0.0,2.0,0.0,20,1,5,41.7214866478,-87.6499614885,POINT (-87.649961488485 41.721486647806)
2066040,d9aa640fba2662f7fc5a8d2defc0b128a2c8863a3336f007a8a9d3a182b7d7091da100010337292810d193aee59bbe1380ce9264a51e6cb39b8c9c586398dc4f,2025-05-18T20:00:00.000,1,DRIVER,,1969460.0,,UNKNOWN,ENCLOSED BODY,,,UNKNOWN,UNKNOWN/NA,UNKNOWN/NA,UNKNOWN,UNKNOWN/NA,,,1.0,,,,,,,,,,,,,,,,Y,UNKNOWN,,,,,,,,,,,,,,,,,,,,,,,,,Y,2025-05-18T20:00:00.000,30,NO CONTROLS,NO CONTROLS,UNKNOWN,UNKNOWN,PARKED MOTOR VEHICLE,ONE-WAY,STRAIGHT AND LEVEL,UNKNOWN,NO DEFECTS,ON SCENE,NO INJURY / DRIVE AWAY,,,Y,"$501 - $1,500",2025-05-19T08:23:00.000,UNABLE TO DETERMINE,NOT APPLICABLE,5944,S,KARLOV AVE,813,,,,,,,2,NO INDICATION OF INJURY,0.0,0.0,0.0,0.0,0.0,1.0,0.0,20,1,5,41.7845715162,-87.7255184479,POINT (-87.725518447874 41.784571516186)
2066041,d9aa640fba2662f7fc5a8d2defc0b128a2c8863a3336f007a8a9d3a182b7d7091da100010337292810d193aee59bbe1380ce9264a51e6cb39b8c9c586398dc4f,2025-05-18T20:00:00.000,2,PARKED,,1969465.0,,GENERAL MOTORS CORPORATION (GMC),YUKON,IN,2017.0,NONE,PASSENGER,NOT IN USE,S,PARKED,,,0.0,,,,,,,,,,,,,Y,Y,,,FRONT-LEFT-CORNER,,,,,,,,,,,,,,,,,,,,,,,,,Y,2025-05-18T20:00:00.000,30,NO CONTROLS,NO CONTROLS,UNKNOWN,UNKNOWN,PARKED MOTOR VEHICLE,ONE-WAY,STRAIGHT AND LEVEL,UNKNOWN,NO DEFECTS,ON SCENE,NO INJURY / DRIVE AWAY,,,Y,"$501 - $1,500",2025-05-19T08:23:00.000,UNABLE TO DETERMINE,NOT APPLICABLE,5944,S,KARLOV AVE,813,,,,,,,2,NO INDICATION OF INJURY,0.0,0.0,0.0,0.0,0.0,1.0,0.0,20,1,5,41.7845715162,-87.7255184479,POINT (-87.725518447874 41.784571516186)
2065884,df86685beb68925d97577a241021b50eed7c115ab77d11163ffb88c8736481cad7a2db2eab6b1c72d073ea0bf08f2d002c9e027bb3ee67799dd2fdf5a330c434,2025-05-18T20:00:00.000,1,DRIVER,,1969305.0,,BMW,X5,,,UNKNOWN,PASSENGER,PERSONAL,S,STRAIGHT AHEAD,,,1.0,,,,,,,,,,,,,,,Y,,FRONT,,,,,,,,,,,,,,,,,,,,,,,,,,2025-05-18T20:00:00.000,30,TRAFFIC SIGNAL,FUNCTIONING PROPERLY,CLEAR,"DARKNESS, LIGHTED ROAD",REAR END,NOT DIVIDED,STRAIGHT AND LEVEL,DRY,UNKNOWN,NOT ON SCENE (DESK REPORT),NO INJURY / DRIVE AWAY,Y,,,$500 OR LESS,2025-05-18T22:00:00.000,FOLLOWING TOO CLOSELY,FOLLOWING TOO CLOSELY,211,S,LOWER WACKER DR,122,,,,,,,2,NO INDICATION OF INJURY,0.0,0.0,0.0,0.0,0.0,2.0,0.0,20,1,5,41.8790688543,-87.6365051675,POINT (-87.636505167518 41.879068854336)
2065885,df86685beb68925d97577a241021b50eed7c115ab77d11163ffb88c8736481cad7a2db2eab6b1c72d073ea0bf08f2d002c9e027bb3ee67799dd2fdf5a330c434,2025-05-18T20:00:00.000,2,DRIVER,,1969309.0,,INFINITI,G37,,,UNKNOWN,PASSENGER,PERSONAL,S,STRAIGHT AHEAD,,,1.0,,,,,,,,,Y,,,,,,,,REAR,,,,,,,,,,,,,,,,,,,,,,,,,,2025-05-18T20:00:00.000,30,TRAFFIC SIGNAL,FUNCTIONING PROPERLY,CLEAR,"DARKNESS, LIGHTED ROAD",REAR END,NOT DIVIDED,STRAIGHT AND LEVEL,DRY,UNKNOWN,NOT ON SCENE (DESK REPORT),NO INJURY / DRIVE AWAY,Y,,,$500 OR LESS,2025-05-18T22:00:00.000,FOLLOWING TOO CLOSELY,FOLLOWING TOO CLOSELY,211,S,LOWER WACKER DR,122,,,,,,,2,NO INDICATION OF INJURY,0.0,0.0,0.0,0.0,0.0,2.0,0.0,20,1,5,41.8790688543,-87.6365051675,POINT (-87.636505167518 41.879068854336)
2065851,070f7ba88faa78021da3cf3c1cb69cf87de8383895ad330cbe65789c42c0a4e04702364de48255f929bd14eebcd30428317e19fd71f7314b20b9ed2c680d170a,2025-05-18T19:48:00.000,1,DRIVER,1.0,1969282.0,,CHEVROLET,MALIBU,IL,2015.0,UNKNOWN,PASSENGER,PERSONAL,W,STRAIGHT AHEAD,Y,,2.0,STREETS AND SANITATION,,,Y,,,,,,,,,,Y,Y,,FRONT,,,,,,,,,,,,,,,,,,,,,,,,,,2025-05-18T19:48:00.000,30,NO CONTROLS,NO CONTROLS,CLEAR,"DARKNESS, LIGHTED ROAD",HEAD ON,NOT DIVIDED,STRAIGHT AND LEVEL,DRY,NO DEFECTS,ON SCENE,INJURY AND / OR TOW DUE TO CRASH,,,Y,"OVER $1,500",2025-05-18T19:49:00.000,DRIVING ON WRONG SIDE/WRONG WAY,NOT APPLICABLE,1203,W,ADDISON ST,1924,,,,,,,2,NO INDICATION OF INJURY,0.0,0.0,0.0,0.0,0.0,3.0,0.0,19,1,5,41.9470363825,-87.6593104571,POINT (-87.659310457093 41.947036382462)
2065852,070f7ba88faa78021da3cf3c1cb69cf87de8383895ad330cbe65789c42c0a4e04702364de48255f929bd14eebcd30428317e19fd71f7314b20b9ed2c680d170a,2025-05-18T19:48:00.000,2,DRIVER,,1969288.0,,NISSAN,SENTRA,IL,2021.0,UNKNOWN,PASSENGER,PERSONAL,E,STRAIGHT AHEAD,Y,,1.0,PRIVATE TOW,,,,,,,,,,,,,Y,Y,,FRONT-LEFT-CORNER,,,,,,,,,,,,,,,,,,,,,,,,,,2025-05-18T19:48:00.000,30,NO CONTROLS,NO CONTROLS,CLEAR,"DARKNESS, LIGHTED ROAD",HEAD ON,NOT DIVIDED,STRAIGHT AND LEVEL,DRY,NO DEFECTS,ON SCENE,INJURY AND / OR TOW DUE TO CRASH,,,Y,"OVER $1,500",2025-05-18T19:49:00.000,DRIVING ON WRONG SIDE/WRONG WAY,NOT APPLICABLE,1203,W,ADDISON ST,1924,,,,,,,2,NO INDICATION OF INJURY,0.0,0.0,0.0,0.0,0.0,3.0,0.0,19,1,5,41.9470363825,-87.6593104571,POINT (-87.659310457093 41.947036382462)
2065855,bf34ad30b4ec25c144155eb2e0e61b96f4da8cb3347a089a51a6ee1a5859d2250d77924253cbea095cf201c834ed90ac8002d69cb9a1237d4563bc9915ca8ff9,2025-05-18T19:48:00.000,1,DRIVER,,1969299.0,,HONDA,ACCORD,IL,2013.0,NONE,PASSENGER,PERSONAL,S,BACKING,,,1.0,,,,,,,,,,,,,,,,Y,REAR,,,,,,,,,,,,,,,,,,,,,,,,,,2025-05-18T19:48:00.000,30,NO CONTROLS,NO CONTROLS,CLEAR,DAYLIGHT,PARKED MOTOR VEHICLE,ALLEY,STRAIGHT AND LEVEL,DRY,NO DEFECTS,NOT ON SCENE (DESK REPORT),NO INJURY / DRIVE AWAY,,,,"$501 - $1,500",2025-05-18T21:10:00.000,UNABLE TO DETERMINE,NOT APPLICABLE,3515,W,78TH ST,835,,,,,,,2,NO INDICATION OF INJURY,0.0,0.0,0.0,0.0,0.0,1.0,0.0,19,1,5,41.7513938173,-87.7103978355,POINT (-87.710397835516 41.751393817347)
2065856,bf34ad30b4ec25c144155eb2e0e61b96f4da8cb3347a089a51a6ee1a5859d2250d77924253cbea095cf201c834ed90ac8002d69cb9a1237d4563bc9915ca8ff9,2025-05-18T19:48:00.000,2,PARKED,,1969294.0,,JEEP,WRANGLER,IL,2021.0,NONE,SPORT UTILITY VEHICLE (SUV),PERSONAL,E,PARKED,,,0.0,,,,,,,,,,,,Y,,,,,SIDE-LEFT,,,,,,,,,,,,,,,,,,,,,,,,,,2025-05-18T19:48:00.000,30,NO CONTROLS,NO CONTROLS,CLEAR,DAYLIGHT,PARKED MOTOR VEHICLE,ALLEY,STRAIGHT AND LEVEL,DRY,NO DEFECTS,NOT ON SCENE (DESK REPORT),NO INJURY / DRIVE AWAY,,,,"$501 - $1,500",2025-05-18T21:10:00.000,UNABLE TO DETERMINE,NOT APPLICABLE,3515,W,78TH ST,835,,,,,,,2,NO INDICATION OF INJURY,0.0,0.0,0.0,0.0,0.0,1.0,0.0,19,1,5,41.7513938173,-87.7103978355,POINT (-87.710397835516 41.751393817347)
2065849,76e583d43409c57a9e51bd2c198f1ed58f14b463d27f017d138c50328b7a8ee8d19aadd34b2fca8c6edab8adf49a9b72fb4ad1931b6d0fd6d0808d99285cea7c,2025-05-18T19:40:00.000,1,DRIVER,,1969280.0,,GENERAL MOTORS CORPORATION (GMC),SIERRA,IL,2021.0,UNKNOWN,PICKUP,UNKNOWN/NA,E,UNKNOWN/NA,,,1.0,,,,Y,Y,Y,,,,,,,,,,,UNKNOWN,,,,,,,,,,,,,,,,,,,,,,,,,Y,2025-05-18T19:40:00.000,30,NO CONTROLS,NO CONTROLS,CLEAR,DAYLIGHT,PARKED MOTOR VEHICLE,NOT DIVIDED,STRAIGHT AND LEVEL,DRY,NO DEFECTS,ON SCENE,NO INJURY / DRIVE AWAY,,,Y,"OVER $1,500",2025-05-18T19:42:00.000,UNABLE TO DETERMINE,UNABLE TO DETERMINE,6947,W,HIGGINS AVE,1613,,,,,,,2,NO INDICATION OF INJURY,0.0,0.0,0.0,0.0,0.0,1.0,0.0,19,1,5,41.9798212318,-87.8015170596,POINT (-87.801517059636 41.979821231757)
2065850,76e583d43409c57a9e51bd2c198f1ed58f14b463d27f017d138c50328b7a8ee8d19aadd34b2fca8c6edab8adf49a9b72fb4ad1931b6d0fd6d0808d99285cea7c,2025-05-18T19:40:00.000,2,PARKED,,1969283.0,,FORD,TRANSIT CONNECT,IL,2016.0,UNKNOWN,VAN/MINI-VAN,UNKNOWN/NA,E,PARKED,,,0.0,,,,,,,,,,,,,Y,Y,,,FRONT-LEFT-CORNER,,,,,,,,,,,,,,,,,,,,,,,,,Y,2025-05-18T19:40:00.000,30,NO CONTROLS,NO CONTROLS,CLEAR,DAYLIGHT,PARKED MOTOR VEHICLE,NOT DIVIDED,STRAIGHT AND LEVEL,DRY,NO DEFECTS,ON SCENE,NO INJURY / DRIVE AWAY,,,Y,"OVER $1,500",2025-05-18T19:42:00.000,UNABLE TO DETERMINE,UNABLE TO DETERMINE,6947,W,HIGGINS AVE,1613,,,,,,,2,NO INDICATION OF INJURY,0.0,0.0,0.0,0.0,0.0,1.0,0.0,19,1,5,41.9798212318,-87.8015170596,POINT (-87.801517059636 41.979821231757)
2066637,533b948c15b861c11453a68f4fcc0d43aa34fdf0777dd3962026250d8e53dfffda2a8e6ca74001a951595f0e794de42c0325b11d8591dd90e74929899e9ffa6b,2025-05-18T19:32:00.000,1,DRIVER,,1970049.0,,TOYOTA,COROLLA,IL,2012.0,UNKNOWN,PASSENGER,PERSONAL,N,TURNING LEFT,,,1.0,,,,,,,,,,Y,Y,,,,,,REAR-LEFT-CORNER,,,,,,,,,,,,,,,,,,,,,,,,,,2025-05-18T19:32:00.000,30,TRAFFIC SIGNAL,FUNCTIONING PROPERLY,CLEAR,"DARKNESS, LIGHTED ROAD",TURNING,DIVIDED - W/MEDIAN BARRIER,STRAIGHT AND LEVEL,DRY,NO DEFECTS,NOT ON SCENE (DESK REPORT),NO INJURY / DRIVE AWAY,Y,,,"OVER $1,500",2025-05-19T22:48:00.000,IMPROPER TURNING/NO SIGNAL,DISREGARDING TRAFFIC SIGNALS,200,E,CERMAK RD,132,,,,,,,2,NO INDICATION OF INJURY,0.0,0.0,0.0,0.0,0.0,2.0,0.0,19,1,5,41.8529978327,-87.6221944794,POINT (-87.622194479362 41.852997832724)
2066638,533b948c15b861c11453a68f4fcc0d43aa34fdf0777dd3962026250d8e53dfffda2a8e6ca74001a951595f0e794de42c0325b11d8591dd90e74929899e9ffa6b,2025-05-18T19:32:00.000,2,DRIVER,,1970053.0,,CHEVROLET,SUBURBAN,IL,2019.0,NONE,SPORT UTILITY VEHICLE (SUV),TAXI/FOR HIRE,E,STRAIGHT AHEAD,,,1.0,,,,Y,Y,,,,,,,,,,Y,,REAR-RIGHT-CORNER,,,,,,,,,,,,,,,,,,,,,,,,,,2025-05-18T19:32:00.000,30,TRAFFIC SIGNAL,FUNCTIONING PROPERLY,CLEAR,"DARKNESS, LIGHTED ROAD",TURNING,DIVIDED - W/MEDIAN BARRIER,STRAIGHT AND LEVEL,DRY,NO DEFECTS,NOT ON SCENE (DESK REPORT),NO INJURY / DRIVE AWAY,Y,,,"OVER $1,500",2025-05-19T22:48:00.000,IMPROPER TURNING/NO SIGNAL,DISREGARDING TRAFFIC SIGNALS,200,E,CERMAK RD,132,,,,,,,2,NO INDICATION OF INJURY,0.0,0.0,0.0,0.0,0.0,2.0,0.0,19,1,5,41.8529978327,-87.6221944794,POINT (-87.622194479362 41.852997832724)
2065838,f165b9caf6ce9bd2bb45e6c470db548ecdf0c2a70976cdfc7ae77260df706f8e3a9e50bc08f0ce58ffafa918a7740b6efaa79784dd8781add20ba048429f2030,2025-05-18T19:31:00.000,1,DRIVER,,1969271.0,,CHEVROLET,MALIBU,WI,2020.0,NONE,PASSENGER,PERSONAL,S,PASSING/OVERTAKING,,,1.0,,,,,,,Y,Y,,,,,,,,,SIDE-RIGHT,,,,,,,,,,,,,,,,,,,,,,,,,,2025-05-18T19:31:00.000,30,TRAFFIC SIGNAL,FUNCTIONING PROPERLY,CLEAR,DAYLIGHT,TURNING,FOUR WAY,STRAIGHT AND LEVEL,DRY,NO DEFECTS,NOT ON SCENE (DESK REPORT),NO INJURY / DRIVE AWAY,Y,,,"OVER $1,500",2025-05-18T20:09:00.000,UNABLE TO DETERMINE,NOT APPLICABLE,4258,S,DREXEL BLVD,214,,,,,,,2,NO INDICATION OF INJURY,0.0,0.0,0.0,0.0,0.0,4.0,0.0,19,1,5,41.8168925343,-87.6046874137,POINT (-87.604687413698 41.816892534284)
2065839,f165b9caf6ce9bd2bb45e6c470db548ecdf0c2a70976cdfc7ae77260df706f8e3a9e50bc08f0ce58ffafa918a7740b6efaa79784dd8781add20ba048429f2030,2025-05-18T19:31:00.000,2,DRIVER,2.0,1969275.0,,JEEP,RENEGADE,IL,2016.0,NONE,SPORT UTILITY VEHICLE (SUV),PERSONAL,S,TURNING LEFT,,,3.0,,,,,,,,,,,,,,Y,,,FRONT-LEFT-CORNER,,,,,,,,,,,,,,,,,,,,,,,,,,2025-05-18T19:31:00.000,30,TRAFFIC SIGNAL,FUNCTIONING PROPERLY,CLEAR,DAYLIGHT,TURNING,FOUR WAY,STRAIGHT AND LEVEL,DRY,NO DEFECTS,NOT ON SCENE (DESK REPORT),NO INJURY / DRIVE AWAY,Y,,,"OVER $1,500",2025-05-18T20:09:00.000,UNABLE TO DETERMINE,NOT APPLICABLE,4258,S,DREXEL BLVD,214,,,,,,,2,NO INDICATION OF INJURY,0.0,0.0,0.0,0.0,0.0,4.0,0.0,19,1,5,41.8168925343,-87.6046874137,POINT (-87.604687413698 41.816892534284)
2065834,b227daad53b648a5a48c56c765c2ad953c9ae866235d9dc09328aa5235e905a72b2fc6e922872bbac6bf1b1ec9e470856b14db172ce73f1fcd613fbc28525d57,2025-05-18T19:30:00.000,1,DRIVER,,1969267.0,,CHEVROLET,MALIBU,IL,2006.0,NONE,PASSENGER,PERSONAL,E,STRAIGHT AHEAD,,,1.0,,,,,,,,,Y,,,,,,,,REAR,,,,,,,,,,,,,,,,,,,,,,,,,,2025-05-18T19:30:00.000,30,TRAFFIC SIGNAL,FUNCTIONING PROPERLY,CLEAR,DAYLIGHT,REAR END,NOT DIVIDED,STRAIGHT AND LEVEL,DRY,NO DEFECTS,NOT ON SCENE (DESK REPORT),NO INJURY / DRIVE AWAY,,,,$500 OR LESS,2025-05-18T20:00:00.000,"OPERATING VEHICLE IN ERRATIC, RECKLESS, CARELESS, NEGLIGENT OR AGGRESSIVE MANNER",UNABLE TO DETERMINE,10300,S,STATE ST,512,,,,,,,2,NO INDICATION OF INJURY,0.0,0.0,0.0,0.0,0.0,2.0,0.0,19,1,5,41.7071165792,-87.6236676203,POINT (-87.6236676203 41.707116579239)
2065835,b227daad53b648a5a48c56c765c2ad953c9ae866235d9dc09328aa5235e905a72b2fc6e922872bbac6bf1b1ec9e470856b14db172ce73f1fcd613fbc28525d57,2025-05-18T19:30:00.000,2,DRIVER,,1969268.0,,NISSAN,ROGUE,IL,2023.0,NONE,PASSENGER,PERSONAL,E,STRAIGHT AHEAD,,,1.0,,,,,,,,,,,,,,,Y,,FRONT,,,,,,,,,,,,,,,,,,,,,,,,,,2025-05-18T19:30:00.000,30,TRAFFIC SIGNAL,FUNCTIONING PROPERLY,CLEAR,DAYLIGHT,REAR END,NOT DIVIDED,STRAIGHT AND LEVEL,DRY,NO DEFECTS,NOT ON SCENE (DESK REPORT),NO INJURY / DRIVE AWAY,,,,$500 OR LESS,2025-05-18T20:00:00.000,"OPERATING VEHICLE IN ERRATIC, RECKLESS, CARELESS, NEGLIGENT OR AGGRESSIVE MANNER",UNABLE TO DETERMINE,10300,S,STATE ST,512,,,,,,,2,NO INDICATION OF INJURY,0.0,0.0,0.0,0.0,0.0,2.0,0.0,19,1,5,41.7071165792,-87.6236676203,POINT (-87.6236676203 41.707116579239)
2066566,3d9352d64ac27d2b6ea895b74f329928fb326489be740ea112666bcab2431bdb5eded3944ad1982af8643aa1bdcc647bb9b38f6840fff2972509a375f74d6d9b,2025-05-18T19:15:00.000,1,DRIVER,,1969975.0,,CHEVROLET,TAHOE,IL,2007.0,UNKNOWN,PASSENGER,UNKNOWN/NA,E,STRAIGHT AHEAD,,,1.0,,,,N,,,,,,,,,,N,N,Y,FRONT,,,,,,,,,,,,,,,,,,,,,,,,,,2025-05-18T19:15:00.000,30,NO CONTROLS,NO CONTROLS,UNKNOWN,UNKNOWN,REAR END,NOT DIVIDED,STRAIGHT AND LEVEL,UNKNOWN,UNKNOWN,NOT ON SCENE (DESK REPORT),NO INJURY / DRIVE AWAY,,,,"OVER $1,500",2025-05-19T20:00:00.000,UNABLE TO DETERMINE,NOT APPLICABLE,3033,W,DIVERSEY AVE,1411,,,,,,,2,NO INDICATION OF INJURY,0.0,0.0,0.0,0.0,0.0,3.0,0.0,19,1,5,41.9319408197,-87.7038903595,POINT (-87.70389035951 41.931940819689)
2066567,3d9352d64ac27d2b6ea895b74f329928fb326489be740ea112666bcab2431bdb5eded3944ad1982af8643aa1bdcc647bb9b38f6840fff2972509a375f74d6d9b,2025-05-18T19:15:00.000,2,DRIVER,1.0,1969980.0,,HYUNDAI,SONATA,IL,2015.0,NONE,PASSENGER,PERSONAL,E,STRAIGHT AHEAD,,,2.0,,,,,,,,Y,Y,Y,,,,,,,REAR,,,,,,,,,,,,,,,,,,,,,,,,,,2025-05-18T19:15:00.000,30,NO CONTROLS,NO CONTROLS,UNKNOWN,UNKNOWN,REAR END,NOT DIVIDED,STRAIGHT AND LEVEL,UNKNOWN,UNKNOWN,NOT ON SCENE (DESK REPORT),NO INJURY / DRIVE AWAY,,,,"OVER $1,500",2025-05-19T20:00:00.000,UNABLE TO DETERMINE,NOT APPLICABLE,3033,W,DIVERSEY AVE,1411,,,,,,,2,NO INDICATION OF INJURY,0.0,0.0,0.0,0.0,0.0,3.0,0.0,19,1,5,41.9319408197,-87.7038903595,POINT (-87.70389035951 41.931940819689)
2065847,52fc0aede53471a634ae68eb64961170deb859d17bdac454554b2f60acc3784f47eb293f9d215977a6111d06ff6927476c31210d642b30bf3d9a536acb3ffa1e,2025-05-18T19:15:00.000,1,DRIVER,,1969278.0,,CHEVROLET,IMPALA,OH,2022.0,UNKNOWN,PASSENGER,UNKNOWN/NA,S,UNKNOWN/NA,,,1.0,,,,,,,,,,,,,,,,Y,UNKNOWN,,,,,,,,,,,,,,,,,,,,,,,,,,2025-05-18T19:15:00.000,30,STOP SIGN/FLASHER,FUNCTIONING PROPERLY,UNKNOWN,UNKNOWN,SIDESWIPE SAME DIRECTION,DIVIDED - W/MEDIAN (NOT RAISED),STRAIGHT AND LEVEL,UNKNOWN,UNKNOWN,NOT ON SCENE (DESK REPORT),NO INJURY / DRIVE AWAY,,,Y,"$501 - $1,500",2025-05-18T20:19:00.000,UNABLE TO DETERMINE,UNABLE TO DETERMINE,1410,S,SPECIAL OLYMPICS DR,132,,,,,,,2,NO INDICATION OF INJURY,0.0,0.0,0.0,0.0,0.0,2.0,0.0,19,1,5,,,
2065848,52fc0aede53471a634ae68eb64961170deb859d17bdac454554b2f60acc3784f47eb293f9d215977a6111d06ff6927476c31210d642b30bf3d9a536acb3ffa1e,2025-05-18T19:15:00.000,2,DRIVER,,1969279.0,,NISSAN,ALTIMA,IL,2023.0,UNKNOWN,PASSENGER,UNKNOWN/NA,S,MERGING,,,1.0,,,,Y,,,,,,,,,,,,,FRONT-RIGHT-CORNER,,,,,,,,,,,,,,,,,,,,,,,,,,2025-05-18T19:15:00.000,30,STOP SIGN/FLASHER,FUNCTIONING PROPERLY,UNKNOWN,UNKNOWN,SIDESWIPE SAME DIRECTION,DIVIDED - W/MEDIAN (NOT RAISED),STRAIGHT AND LEVEL,UNKNOWN,UNKNOWN,NOT ON SCENE (DESK REPORT),NO INJURY / DRIVE AWAY,,,Y,"$501 - $1,500",2025-05-18T20:19:00.000,UNABLE TO DETERMINE,UNABLE TO DETERMINE,1410,S,SPECIAL OLYMPICS DR,132,,,,,,,2,NO INDICATION OF INJURY,0.0,0.0,0.0,0.0,0.0,2.0,0.0,19,1,5,,,
2065833,5df7b06cf674162952f890076ef7361865025252daa937c0978200b40c8928cb96000ef5ca007409db524f2ac44e06186c92a9ebdf6e956d7d807d8fa0c26178,2025-05-18T18:57:00.000,2,DRIVER,,1969273.0,,NISSAN,ROGUE,IL,2023.0,NONE,SPORT UTILITY VEHICLE (SUV),PERSONAL,E,STRAIGHT AHEAD,,,1.0,,,,,Y,Y,Y,Y,,,,,,,,,SIDE-RIGHT,,,,,,,,,,,,,,,,,,,,,,,,,Y,2025-05-18T18:57:00.000,30,NO CONTROLS,NO CONTROLS,CLEAR,DAYLIGHT,SIDESWIPE SAME DIRECTION,T-INTERSECTION,STRAIGHT AND LEVEL,DRY,NO DEFECTS,ON SCENE,INJURY AND / OR TOW DUE TO CRASH,Y,,,"OVER $1,500",2025-05-18T18:58:00.000,FAILING TO YIELD RIGHT-OF-WAY,FAILING TO YIELD RIGHT-OF-WAY,441,E,87TH ST,632,,,,,,,2,NO INDICATION OF INJURY,0.0,0.0,0.0,0.0,0.0,2.0,0.0,18,1,5,41.7364173791,-87.6128623983,POINT (-87.61286239829 41.736417379055)