crash_unit_id,crash_record_id,crash_date_left,unit_no,unit_type,num_passengers,vehicle_id,cmrc_veh_i,make,model,lic_plate_state,vehicle_year,vehicle_defect,vehicle_type,vehicle_use,travel_direction,maneuver,towed_i,fire_i,occupant_cnt,towed_by,towed_to,area_00_i,area_01_i,area_02_i,area_03_i,area_04_i,area_05_i,area_06_i,area_07_i,area_08_i,area_09_i,area_10_i,area_11_i,area_12_i,area_99_i,first_contact_point,cmv_id,usdot_no,commercial_src,gvwr,carrier_name,carrier_state,carrier_city,hazmat_placards_i,hazmat_present_i,hazmat_report_i,mcs_report_i,hazmat_vio_cause_crash_i,mcs_vio_cause_crash_i,idot_permit_no,trailer1_width,trailer2_width,trailer1_length,axle_cnt,vehicle_config,cargo_body_type,load_type,hazmat_out_of_service_i,mcs_out_of_service_i,hazmat_class,crash_date_est_i,crash_date_right,posted_speed_limit,traffic_control_device,device_condition,weather_condition,lighting_condition,first_crash_type,trafficway_type,alignment,roadway_surface_cond,road_defect,report_type,crash_type,intersection_related_i,private_property_i,hit_and_run_i,damage,date_police_notified,prim_contributory_cause,sec_contributory_cause,street_no,street_direction,street_name,beat_of_occurrence,photos_taken_i,statements_taken_i,dooring_i,work_zone_i,work_zone_type,workers_present_i,num_units,most_severe_injury,injuries_total,injuries_fatal,injuries_incapacitating,injuries_non_incapacitating,injuries_reported_not_evident,injuries_no_indication,injuries_unknown,crash_hour,crash_day_of_week,crash_month,latitude,longitude,location
2065840,5df7b06cf674162952f890076ef7361865025252daa937c0978200b40c8928cb96000ef5ca007409db524f2ac44e06186c92a9ebdf6e956d7d807d8fa0c26178,2025-05-18T18:57:00.000,1,DRIVER,,1969270.0,,NISSAN,ALTIMA,IL,2020.0,NONE,PASSENGER,PERSONAL,E,ENTERING TRAFFIC LANE FROM PARKING,Y,,1.0,PRIVATE TOW,,,,,,,,,,,,Y,Y,Y,,FRONT-LEFT-CORNER,,,,,,,,,,,,,,,,,,,,,,,,,Y,2025-05-18T18:57:00.000,30,NO CONTROLS,NO CONTROLS,CLEAR,DAYLIGHT,SIDESWIPE SAME DIRECTION,T-INTERSECTION,STRAIGHT AND LEVEL,DRY,NO DEFECTS,ON SCENE,INJURY AND / OR TOW DUE TO CRASH,Y,,,"OVER $1,500",2025-05-18T18:58:00.000,FAILING TO YIELD RIGHT-OF-WAY,FAILING TO YIELD RIGHT-OF-WAY,441,E,87TH ST,632,,,,,,,2,NO INDICATION OF INJURY,0.0,0.0,0.0,0.0,0.0,2.0,0.0,18,1,5,41.7364173791,-87.6128623983,POINT (-87.61286239829 41.736417379055)
2065797,9c6cbb3fdcbb35af458d96c92630e0e839babf1464c5960d8fcd3bc337c2755d91c195aa2e651a75fc0b22d9dc60c5538a236b5b3fa818aed1baddfce4a76ce2,2025-05-18T18:49:00.000,1,DRIVER,,1969230.0,,UNKNOWN,OTHER (EXPLAIN IN NARRATIVE),XX,,UNKNOWN,UNKNOWN/NA,UNKNOWN/NA,UNKNOWN,UNKNOWN/NA,,,1.0,,,,Y,Y,,,,,,,,,,Y,,FRONT-RIGHT-CORNER,,,,,,,,,,,,,,,,,,,,,,,,,,2025-05-18T18:49:00.000,30,NO CONTROLS,NO CONTROLS,CLEAR,DAYLIGHT,SIDESWIPE SAME DIRECTION,CENTER TURN LANE,STRAIGHT AND LEVEL,DRY,NO DEFECTS,ON SCENE,NO INJURY / DRIVE AWAY,,,Y,"OVER $1,500",2025-05-18T18:49:00.000,IMPROPER OVERTAKING/PASSING,NOT APPLICABLE,328,W,87TH ST,622,,,,,,,2,NO INDICATION OF INJURY,0.0,0.0,0.0,0.0,0.0,2.0,0.0,18,1,5,41.7360828008,-87.6326850985,POINT (-87.632685098516 41.736082800816)
2065798,9c6cbb3fdcbb35af458d96c92630e0e839babf1464c5960d8fcd3bc337c2755d91c195aa2e651a75fc0b22d9dc60c5538a236b5b3fa818aed1baddfce4a76ce2,2025-05-18T18:49:00.000,2,DRIVER,,1969238.0,N,NEW FLYER,OTHER (EXPLAIN IN NARRATIVE),IL,2006.0,NONE,BUS UP TO 15 PASS.,CTA,E,STRAIGHT AHEAD,,,1.0,,,,,,,,,,Y,Y,,,N,,,SIDE-LEFT-REAR,,,,,,,,,,,,,,,,,,,,,,,,,,2025-05-18T18:49:00.000,30,NO CONTROLS,NO CONTROLS,CLEAR,DAYLIGHT,SIDESWIPE SAME DIRECTION,CENTER TURN LANE,STRAIGHT AND LEVEL,DRY,NO DEFECTS,ON SCENE,NO INJURY / DRIVE AWAY,,,Y,"OVER $1,500",2025-05-18T18:49:00.000,IMPROPER OVERTAKING/PASSING,NOT APPLICABLE,328,W,87TH ST,622,,,,,,,2,NO INDICATION OF INJURY,0.0,0.0,0.0,0.0,0.0,2.0,0.0,18,1,5,41.7360828008,-87.6326850985,POINT (-87.632685098516 41.736082800816)
2066036,a6114a1fcd9ad4b6ca435b630b07b0fe995b0093d631bf88e45cba47ecb87505ecae07429e8d07efe4ee837a5e9e5c4c5d5591ca10168cb5395f6888b3b8f6dd,2025-05-18T18:45:00.000,1,DRIVER,,1969461.0,,AUDI,A6,IN,1999.0,UNKNOWN,UNKNOWN/NA,UNKNOWN/NA,W,TURNING LEFT,,,1.0,,,,Y,Y,Y,,,,,,,,,,,SIDE-RIGHT,,,,,,,,,,,,,,,,,,,,,,,,,,2025-05-18T18:45:00.000,30,TRAFFIC SIGNAL,FUNCTIONING PROPERLY,CLEAR,DAYLIGHT,TURNING,DIVIDED - W/MEDIAN (NOT RAISED),STRAIGHT AND LEVEL,DRY,NO DEFECTS,NOT ON SCENE (DESK REPORT),NO INJURY / DRIVE AWAY,Y,,,"OVER $1,500",2025-05-19T08:45:00.000,UNABLE TO DETERMINE,UNABLE TO DETERMINE,7900,S,STATE ST,623,,,,,,,2,NO INDICATION OF INJURY,0.0,0.0,0.0,0.0,0.0,2.0,0.0,18,1,5,41.7509181383,-87.6246901225,POINT (-87.624690122516 41.750918138315)
2066037,a6114a1fcd9ad4b6ca435b630b07b0fe995b0093d631bf88e45cba47ecb87505ecae07429e8d07efe4ee837a5e9e5c4c5d5591ca10168cb5395f6888b3b8f6dd,2025-05-18T18:45:00.000,2,DRIVER,,1969482.0,,CHEVROLET,TAHOE,IL,2016.0,NONE,PASSENGER,PERSONAL,W,TURNING RIGHT,,,1.0,,,,,,,,,,,,Y,Y,Y,,,FRONT-LEFT-CORNER,,,,,,,,,,,,,,,,,,,,,,,,,,2025-05-18T18:45:00.000,30,TRAFFIC SIGNAL,FUNCTIONING PROPERLY,CLEAR,DAYLIGHT,TURNING,DIVIDED - W/MEDIAN (NOT RAISED),STRAIGHT AND LEVEL,DRY,NO DEFECTS,NOT ON SCENE (DESK REPORT),NO INJURY / DRIVE AWAY,Y,,,"OVER $1,500",2025-05-19T08:45:00.000,UNABLE TO DETERMINE,UNABLE TO DETERMINE,7900,S,STATE ST,623,,,,,,,2,NO INDICATION OF INJURY,0.0,0.0,0.0,0.0,0.0,2.0,0.0,18,1,5,41.7509181383,-87.6246901225,POINT (-87.624690122516 41.750918138315)
2065822,b446a20f4f4ca7fc885a7c6e6604d0589ad0bb6be1d2f8926bc4a061266618dcec4a1fb1d8d8d7402d324ab3df00acdbedfe3f03816d7eae97a5af3dfb5fc944,2025-05-18T18:45:00.000,1,DRIVER,,1969256.0,,FORD,MAVERICK TRUCK,IL,2024.0,UNKNOWN,PASSENGER,PERSONAL,S,SKIDDING/CONTROL LOSS,Y,,1.0,PRIVATE,,,,,,,,,,,Y,Y,Y,Y,,FRONT-LEFT-CORNER,,,,,,,,,,,,,,,,,,,,,,,,,,2025-05-18T18:45:00.000,30,NO CONTROLS,NO CONTROLS,CLEAR,DAYLIGHT,HEAD ON,NOT DIVIDED,STRAIGHT AND LEVEL,DRY,NO DEFECTS,ON SCENE,INJURY AND / OR TOW DUE TO CRASH,,,,"OVER $1,500",2025-05-18T18:49:00.000,UNABLE TO DETERMINE,UNABLE TO DETERMINE,13000,S,AVENUE N,433,,,,,,,2,NONINCAPACITATING INJURY,1.0,0.0,0.0,1.0,0.0,1.0,0.0,18,1,5,41.6590177989,-87.5388358776,POINT (-87.53883587758 41.659017798889)
2065823,b446a20f4f4ca7fc885a7c6e6604d0589ad0bb6be1d2f8926bc4a061266618dcec4a1fb1d8d8d7402d324ab3df00acdbedfe3f03816d7eae97a5af3dfb5fc944,2025-05-18T18:45:00.000,2,DRIVER,,1969263.0,,HONDA,CIVIC,IL,2001.0,UNKNOWN,PASSENGER,PERSONAL,N,STRAIGHT AHEAD,Y,,1.0,RELENTLESS TOWING,13400 S. TORRENCE AVE,,,,,,,,,,,,,,,REAR-LEFT-CORNER,,,,,,,,,,,,,,,,,,,,,,,,,,2025-05-18T18:45:00.000,30,NO CONTROLS,NO CONTROLS,CLEAR,DAYLIGHT,HEAD ON,NOT DIVIDED,STRAIGHT AND LEVEL,DRY,NO DEFECTS,ON SCENE,INJURY AND / OR TOW DUE TO CRASH,,,,"OVER $1,500",2025-05-18T18:49:00.000,UNABLE TO DETERMINE,UNABLE TO DETERMINE,13000,S,AVENUE N,433,,,,,,,2,NONINCAPACITATING INJURY,1.0,0.0,0.0,1.0,0.0,1.0,0.0,18,1,5,41.6590177989,-87.5388358776,POINT (-87.53883587758 41.659017798889)
2065818,44a2c9e518ad1c623a24d012a41851b49e47da0a3c77844d2ef7c9f29ad238b1e74fc828df8badd4fc81b79f3e198a5ec565907b9a469b60b8639d75adeee9eb,2025-05-18T18:44:00.000,1,DRIVER,,1969252.0,,CHEVROLET,TAHOE,IL,2016.0,UNKNOWN,PASSENGER,PERSONAL,S,STRAIGHT AHEAD,,,1.0,,,N,,,,,,,,,,,,N,Y,SIDE-LEFT,,,,,,,,,,,,,,,,,,,,,,,,,,2025-05-18T18:44:00.000,25,NO CONTROLS,NO CONTROLS,CLEAR,DAYLIGHT,SIDESWIPE SAME DIRECTION,NOT DIVIDED,STRAIGHT AND LEVEL,DRY,NO DEFECTS,NOT ON SCENE (DESK REPORT),NO INJURY / DRIVE AWAY,,,,"$501 - $1,500",2025-05-18T19:10:00.000,UNABLE TO DETERMINE,UNABLE TO DETERMINE,7861,S,STATE ST,623,,,,,,,2,NO INDICATION OF INJURY,0.0,0.0,0.0,0.0,0.0,2.0,0.0,18,1,5,41.7510095803,-87.6244014161,POINT (-87.624401416141 41.75100958029)
2065819,44a2c9e518ad1c623a24d012a41851b49e47da0a3c77844d2ef7c9f29ad238b1e74fc828df8badd4fc81b79f3e198a5ec565907b9a469b60b8639d75adeee9eb,2025-05-18T18:44:00.000,2,DRIVER,,1969259.0,,AUDI,OTHER (EXPLAIN IN NARRATIVE),IN,1999.0,NONE,PASSENGER,PERSONAL,S,STRAIGHT AHEAD,,,1.0,,,,,Y,Y,Y,,,,,,,,,,SIDE-RIGHT,,,,,,,,,,,,,,,,,,,,,,,,,,2025-05-18T18:44:00.000,25,NO CONTROLS,NO CONTROLS,CLEAR,DAYLIGHT,SIDESWIPE SAME DIRECTION,NOT DIVIDED,STRAIGHT AND LEVEL,DRY,NO DEFECTS,NOT ON SCENE (DESK REPORT),NO INJURY / DRIVE AWAY,,,,"$501 - $1,500",2025-05-18T19:10:00.000,UNABLE TO DETERMINE,UNABLE TO DETERMINE,7861,S,STATE ST,623,,,,,,,2,NO INDICATION OF INJURY,0.0,0.0,0.0,0.0,0.0,2.0,0.0,18,1,5,41.7510095803,-87.6244014161,POINT (-87.624401416141 41.75100958029)
2065814,01b6a7fa53511e28171cf29b0327138c09d073158fded652dacc0b10b877c7ed12a885b95f27ea464dd588857ae334d16d54bcb8c53b83a470d8689b05b17ce9,2025-05-18T18:30:00.000,1,DRIVER,,1969671.0,,MITSUBISHI,MIRAGE,IL,2018.0,NONE,PASSENGER,PERSONAL,NW,ENTERING TRAFFIC LANE FROM PARKING,,,1.0,,,,Y,,,,,,,,,,Y,Y,,FRONT-LEFT-CORNER,,,,,,,,,,,,,,,,,,,,,,,,,,2025-05-18T18:30:00.000,30,NO CONTROLS,NO CONTROLS,CLEAR,DAYLIGHT,SIDESWIPE SAME DIRECTION,NOT DIVIDED,STRAIGHT AND LEVEL,DRY,NO DEFECTS,NOT ON SCENE (DESK REPORT),INJURY AND / OR TOW DUE TO CRASH,,,,"OVER $1,500",2025-05-18T19:20:00.000,UNABLE TO DETERMINE,NOT APPLICABLE,2543,N,MILWAUKEE AVE,1414,,,,,,,2,NO INDICATION OF INJURY,0.0,0.0,0.0,0.0,0.0,2.0,0.0,18,1,5,41.9276308604,-87.7048217285,POINT (-87.704821728452 41.927630860425)
2065815,01b6a7fa53511e28171cf29b0327138c09d073158fded652dacc0b10b877c7ed12a885b95f27ea464dd588857ae334d16d54bcb8c53b83a470d8689b05b17ce9,2025-05-18T18:30:00.000,2,DRIVER,,1969678.0,,HYUNDAI,SONATA,IL,2006.0,NONE,PASSENGER,PERSONAL,NW,PASSING/OVERTAKING,Y,,1.0,PRIVATE,UNK,,,Y,Y,,,,,,,,,,,SIDE-RIGHT,,,,,,,,,,,,,,,,,,,,,,,,,,2025-05-18T18:30:00.000,30,NO CONTROLS,NO CONTROLS,CLEAR,DAYLIGHT,SIDESWIPE SAME DIRECTION,NOT DIVIDED,STRAIGHT AND LEVEL,DRY,NO DEFECTS,NOT ON SCENE (DESK REPORT),INJURY AND / OR TOW DUE TO CRASH,,,,"OVER $1,500",2025-05-18T19:20:00.000,UNABLE TO DETERMINE,NOT APPLICABLE,2543,N,MILWAUKEE AVE,1414,,,,,,,2,NO INDICATION OF INJURY,0.0,0.0,0.0,0.0,0.0,2.0,0.0,18,1,5,41.9276308604,-87.7048217285,POINT (-87.704821728452 41.927630860425)
2065824,13eb3e4b781ed5b0fa47fb55b7852796d3a964e18c333c326393b7f5e905ef75f1660cadca0f5540135b1b6ebd74fb092710ccdf5013cebd80b3ae774d239745,2025-05-18T18:30:00.000,1,DRIVER,,1969258.0,,SUBARU,LEGACY,IL,2011.0,NONE,PASSENGER,PERSONAL,UNKNOWN,BACKING,,,1.0,,,,,,,,,,,,,,,,,FRONT-RIGHT-CORNER,,,,,,,,,,,,,,,,,,,,,,,,,,2025-05-18T18:30:00.000,10,NO CONTROLS,NO CONTROLS,CLEAR,DAWN,PARKED MOTOR VEHICLE,PARKING LOT,STRAIGHT AND LEVEL,DRY,NO DEFECTS,NOT ON SCENE (DESK REPORT),NO INJURY / DRIVE AWAY,,,,"$501 - $1,500",2025-05-18T19:49:00.000,UNABLE TO DETERMINE,NOT APPLICABLE,2627,N,ELSTON AVE,1432,,,,,,,2,NO INDICATION OF INJURY,0.0,0.0,0.0,0.0,0.0,1.0,0.0,18,1,5,41.929489274,-87.6836878249,POINT (-87.683687824894 41.929489273995)
2065825,13eb3e4b781ed5b0fa47fb55b7852796d3a964e18c333c326393b7f5e905ef75f1660cadca0f5540135b1b6ebd74fb092710ccdf5013cebd80b3ae774d239745,2025-05-18T18:30:00.000,2,PARKED,,1969261.0,,TOYOTA,CAMRY,IL,2014.0,NONE,PASSENGER,PERSONAL,UNKNOWN,PARKED,,,0.0,,,,,,,,,,,,,,,,,SIDE-LEFT-REAR,,,,,,,,,,,,,,,,,,,,,,,,,,2025-05-18T18:30:00.000,10,NO CONTROLS,NO CONTROLS,CLEAR,DAWN,PARKED MOTOR VEHICLE,PARKING LOT,STRAIGHT AND LEVEL,DRY,NO DEFECTS,NOT ON SCENE (DESK REPORT),NO INJURY / DRIVE AWAY,,,,"$501 - $1,500",2025-05-18T19:49:00.000,UNABLE TO DETERMINE,NOT APPLICABLE,2627,N,ELSTON AVE,1432,,,,,,,2,NO INDICATION OF INJURY,0.0,0.0,0.0,0.0,0.0,1.0,0.0,18,1,5,41.929489274,-87.6836878249,POINT (-87.683687824894 41.929489273995)
2066504,c6c73134ad72d2a0aa581856531f46832e373db11cf25f90bc5b8ac51fb9def9403981c91a097199c388473fcf4ed8be5af060b6cf432dbc4f32b826cab721fe,2025-05-18T18:30:00.000,1,DRIVER,1.0,1969909.0,,UNKNOWN,OTHER (EXPLAIN IN NARRATIVE),IL,,UNKNOWN,TRUCK - SINGLE UNIT,UNKNOWN/NA,UNKNOWN,UNKNOWN/NA,,,2.0,,,,,,,,,,,,,,,,Y,UNKNOWN,,,,,,,,,,,,,,,,,,,,,,,,,,2025-05-18T18:30:00.000,30,NO CONTROLS,NO CONTROLS,UNKNOWN,DAYLIGHT,PARKED MOTOR VEHICLE,ONE-WAY,STRAIGHT AND LEVEL,UNKNOWN,UNKNOWN,NOT ON SCENE (DESK REPORT),NO INJURY / DRIVE AWAY,,,Y,"OVER $1,500",2025-05-19T18:20:00.000,UNABLE TO DETERMINE,UNABLE TO DETERMINE,1150,W,CONGRESS PKWY,1232,,,,,,,2,NO INDICATION OF INJURY,0.0,0.0,0.0,0.0,0.0,6.0,0.0,18,1,5,41.875459153,-87.6565380671,POINT (-87.656538067116 41.875459153029)
2066505,c6c73134ad72d2a0aa581856531f46832e373db11cf25f90bc5b8ac51fb9def9403981c91a097199c388473fcf4ed8be5af060b6cf432dbc4f32b826cab721fe,2025-05-18T18:30:00.000,2,PARKED,4.0,1969920.0,,LAND ROVER,OTHER (EXPLAIN IN NARRATIVE),IL,2020.0,UNKNOWN,UNKNOWN/NA,UNKNOWN/NA,UNKNOWN,PARKED,,,4.0,,,,,,,,,,,,,Y,Y,,,SIDE-LEFT-FRONT,,,,,,,,,,,,,,,,,,,,,,,,,,2025-05-18T18:30:00.000,30,NO CONTROLS,NO CONTROLS,UNKNOWN,DAYLIGHT,PARKED MOTOR VEHICLE,ONE-WAY,STRAIGHT AND LEVEL,UNKNOWN,UNKNOWN,NOT ON SCENE (DESK REPORT),NO INJURY / DRIVE AWAY,,,Y,"OVER $1,500",2025-05-19T18:20:00.000,UNABLE TO DETERMINE,UNABLE TO DETERMINE,1150,W,CONGRESS PKWY,1232,,,,,,,2,NO INDICATION OF INJURY,0.0,0.0,0.0,0.0,0.0,6.0,0.0,18,1,5,41.875459153,-87.6565380671,POINT (-87.656538067116 41.875459153029)
2065806,02407617a7e2f6ab5c89cc10a7cb2ad5fca3b4eaa2c3e2520dfe73303d2d4bc7239d09233bb066933f7a3eca4900f1a67264825299670b33a6cd0056e2f18670,2025-05-18T18:26:00.000,1,DRIVER,,1969239.0,,UNKNOWN,OTHER (EXPLAIN IN NARRATIVE),IL,,UNKNOWN,PICKUP,UNKNOWN/NA,UNKNOWN,UNKNOWN/NA,,,1.0,,,,,,,,,Y,,,,,,,,REAR,,,,,,,,,,,,,,,,,,,,,,,,,,2025-05-18T18:26:00.000,5,NO CONTROLS,NO CONTROLS,CLEAR,DAYLIGHT,PARKED MOTOR VEHICLE,PARKING LOT,STRAIGHT AND LEVEL,DRY,NO DEFECTS,ON SCENE,NO INJURY / DRIVE AWAY,,,Y,"OVER $1,500",2025-05-18T18:26:00.000,DRIVING SKILLS/KNOWLEDGE/EXPERIENCE,DRIVING SKILLS/KNOWLEDGE/EXPERIENCE,8258,S,DR MARTIN LUTHER KING JR DR,631,,,,,,,2,NO INDICATION OF INJURY,0.0,0.0,0.0,0.0,0.0,1.0,0.0,18,1,5,41.7438929587,-87.6149039828,POINT (-87.614903982803 41.743892958693)
2065807,02407617a7e2f6ab5c89cc10a7cb2ad5fca3b4eaa2c3e2520dfe73303d2d4bc7239d09233bb066933f7a3eca4900f1a67264825299670b33a6cd0056e2f18670,2025-05-18T18:26:00.000,2,PARKED,,1969247.0,,BUICK,ENCORE,IL,2020.0,NONE,PASSENGER,NOT IN USE,N,PARKED,,,0.0,,,,,,,,,,,,,,Y,Y,,FRONT,,,,,,,,,,,,,,,,,,,,,,,,,,2025-05-18T18:26:00.000,5,NO CONTROLS,NO CONTROLS,CLEAR,DAYLIGHT,PARKED MOTOR VEHICLE,PARKING LOT,STRAIGHT AND LEVEL,DRY,NO DEFECTS,ON SCENE,NO INJURY / DRIVE AWAY,,,Y,"OVER $1,500",2025-05-18T18:26:00.000,DRIVING SKILLS/KNOWLEDGE/EXPERIENCE,DRIVING SKILLS/KNOWLEDGE/EXPERIENCE,8258,S,DR MARTIN LUTHER KING JR DR,631,,,,,,,2,NO INDICATION OF INJURY,0.0,0.0,0.0,0.0,0.0,1.0,0.0,18,1,5,41.7438929587,-87.6149039828,POINT (-87.614903982803 41.743892958693)
2065853,50cc3069e4eabc05462dea1d243ac68c6ad15d1e4c88b080668a34594364378ceabeb9ae97c7a9338d7eb76d070542887611e92bb99e7680ceb9a007ad339614,2025-05-18T18:25:00.000,1,DRIVER,,1969287.0,N,DODGE,RAM PROMASTER,IL,2021.0,UNKNOWN,BUS UP TO 15 PASS.,COMMERCIAL - SINGLE UNIT,S,TURNING RIGHT,,,1.0,,,,,Y,Y,Y,,,,,,,,,,SIDE-RIGHT,,,,,,,,,,,,,,,,,,,,,,,,,,2025-05-18T18:25:00.000,30,NO CONTROLS,NO CONTROLS,CLEAR,"DARKNESS, LIGHTED ROAD",TURNING,NOT DIVIDED,STRAIGHT AND LEVEL,UNKNOWN,UNKNOWN,NOT ON SCENE (DESK REPORT),NO INJURY / DRIVE AWAY,,,,"OVER $1,500",2025-05-18T21:11:00.000,UNABLE TO DETERMINE,UNABLE TO DETERMINE,625,W,WRIGHTWOOD AVE,1935,,,,,,,2,NO INDICATION OF INJURY,0.0,0.0,0.0,0.0,0.0,2.0,0.0,18,1,5,41.9292966512,-87.6438537428,POINT (-87.643853742809 41.929296651216)
2065854,50cc3069e4eabc05462dea1d243ac68c6ad15d1e4c88b080668a34594364378ceabeb9ae97c7a9338d7eb76d070542887611e92bb99e7680ceb9a007ad339614,2025-05-18T18:25:00.000,2,DRIVER,,1969293.0,,TOYOTA,PRIUS,IL,2004.0,UNKNOWN,PASSENGER,PERSONAL,S,SLOW/STOP IN TRAFFIC,,,1.0,,,,,,,,,,,,,,Y,,,FRONT-LEFT-CORNER,,,,,,,,,,,,,,,,,,,,,,,,,,2025-05-18T18:25:00.000,30,NO CONTROLS,NO CONTROLS,CLEAR,"DARKNESS, LIGHTED ROAD",TURNING,NOT DIVIDED,STRAIGHT AND LEVEL,UNKNOWN,UNKNOWN,NOT ON SCENE (DESK REPORT),NO INJURY / DRIVE AWAY,,,,"OVER $1,500",2025-05-18T21:11:00.000,UNABLE TO DETERMINE,UNABLE TO DETERMINE,625,W,WRIGHTWOOD AVE,1935,,,,,,,2,NO INDICATION OF INJURY,0.0,0.0,0.0,0.0,0.0,2.0,0.0,18,1,5,41.9292966512,-87.6438537428,POINT (-87.643853742809 41.929296651216)
2065865,60721acd39ff7a281a2d4e544762e4d1cb4653a91cee39cb772d2cc47d8ef5ed92e42fbc952f6eb38230ecfaf9d487d3b8083372c73880d63ae957ba1fcc0969,2025-05-18T18:09:00.000,1,DRIVER,,1969298.0,,GENERAL MOTORS CORPORATION (GMC),YUKON,IL,2007.0,NONE,SPORT UTILITY VEHICLE (SUV),PERSONAL,S,STRAIGHT AHEAD,,,1.0,,,,Y,,,,,,,,,,Y,Y,,FRONT,,,,,,,,,,,,,,,,,,,,,,,,,,2025-05-18T18:09:00.000,30,NO CONTROLS,NO CONTROLS,CLEAR,DAYLIGHT,ANGLE,ALLEY,STRAIGHT AND LEVEL,DRY,NO DEFECTS,ON SCENE,INJURY AND / OR TOW DUE TO CRASH,,,,"OVER $1,500",2025-05-18T18:09:00.000,FAILING TO YIELD RIGHT-OF-WAY,NOT APPLICABLE,4700,N,WESTERN AVE,1911,,,,,,,2,"REPORTED, NOT EVIDENT",1.0,0.0,0.0,0.0,1.0,1.0,0.0,18,1,5,41.966848451,-87.6889984037,POINT (-87.688998403679 41.966848450952)
2065866,60721acd39ff7a281a2d4e544762e4d1cb4653a91cee39cb772d2cc47d8ef5ed92e42fbc952f6eb38230ecfaf9d487d3b8083372c73880d63ae957ba1fcc0969,2025-05-18T18:09:00.000,2,DRIVER,,1969304.0,,CADILLAC,CT5,IL,2024.0,NONE,PASSENGER,PERSONAL,E,STRAIGHT AHEAD,,,1.0,,,,,,,,,,,Y,Y,,,,,SIDE-LEFT-REAR,,,,,,,,,,,,,,,,,,,,,,,,,,2025-05-18T18:09:00.000,30,NO CONTROLS,NO CONTROLS,CLEAR,DAYLIGHT,ANGLE,ALLEY,STRAIGHT AND LEVEL,DRY,NO DEFECTS,ON SCENE,INJURY AND / OR TOW DUE TO CRASH,,,,"OVER $1,500",2025-05-18T18:09:00.000,FAILING TO YIELD RIGHT-OF-WAY,NOT APPLICABLE,4700,N,WESTERN AVE,1911,,,,,,,2,"REPORTED, NOT EVIDENT",1.0,0.0,0.0,0.0,1.0,1.0,0.0,18,1,5,41.966848451,-87.6889984037,POINT (-87.688998403679 41.966848450952)
2065787,3961b8771cdc5b39ee965f2ec6f59ef1c09cc227751c0266ea09f0aba705fd427e40b792c3d8cca3726e2fec083c7a5a573f0308bb231c99e8b35b3ac18640d8,2025-05-18T18:06:00.000,1,DRIVER,,1969226.0,,INFINITI,G35,IL,2004.0,UNKNOWN,UNKNOWN/NA,UNKNOWN/NA,UNKNOWN,UNKNOWN/NA,,,1.0,,,,,,,,,,,,,N,Y,N,,FRONT-LEFT-CORNER,,,,,,,,,,,,,,,,,,,,,,,,,,2025-05-18T18:06:00.000,30,NO CONTROLS,NO CONTROLS,CLEAR,DAYLIGHT,PARKED MOTOR VEHICLE,ONE-WAY,STRAIGHT AND LEVEL,DRY,NO DEFECTS,ON SCENE,NO INJURY / DRIVE AWAY,,,Y,"OVER $1,500",2025-05-18T18:19:00.000,UNABLE TO DETERMINE,NOT APPLICABLE,4929,W,BLOOMINGDALE AVE,2533,N,N,,,,,4,NO INDICATION OF INJURY,0.0,0.0,0.0,0.0,0.0,1.0,0.0,18,1,5,41.9131159105,-87.7504167326,POINT (-87.750416732559 41.913115910513)
2065788,3961b8771cdc5b39ee965f2ec6f59ef1c09cc227751c0266ea09f0aba705fd427e40b792c3d8cca3726e2fec083c7a5a573f0308bb231c99e8b35b3ac18640d8,2025-05-18T18:06:00.000,2,PARKED,,1969231.0,,NISSAN,ALTIMA,IL,2017.0,UNKNOWN,UNKNOWN/NA,PERSONAL,UNKNOWN,PARKED,,,0.0,,,,Y,,,N,N,,,,,,,,,FRONT-RIGHT-CORNER,,,,,,,,,,,,,,,,,,,,,,,,,,2025-05-18T18:06:00.000,30,NO CONTROLS,NO CONTROLS,CLEAR,DAYLIGHT,PARKED MOTOR VEHICLE,ONE-WAY,STRAIGHT AND LEVEL,DRY,NO DEFECTS,ON SCENE,NO INJURY / DRIVE AWAY,,,Y,"OVER $1,500",2025-05-18T18:19:00.000,UNABLE TO DETERMINE,NOT APPLICABLE,4929,W,BLOOMINGDALE AVE,2533,N,N,,,,,4,NO INDICATION OF INJURY,0.0,0.0,0.0,0.0,0.0,1.0,0.0,18,1,5,41.9131159105,-87.7504167326,POINT (-87.750416732559 41.913115910513)