crash_unit_id,crash_record_id,crash_date_left,unit_no,unit_type,num_passengers,vehicle_id,cmrc_veh_i,make,model,lic_plate_state,vehicle_year,vehicle_defect,vehicle_type,vehicle_use,travel_direction,maneuver,towed_i,fire_i,occupant_cnt,towed_by,towed_to,area_00_i,area_01_i,area_02_i,area_03_i,area_04_i,area_05_i,area_06_i,area_07_i,area_08_i,area_09_i,area_10_i,area_11_i,area_12_i,area_99_i,first_contact_point,cmv_id,usdot_no,commercial_src,gvwr,carrier_name,carrier_state,carrier_city,hazmat_placards_i,hazmat_present_i,hazmat_report_i,mcs_report_i,hazmat_vio_cause_crash_i,mcs_vio_cause_crash_i,idot_permit_no,trailer1_width,trailer2_width,trailer1_length,axle_cnt,vehicle_config,cargo_body_type,load_type,hazmat_out_of_service_i,mcs_out_of_service_i,hazmat_class,crash_date_est_i,crash_date_right,posted_speed_limit,traffic_control_device,device_condition,weather_condition,lighting_condition,first_crash_type,trafficway_type,alignment,roadway_surface_cond,road_defect,report_type,crash_type,intersection_related_i,private_property_i,hit_and_run_i,damage,date_police_notified,prim_contributory_cause,sec_contributory_cause,street_no,street_direction,street_name,beat_of_occurrence,photos_taken_i,statements_taken_i,dooring_i,work_zone_i,work_zone_type,workers_present_i,num_units,most_severe_injury,injuries_total,injuries_fatal,injuries_incapacitating,injuries_non_incapacitating,injuries_reported_not_evident,injuries_no_indication,injuries_unknown,crash_hour,crash_day_of_week,crash_month,latitude,longitude,location
2065789,3961b8771cdc5b39ee965f2ec6f59ef1c09cc227751c0266ea09f0aba705fd427e40b792c3d8cca3726e2fec083c7a5a573f0308bb231c99e8b35b3ac18640d8,2025-05-18T18:06:00.000,3,PARKED,,1969243.0,,HONDA,ODYSSEY,IL,2008.0,UNKNOWN,VAN/MINI-VAN,PERSONAL,UNKNOWN,PARKED,,,0.0,,,,Y,Y,Y,Y,Y,,,,,,,,,SIDE-RIGHT,,,,,,,,,,,,,,,,,,,,,,,,,,2025-05-18T18:06:00.000,30,NO CONTROLS,NO CONTROLS,CLEAR,DAYLIGHT,PARKED MOTOR VEHICLE,ONE-WAY,STRAIGHT AND LEVEL,DRY,NO DEFECTS,ON SCENE,NO INJURY / DRIVE AWAY,,,Y,"OVER $1,500",2025-05-18T18:19:00.000,UNABLE TO DETERMINE,NOT APPLICABLE,4929,W,BLOOMINGDALE AVE,2533,N,N,,,,,4,NO INDICATION OF INJURY,0.0,0.0,0.0,0.0,0.0,1.0,0.0,18,1,5,41.9131159105,-87.7504167326,POINT (-87.750416732559 41.913115910513)
2065790,3961b8771cdc5b39ee965f2ec6f59ef1c09cc227751c0266ea09f0aba705fd427e40b792c3d8cca3726e2fec083c7a5a573f0308bb231c99e8b35b3ac18640d8,2025-05-18T18:06:00.000,4,PARKED,,1969248.0,,JEEP,GRAND CHEROKEE,IL,2018.0,UNKNOWN,SPORT UTILITY VEHICLE (SUV),PERSONAL,UNKNOWN,PARKED,,,0.0,,,,,,,,Y,,,,,,,,,REAR-RIGHT-CORNER,,,,,,,,,,,,,,,,,,,,,,,,,,2025-05-18T18:06:00.000,30,NO CONTROLS,NO CONTROLS,CLEAR,DAYLIGHT,PARKED MOTOR VEHICLE,ONE-WAY,STRAIGHT AND LEVEL,DRY,NO DEFECTS,ON SCENE,NO INJURY / DRIVE AWAY,,,Y,"OVER $1,500",2025-05-18T18:19:00.000,UNABLE TO DETERMINE,NOT APPLICABLE,4929,W,BLOOMINGDALE AVE,2533,N,N,,,,,4,NO INDICATION OF INJURY,0.0,0.0,0.0,0.0,0.0,1.0,0.0,18,1,5,41.9131159105,-87.7504167326,POINT (-87.750416732559 41.913115910513)
2065756,41ebbb95be4a97a8fb02b0b9fe45ffa2ebefc78826727f3f3fb5a267b38fa7cd7be5c0c2a25855f20e3c024f6aef199d96a8c14810835cd6435113ae43bcb30a,2025-05-18T18:00:00.000,1,DRIVER,,1969203.0,,HYUNDAI,OTHER (EXPLAIN IN NARRATIVE),IL,2014.0,NONE,PASSENGER,PERSONAL,N,STRAIGHT AHEAD,,,1.0,,,,,,,,,,,,,,,Y,,FRONT,,,,,,,,,,,,,,,,,,,,,,,,,,2025-05-18T18:00:00.000,30,NO CONTROLS,NO CONTROLS,CLEAR,DAYLIGHT,REAR END,NOT DIVIDED,STRAIGHT AND LEVEL,DRY,NO DEFECTS,NOT ON SCENE (DESK REPORT),NO INJURY / DRIVE AWAY,,,,"OVER $1,500",2025-05-18T18:02:00.000,FOLLOWING TOO CLOSELY,UNABLE TO DETERMINE,5400,N,CICERO AVE,1621,,,,,,,2,NO INDICATION OF INJURY,0.0,0.0,0.0,0.0,0.0,2.0,0.0,18,1,5,41.9800658337,-87.7482915431,POINT (-87.748291543133 41.980065833743)
2065757,41ebbb95be4a97a8fb02b0b9fe45ffa2ebefc78826727f3f3fb5a267b38fa7cd7be5c0c2a25855f20e3c024f6aef199d96a8c14810835cd6435113ae43bcb30a,2025-05-18T18:00:00.000,2,DRIVER,,1969207.0,,TOYOTA,CAMRY,IL,2012.0,NONE,PASSENGER,PERSONAL,N,STRAIGHT AHEAD,,,1.0,,,,,,,,,Y,,,,,,,,REAR,,,,,,,,,,,,,,,,,,,,,,,,,,2025-05-18T18:00:00.000,30,NO CONTROLS,NO CONTROLS,CLEAR,DAYLIGHT,REAR END,NOT DIVIDED,STRAIGHT AND LEVEL,DRY,NO DEFECTS,NOT ON SCENE (DESK REPORT),NO INJURY / DRIVE AWAY,,,,"OVER $1,500",2025-05-18T18:02:00.000,FOLLOWING TOO CLOSELY,UNABLE TO DETERMINE,5400,N,CICERO AVE,1621,,,,,,,2,NO INDICATION OF INJURY,0.0,0.0,0.0,0.0,0.0,2.0,0.0,18,1,5,41.9800658337,-87.7482915431,POINT (-87.748291543133 41.980065833743)
2065784,4c433d8145ee5e70a71b47bef64429ae4ee00ca94d7d5323ac3ea5e089dfe16531c9b0e4ca29eb76986f56a2b8553d9d12331136214fa2ae0b4b92a6f89f054a,2025-05-18T18:00:00.000,1,DRIVER,,1969225.0,,CHEVROLET,TRAIL BLAZER,IL,2004.0,UNKNOWN,PASSENGER,UNKNOWN/NA,NW,STRAIGHT AHEAD,,,1.0,,,,Y,,,,,,,,,,,,,FRONT-RIGHT-CORNER,,,,,,,,,,,,,,,,,,,,,,,,,,2025-05-18T18:00:00.000,30,NO CONTROLS,NO CONTROLS,CLEAR,DAYLIGHT,REAR END,NOT DIVIDED,STRAIGHT AND LEVEL,DRY,NO DEFECTS,NOT ON SCENE (DESK REPORT),NO INJURY / DRIVE AWAY,,,,"OVER $1,500",2025-05-18T18:30:00.000,UNABLE TO DETERMINE,NOT APPLICABLE,4185,N,ELSTON AVE,1723,,,,,,,2,NO INDICATION OF INJURY,0.0,0.0,0.0,0.0,0.0,3.0,0.0,18,1,5,41.9570001523,-87.7237784994,POINT (-87.723778499431 41.957000152349)
2065785,4c433d8145ee5e70a71b47bef64429ae4ee00ca94d7d5323ac3ea5e089dfe16531c9b0e4ca29eb76986f56a2b8553d9d12331136214fa2ae0b4b92a6f89f054a,2025-05-18T18:00:00.000,2,DRIVER,1.0,1969229.0,,SUBARU,OUTBACK,IL,2017.0,NONE,PASSENGER,PERSONAL,NW,SLOW/STOP IN TRAFFIC,,,2.0,,,,,,,,,Y,Y,Y,Y,,,,,REAR-LEFT-CORNER,,,,,,,,,,,,,,,,,,,,,,,,,,2025-05-18T18:00:00.000,30,NO CONTROLS,NO CONTROLS,CLEAR,DAYLIGHT,REAR END,NOT DIVIDED,STRAIGHT AND LEVEL,DRY,NO DEFECTS,NOT ON SCENE (DESK REPORT),NO INJURY / DRIVE AWAY,,,,"OVER $1,500",2025-05-18T18:30:00.000,UNABLE TO DETERMINE,NOT APPLICABLE,4185,N,ELSTON AVE,1723,,,,,,,2,NO INDICATION OF INJURY,0.0,0.0,0.0,0.0,0.0,3.0,0.0,18,1,5,41.9570001523,-87.7237784994,POINT (-87.723778499431 41.957000152349)
2065826,27733d8ac421399465b9f9c045d16b84aa0f7635817d8ec9f281680b33709def52f21ca7aa55679774d705883ff1714791b6ed3f6f26f1433c5f1778de680a95,2025-05-18T17:52:00.000,1,DRIVER,1.0,1969257.0,,HONDA,ACCORD,IL,2015.0,NONE,PASSENGER,PERSONAL,N,STRAIGHT AHEAD,,,2.0,,,,Y,,,,,,,,,,Y,Y,,FRONT,,,,,,,,,,,,,,,,,,,,,,,,,,2025-05-18T17:52:00.000,30,NO CONTROLS,NO CONTROLS,CLEAR,DAYLIGHT,REAR END,NOT DIVIDED,STRAIGHT AND LEVEL,DRY,NO DEFECTS,ON SCENE,INJURY AND / OR TOW DUE TO CRASH,,,,"$501 - $1,500",2025-05-18T17:53:00.000,FAILING TO REDUCE SPEED TO AVOID CRASH,NOT APPLICABLE,5820,N,SHERIDAN RD,2022,,,,,,,2,NONINCAPACITATING INJURY,1.0,0.0,0.0,1.0,0.0,3.0,0.0,17,1,5,41.9879843006,-87.6554700664,POINT (-87.655470066377 41.987984300646)
2065827,27733d8ac421399465b9f9c045d16b84aa0f7635817d8ec9f281680b33709def52f21ca7aa55679774d705883ff1714791b6ed3f6f26f1433c5f1778de680a95,2025-05-18T17:52:00.000,2,DRIVER,1.0,1969262.0,,HYUNDAI,ELANTRA,IL,2024.0,NONE,PASSENGER,PERSONAL,N,STRAIGHT AHEAD,,,2.0,,,,,,,,Y,Y,Y,N,,,,,,REAR,,,,,,,,,,,,,,,,,,,,,,,,,,2025-05-18T17:52:00.000,30,NO CONTROLS,NO CONTROLS,CLEAR,DAYLIGHT,REAR END,NOT DIVIDED,STRAIGHT AND LEVEL,DRY,NO DEFECTS,ON SCENE,INJURY AND / OR TOW DUE TO CRASH,,,,"$501 - $1,500",2025-05-18T17:53:00.000,FAILING TO REDUCE SPEED TO AVOID CRASH,NOT APPLICABLE,5820,N,SHERIDAN RD,2022,,,,,,,2,NONINCAPACITATING INJURY,1.0,0.0,0.0,1.0,0.0,3.0,0.0,17,1,5,41.9879843006,-87.6554700664,POINT (-87.655470066377 41.987984300646)
2065775,1c8f9d699a2b023a88a6be1780672b2f82d5b5502339453ab8cea65097d27031cb67f486ebbbc949719975a4256c9ea4c4aa0401acb1032327ab7aed93511b61,2025-05-18T17:50:00.000,1,DRIVER,,1969212.0,,FORD,EXPEDITION,IL,2024.0,UNKNOWN,PASSENGER,UNKNOWN/NA,E,STRAIGHT AHEAD,,,1.0,,,,Y,Y,Y,,,,,,,,,,,SIDE-RIGHT,,,,,,,,,,,,,,,,,,,,,,,,,,2025-05-18T17:50:00.000,30,NO CONTROLS,NO CONTROLS,CLEAR,DAYLIGHT,SIDESWIPE SAME DIRECTION,NOT DIVIDED,STRAIGHT AND LEVEL,DRY,NO DEFECTS,ON SCENE,NO INJURY / DRIVE AWAY,,,Y,"OVER $1,500",2025-05-18T17:53:00.000,FAILING TO YIELD RIGHT-OF-WAY,DRIVING SKILLS/KNOWLEDGE/EXPERIENCE,1422,W,DIVISION ST,1433,,,,,,,2,NO INDICATION OF INJURY,0.0,0.0,0.0,0.0,0.0,2.0,0.0,17,1,5,41.9035019607,-87.6636070369,POINT (-87.663607036881 41.903501960748)
2065776,1c8f9d699a2b023a88a6be1780672b2f82d5b5502339453ab8cea65097d27031cb67f486ebbbc949719975a4256c9ea4c4aa0401acb1032327ab7aed93511b61,2025-05-18T17:50:00.000,2,DRIVER,,1969217.0,,TOYOTA,C-HR,IL,2018.0,NONE,PASSENGER,PERSONAL,E,STRAIGHT AHEAD,,,1.0,,,,,,,,,,Y,Y,Y,,,,,SIDE-LEFT,,,,,,,,,,,,,,,,,,,,,,,,,,2025-05-18T17:50:00.000,30,NO CONTROLS,NO CONTROLS,CLEAR,DAYLIGHT,SIDESWIPE SAME DIRECTION,NOT DIVIDED,STRAIGHT AND LEVEL,DRY,NO DEFECTS,ON SCENE,NO INJURY / DRIVE AWAY,,,Y,"OVER $1,500",2025-05-18T17:53:00.000,FAILING TO YIELD RIGHT-OF-WAY,DRIVING SKILLS/KNOWLEDGE/EXPERIENCE,1422,W,DIVISION ST,1433,,,,,,,2,NO INDICATION OF INJURY,0.0,0.0,0.0,0.0,0.0,2.0,0.0,17,1,5,41.9035019607,-87.6636070369,POINT (-87.663607036881 41.903501960748)
2065841,23b00047de7ae0751f871b7b4ba8dfff891d13e6c3ad8ed5ea740356c7327600d39d2877f65939f4ec1febe5e82eca09456f91c2088b2230be35bb092e8ff30b,2025-05-18T17:50:00.000,1,DRIVER,,1969274.0,,OLDSMOBILE,NINETY-EIGHT,IL,1991.0,UNKNOWN,PASSENGER,PERSONAL,S,TURNING LEFT,,,1.0,,,,Y,,,,,,,,,Y,Y,Y,,SIDE-LEFT-FRONT,,,,,,,,,,,,,,,,,,,,,,,,,,2025-05-18T17:50:00.000,30,TRAFFIC SIGNAL,FUNCTIONING PROPERLY,CLEAR,DAYLIGHT,TURNING,CENTER TURN LANE,STRAIGHT AND LEVEL,DRY,NO DEFECTS,ON SCENE,NO INJURY / DRIVE AWAY,Y,,,"OVER $1,500",2025-05-18T17:53:00.000,IMPROPER TURNING/NO SIGNAL,FAILING TO YIELD RIGHT-OF-WAY,298,S,KEDZIE AVE,1124,,,,,,,2,NO INDICATION OF INJURY,0.0,0.0,0.0,0.0,0.0,2.0,0.0,17,1,5,41.8773757213,-87.7061634995,POINT (-87.706163499456 41.877375721286)
2065842,23b00047de7ae0751f871b7b4ba8dfff891d13e6c3ad8ed5ea740356c7327600d39d2877f65939f4ec1febe5e82eca09456f91c2088b2230be35bb092e8ff30b,2025-05-18T17:50:00.000,2,DRIVER,,1969276.0,,HONDA,CIVIC,IL,2008.0,UNKNOWN,PASSENGER,PERSONAL,N,STRAIGHT AHEAD,,,1.0,,,,Y,,,,,,,,,,Y,Y,,FRONT,,,,,,,,,,,,,,,,,,,,,,,,,,2025-05-18T17:50:00.000,30,TRAFFIC SIGNAL,FUNCTIONING PROPERLY,CLEAR,DAYLIGHT,TURNING,CENTER TURN LANE,STRAIGHT AND LEVEL,DRY,NO DEFECTS,ON SCENE,NO INJURY / DRIVE AWAY,Y,,,"OVER $1,500",2025-05-18T17:53:00.000,IMPROPER TURNING/NO SIGNAL,FAILING TO YIELD RIGHT-OF-WAY,298,S,KEDZIE AVE,1124,,,,,,,2,NO INDICATION OF INJURY,0.0,0.0,0.0,0.0,0.0,2.0,0.0,17,1,5,41.8773757213,-87.7061634995,POINT (-87.706163499456 41.877375721286)
2065816,47f9cb70a24521cafa1e9ab0fcd05761eed866c869ca129d37faecacb64b8152aab5c07f51f4cb65976e57bee15d872e9a4495f1801dab903296cf4b40ece21d,2025-05-18T17:50:00.000,1,DRIVER,,1969249.0,,LEXUS,RX400H,IL,2006.0,NONE,PASSENGER,PERSONAL,S,STRAIGHT AHEAD,,,1.0,,,,,,,,,,,,,,,Y,,FRONT,,,,,,,,,,,,,,,,,,,,,,,,,,2025-05-18T17:50:00.000,30,NO CONTROLS,NO CONTROLS,CLEAR,DAYLIGHT,REAR END,NOT DIVIDED,STRAIGHT AND LEVEL,DRY,NO DEFECTS,NOT ON SCENE (DESK REPORT),NO INJURY / DRIVE AWAY,,,,"OVER $1,500",2025-05-18T19:15:00.000,FOLLOWING TOO CLOSELY,NOT APPLICABLE,2500,N,DAMEN AVE,1432,,,,,,,2,NO INDICATION OF INJURY,0.0,0.0,0.0,0.0,0.0,2.0,0.0,17,1,5,41.9272335698,-87.6782495439,POINT (-87.678249543892 41.927233569799)
2065817,47f9cb70a24521cafa1e9ab0fcd05761eed866c869ca129d37faecacb64b8152aab5c07f51f4cb65976e57bee15d872e9a4495f1801dab903296cf4b40ece21d,2025-05-18T17:50:00.000,2,DRIVER,,1969251.0,,TOYOTA,COROLLA,IL,2020.0,NONE,PASSENGER,PERSONAL,S,SLOW/STOP IN TRAFFIC,,,1.0,,,,,,,,,Y,,,,,,,,REAR,,,,,,,,,,,,,,,,,,,,,,,,,,2025-05-18T17:50:00.000,30,NO CONTROLS,NO CONTROLS,CLEAR,DAYLIGHT,REAR END,NOT DIVIDED,STRAIGHT AND LEVEL,DRY,NO DEFECTS,NOT ON SCENE (DESK REPORT),NO INJURY / DRIVE AWAY,,,,"OVER $1,500",2025-05-18T19:15:00.000,FOLLOWING TOO CLOSELY,NOT APPLICABLE,2500,N,DAMEN AVE,1432,,,,,,,2,NO INDICATION OF INJURY,0.0,0.0,0.0,0.0,0.0,2.0,0.0,17,1,5,41.9272335698,-87.6782495439,POINT (-87.678249543892 41.927233569799)
2065794,5234ab2e942d10375b18bc68103b8831d72288dbe21237898155990a936d2c3500ec3d64001f74bcace248a036f070b61cdcc617e01f38bce1912f5e7ba441c6,2025-05-18T17:50:00.000,1,DRIVER,,1969234.0,,VOLVO,TRUCK,,,UNKNOWN,TRACTOR W/O SEMI-TRAILER,UNKNOWN/NA,S,STRAIGHT AHEAD,,,1.0,,,,,,,,,,,,,,Y,,,FRONT-LEFT-CORNER,,,,,,,,,,,,,,,,,,,,,,,,,,2025-05-18T17:50:00.000,30,TRAFFIC SIGNAL,FUNCTIONING PROPERLY,CLEAR,DAYLIGHT,SIDESWIPE SAME DIRECTION,NOT DIVIDED,STRAIGHT AND LEVEL,DRY,NO DEFECTS,ON SCENE,NO INJURY / DRIVE AWAY,,,Y,$500 OR LESS,2025-05-18T18:35:00.000,UNABLE TO DETERMINE,UNABLE TO DETERMINE,5451,S,HARLEM AVE,811,,,,,,,2,NO INDICATION OF INJURY,0.0,0.0,0.0,0.0,0.0,2.0,0.0,17,1,5,41.7924009571,-87.8013971249,POINT (-87.801397124902 41.792400957074)
2065795,5234ab2e942d10375b18bc68103b8831d72288dbe21237898155990a936d2c3500ec3d64001f74bcace248a036f070b61cdcc617e01f38bce1912f5e7ba441c6,2025-05-18T17:50:00.000,2,DRIVER,,1969242.0,,FREIGHTLINER CORPORATION,FREIGHTLINER CORP.,IN,2023.0,NONE,TRACTOR W/O SEMI-TRAILER,COMMERCIAL - SINGLE UNIT,S,STRAIGHT AHEAD,,,1.0,,,,,Y,,,,,,,,,,,,SIDE-RIGHT,,,,,,,,,,,,,,,,,,,,,,,,,,2025-05-18T17:50:00.000,30,TRAFFIC SIGNAL,FUNCTIONING PROPERLY,CLEAR,DAYLIGHT,SIDESWIPE SAME DIRECTION,NOT DIVIDED,STRAIGHT AND LEVEL,DRY,NO DEFECTS,ON SCENE,NO INJURY / DRIVE AWAY,,,Y,$500 OR LESS,2025-05-18T18:35:00.000,UNABLE TO DETERMINE,UNABLE TO DETERMINE,5451,S,HARLEM AVE,811,,,,,,,2,NO INDICATION OF INJURY,0.0,0.0,0.0,0.0,0.0,2.0,0.0,17,1,5,41.7924009571,-87.8013971249,POINT (-87.801397124902 41.792400957074)
2065804,82497a21c7ee3f3aabd1db9431993455f06bb4137d358fb903877c29149afb86fd6873411b320702955e189567cc7468bc856ff95b6008e65e4ca81856b3df53,2025-05-18T17:47:00.000,1,DRIVER,,1969237.0,,TOYOTA,PRIUS,IL,2019.0,NONE,PASSENGER,TAXI/FOR HIRE,W,ENTERING TRAFFIC LANE FROM PARKING,,,1.0,,,,Y,Y,Y,,,,,,,,,,,FRONT-RIGHT-CORNER,,,,,,,,,,,,,,,,,,,,,,,,,,2025-05-18T17:47:00.000,30,NO CONTROLS,NO CONTROLS,CLEAR,DAYLIGHT,SIDESWIPE SAME DIRECTION,ONE-WAY,STRAIGHT AND LEVEL,DRY,NO DEFECTS,ON SCENE,NO INJURY / DRIVE AWAY,,,,"OVER $1,500",2025-05-18T17:52:00.000,FAILING TO YIELD RIGHT-OF-WAY,NOT APPLICABLE,55,W,CHESTNUT ST,1832,,,,,,,2,NO INDICATION OF INJURY,0.0,0.0,0.0,0.0,0.0,3.0,0.0,17,1,5,41.8978697368,-87.6303807625,POINT (-87.630380762521 41.897869736836)
2065805,82497a21c7ee3f3aabd1db9431993455f06bb4137d358fb903877c29149afb86fd6873411b320702955e189567cc7468bc856ff95b6008e65e4ca81856b3df53,2025-05-18T17:47:00.000,2,DRIVER,1.0,1969246.0,,TOYOTA,SIENNA,IL,2025.0,NONE,VAN/MINI-VAN,RIDESHARE SERVICE,W,STRAIGHT AHEAD,,,2.0,,,,,,,,,,Y,Y,Y,Y,N,,,SIDE-LEFT,,,,,,,,,,,,,,,,,,,,,,,,,,2025-05-18T17:47:00.000,30,NO CONTROLS,NO CONTROLS,CLEAR,DAYLIGHT,SIDESWIPE SAME DIRECTION,ONE-WAY,STRAIGHT AND LEVEL,DRY,NO DEFECTS,ON SCENE,NO INJURY / DRIVE AWAY,,,,"OVER $1,500",2025-05-18T17:52:00.000,FAILING TO YIELD RIGHT-OF-WAY,NOT APPLICABLE,55,W,CHESTNUT ST,1832,,,,,,,2,NO INDICATION OF INJURY,0.0,0.0,0.0,0.0,0.0,3.0,0.0,17,1,5,41.8978697368,-87.6303807625,POINT (-87.630380762521 41.897869736836)
2065786,2160d4754c94206cc53de25535df7d2f35c02275b3414d2dfc15ad5d2abd840e8d493062385cf8d608d035d37f465cb024432e83d5c2e6a4f7b84de4f49c56b6,2025-05-18T17:46:00.000,2,PEDESTRIAN,,,,,,,,,,,,,,,,,,,,,,,,,,,,,,,,,,,,,,,,,,,,,,,,,,,,,,,,,,2025-05-18T17:46:00.000,30,PEDESTRIAN CROSSING SIGN,FUNCTIONING PROPERLY,CLEAR,DAYLIGHT,PEDESTRIAN,FOUR WAY,STRAIGHT AND LEVEL,DRY,NO DEFECTS,NOT ON SCENE (DESK REPORT),INJURY AND / OR TOW DUE TO CRASH,,,,"OVER $1,500",2025-05-18T17:49:00.000,FAILING TO REDUCE SPEED TO AVOID CRASH,NOT APPLICABLE,3512,W,LAWRENCE AVE,1712,,,,,,,4,NONINCAPACITATING INJURY,3.0,0.0,0.0,3.0,0.0,1.0,0.0,17,1,5,41.9684802314,-87.7164226323,POINT (-87.716422632346 41.968480231376)
2065791,2160d4754c94206cc53de25535df7d2f35c02275b3414d2dfc15ad5d2abd840e8d493062385cf8d608d035d37f465cb024432e83d5c2e6a4f7b84de4f49c56b6,2025-05-18T17:46:00.000,1,DRIVER,,1969222.0,,LEXUS,RX,IL,2005.0,NONE,PASSENGER,PERSONAL,W,STRAIGHT AHEAD,,,1.0,,,,,,,,,,,,,,,Y,,FRONT,,,,,,,,,,,,,,,,,,,,,,,,,,2025-05-18T17:46:00.000,30,PEDESTRIAN CROSSING SIGN,FUNCTIONING PROPERLY,CLEAR,DAYLIGHT,PEDESTRIAN,FOUR WAY,STRAIGHT AND LEVEL,DRY,NO DEFECTS,NOT ON SCENE (DESK REPORT),INJURY AND / OR TOW DUE TO CRASH,,,,"OVER $1,500",2025-05-18T17:49:00.000,FAILING TO REDUCE SPEED TO AVOID CRASH,NOT APPLICABLE,3512,W,LAWRENCE AVE,1712,,,,,,,4,NONINCAPACITATING INJURY,3.0,0.0,0.0,3.0,0.0,1.0,0.0,17,1,5,41.9684802314,-87.7164226323,POINT (-87.716422632346 41.968480231376)
2065796,2160d4754c94206cc53de25535df7d2f35c02275b3414d2dfc15ad5d2abd840e8d493062385cf8d608d035d37f465cb024432e83d5c2e6a4f7b84de4f49c56b6,2025-05-18T17:46:00.000,3,PEDESTRIAN,,,,,,,,,,,,,,,,,,,,,,,,,,,,,,,,,,,,,,,,,,,,,,,,,,,,,,,,,,2025-05-18T17:46:00.000,30,PEDESTRIAN CROSSING SIGN,FUNCTIONING PROPERLY,CLEAR,DAYLIGHT,PEDESTRIAN,FOUR WAY,STRAIGHT AND LEVEL,DRY,NO DEFECTS,NOT ON SCENE (DESK REPORT),INJURY AND / OR TOW DUE TO CRASH,,,,"OVER $1,500",2025-05-18T17:49:00.000,FAILING TO REDUCE SPEED TO AVOID CRASH,NOT APPLICABLE,3512,W,LAWRENCE AVE,1712,,,,,,,4,NONINCAPACITATING INJURY,3.0,0.0,0.0,3.0,0.0,1.0,0.0,17,1,5,41.9684802314,-87.7164226323,POINT (-87.716422632346 41.968480231376)
2065801,2160d4754c94206cc53de25535df7d2f35c02275b3414d2dfc15ad5d2abd840e8d493062385cf8d608d035d37f465cb024432e83d5c2e6a4f7b84de4f49c56b6,2025-05-18T17:46:00.000,4,PEDESTRIAN,,,,,,,,,,,,,,,,,,,,,,,,,,,,,,,,,,,,,,,,,,,,,,,,,,,,,,,,,,2025-05-18T17:46:00.000,30,PEDESTRIAN CROSSING SIGN,FUNCTIONING PROPERLY,CLEAR,DAYLIGHT,PEDESTRIAN,FOUR WAY,STRAIGHT AND LEVEL,DRY,NO DEFECTS,NOT ON SCENE (DESK REPORT),INJURY AND / OR TOW DUE TO CRASH,,,,"OVER $1,500",2025-05-18T17:49:00.000,FAILING TO REDUCE SPEED TO AVOID CRASH,NOT APPLICABLE,3512,W,LAWRENCE AVE,1712,,,,,,,4,NONINCAPACITATING INJURY,3.0,0.0,0.0,3.0,0.0,1.0,0.0,17,1,5,41.9684802314,-87.7164226323,POINT (-87.716422632346 41.968480231376)
2065802,53d7bef0db16caf93de2d99a22248307cf2db7f37c37547a1a51298bff368edba447ba5b19dd9308c7d3fe41041000f719d80a83349f21bb6eba9bd185025e42,2025-05-18T17:40:00.000,1,DRIVER,,1969232.0,,VOLKSWAGEN,GTI,IL,2013.0,UNKNOWN,PASSENGER,PERSONAL,N,U-TURN,,,1.0,,,,,,Y,Y,,,,,,,,,,UNKNOWN,,,,,,,,,,,,,,,,,,,,,,,,,,2025-05-18T17:40:00.000,30,UNKNOWN,UNKNOWN,UNKNOWN,UNKNOWN,TURNING,NOT DIVIDED,STRAIGHT AND LEVEL,UNKNOWN,UNKNOWN,NOT ON SCENE (DESK REPORT),NO INJURY / DRIVE AWAY,Y,,,$500 OR LESS,2025-05-18T19:03:00.000,UNABLE TO DETERMINE,UNABLE TO DETERMINE,5935,N,CLARK ST,2013,,,,,,,2,NO INDICATION OF INJURY,0.0,0.0,0.0,0.0,0.0,2.0,0.0,17,1,5,41.989468978,-87.6698241627,POINT (-87.669824162717 41.989468977964)
2065803,53d7bef0db16caf93de2d99a22248307cf2db7f37c37547a1a51298bff368edba447ba5b19dd9308c7d3fe41041000f719d80a83349f21bb6eba9bd185025e42,2025-05-18T17:40:00.000,2,DRIVER,,1969240.0,,AUDI,Q3,IL,2022.0,UNKNOWN,PASSENGER,PERSONAL,N,TURNING RIGHT,,,1.0,,,,,,,,,,,,,,Y,,,UNKNOWN,,,,,,,,,,,,,,,,,,,,,,,,,,2025-05-18T17:40:00.000,30,UNKNOWN,UNKNOWN,UNKNOWN,UNKNOWN,TURNING,NOT DIVIDED,STRAIGHT AND LEVEL,UNKNOWN,UNKNOWN,NOT ON SCENE (DESK REPORT),NO INJURY / DRIVE AWAY,Y,,,$500 OR LESS,2025-05-18T19:03:00.000,UNABLE TO DETERMINE,UNABLE TO DETERMINE,5935,N,CLARK ST,2013,,,,,,,2,NO INDICATION OF INJURY,0.0,0.0,0.0,0.0,0.0,2.0,0.0,17,1,5,41.989468978,-87.6698241627,POINT (-87.669824162717 41.989468977964)
2065770,9642f1d8d7c49209308ea9e0bf060b59181d636394ac990a34b010a6865fbda526b8ce0c4ee8833e7b14c545392d3366a512d3902bc4fc3e9a5e61cbf75924e2,2025-05-18T17:40:00.000,1,DRIVER,,1969250.0,,HONDA,CR-V,IL,2010.0,UNKNOWN,PASSENGER,UNKNOWN/NA,S,STRAIGHT AHEAD,Y,,1.0,private tow,,,Y,,,,,,,,,,Y,Y,,FRONT,,,,,,,,,,,,,,,,,,,,,,,,,,2025-05-18T17:40:00.000,30,NO CONTROLS,NO CONTROLS,CLEAR,DAYLIGHT,FIXED OBJECT,NOT DIVIDED,STRAIGHT AND LEVEL,DRY,UNKNOWN,ON SCENE,INJURY AND / OR TOW DUE TO CRASH,,,,"OVER $1,500",2025-05-18T17:45:00.000,UNABLE TO DETERMINE,NOT APPLICABLE,1110,N,CENTRAL AVE,1511,,,,,,,1,"REPORTED, NOT EVIDENT",1.0,0.0,0.0,0.0,1.0,0.0,0.0,17,1,5,41.9006364431,-87.7657476959,POINT (-87.765747695882 41.900636443071)