crash_unit_id,crash_record_id,crash_date_left,unit_no,unit_type,num_passengers,vehicle_id,cmrc_veh_i,make,model,lic_plate_state,vehicle_year,vehicle_defect,vehicle_type,vehicle_use,travel_direction,maneuver,towed_i,fire_i,occupant_cnt,towed_by,towed_to,area_00_i,area_01_i,area_02_i,area_03_i,area_04_i,area_05_i,area_06_i,area_07_i,area_08_i,area_09_i,area_10_i,area_11_i,area_12_i,area_99_i,first_contact_point,cmv_id,usdot_no,commercial_src,gvwr,carrier_name,carrier_state,carrier_city,hazmat_placards_i,hazmat_present_i,hazmat_report_i,mcs_report_i,hazmat_vio_cause_crash_i,mcs_vio_cause_crash_i,idot_permit_no,trailer1_width,trailer2_width,trailer1_length,axle_cnt,vehicle_config,cargo_body_type,load_type,hazmat_out_of_service_i,mcs_out_of_service_i,hazmat_class,crash_date_est_i,crash_date_right,posted_speed_limit,traffic_control_device,device_condition,weather_condition,lighting_condition,first_crash_type,trafficway_type,alignment,roadway_surface_cond,road_defect,report_type,crash_type,intersection_related_i,private_property_i,hit_and_run_i,damage,date_police_notified,prim_contributory_cause,sec_contributory_cause,street_no,street_direction,street_name,beat_of_occurrence,photos_taken_i,statements_taken_i,dooring_i,work_zone_i,work_zone_type,workers_present_i,num_units,most_severe_injury,injuries_total,injuries_fatal,injuries_incapacitating,injuries_non_incapacitating,injuries_reported_not_evident,injuries_no_indication,injuries_unknown,crash_hour,crash_day_of_week,crash_month,latitude,longitude,location
2065766,3ee030453276aade9dc9046fbe27adaf32aaf91f2c33b8f39a5a14154da5226f39668acc1c289774e06391c60520676b3829a6b26a76a72a23e56e985944e142,2025-05-18T17:36:00.000,1,DRIVER,,1969210.0,,TOYOTA,CAMRY,IL,2018.0,UNKNOWN,PASSENGER,PERSONAL,W,STRAIGHT AHEAD,,,1.0,,,,Y,,,,,,,,,,Y,Y,,FRONT,,,,,,,,,,,,,,,,,,,,,,,,,,2025-05-18T17:36:00.000,30,NO CONTROLS,NO CONTROLS,CLEAR,DAYLIGHT,REAR END,NOT DIVIDED,STRAIGHT AND LEVEL,DRY,NO DEFECTS,ON SCENE,INJURY AND / OR TOW DUE TO CRASH,,,,"OVER $1,500",2025-05-18T17:36:00.000,FAILING TO REDUCE SPEED TO AVOID CRASH,FAILING TO REDUCE SPEED TO AVOID CRASH,700,W,71ST ST,732,,,,,,,2,"REPORTED, NOT EVIDENT",1.0,0.0,0.0,0.0,1.0,1.0,0.0,17,1,5,41.765351085,-87.6420097871,POINT (-87.642009787084 41.765351084989)
2065767,3ee030453276aade9dc9046fbe27adaf32aaf91f2c33b8f39a5a14154da5226f39668acc1c289774e06391c60520676b3829a6b26a76a72a23e56e985944e142,2025-05-18T17:36:00.000,2,DRIVER,,1969213.0,,BUICK,ENCORE,IL,2024.0,UNKNOWN,PASSENGER,PERSONAL,W,STRAIGHT AHEAD,,,1.0,,,,,,,,Y,Y,,,,,,,,REAR,,,,,,,,,,,,,,,,,,,,,,,,,,2025-05-18T17:36:00.000,30,NO CONTROLS,NO CONTROLS,CLEAR,DAYLIGHT,REAR END,NOT DIVIDED,STRAIGHT AND LEVEL,DRY,NO DEFECTS,ON SCENE,INJURY AND / OR TOW DUE TO CRASH,,,,"OVER $1,500",2025-05-18T17:36:00.000,FAILING TO REDUCE SPEED TO AVOID CRASH,FAILING TO REDUCE SPEED TO AVOID CRASH,700,W,71ST ST,732,,,,,,,2,"REPORTED, NOT EVIDENT",1.0,0.0,0.0,0.0,1.0,1.0,0.0,17,1,5,41.765351085,-87.6420097871,POINT (-87.642009787084 41.765351084989)
2065808,3702e970051afafce2fb069d773fc064c075461620f6ab044f73777f2555937852d68af14aebfd4fc167823095084122e69051509c450b782d02b181d02c3a0f,2025-05-18T17:30:00.000,1,DRIVER,,1969244.0,,UNKNOWN,OTHER (EXPLAIN IN NARRATIVE),IL,,UNKNOWN,PASSENGER,UNKNOWN/NA,N,BACKING,,,1.0,,,,,,,,,Y,,,,,,,,REAR,,,,,,,,,,,,,,,,,,,,,,,,,,2025-05-18T17:30:00.000,30,NO CONTROLS,NO CONTROLS,CLEAR,DAYLIGHT,OTHER OBJECT,PARKING LOT,STRAIGHT AND LEVEL,DRY,NO DEFECTS,ON SCENE,INJURY AND / OR TOW DUE TO CRASH,,,Y,"OVER $1,500",2025-05-18T17:35:00.000,IMPROPER BACKING,NOT APPLICABLE,345,N,CENTRAL AVE,1523,,,,,,,2,NONINCAPACITATING INJURY,1.0,0.0,0.0,1.0,0.0,1.0,0.0,17,1,5,41.8870876819,-87.7649572507,POINT (-87.764957250728 41.887087681902)
2065809,3702e970051afafce2fb069d773fc064c075461620f6ab044f73777f2555937852d68af14aebfd4fc167823095084122e69051509c450b782d02b181d02c3a0f,2025-05-18T17:30:00.000,2,NON-MOTOR VEHICLE,,,,,,,,,,,,,,,,,,,,,,,,,,,,,,,,,,,,,,,,,,,,,,,,,,,,,,,,,,2025-05-18T17:30:00.000,30,NO CONTROLS,NO CONTROLS,CLEAR,DAYLIGHT,OTHER OBJECT,PARKING LOT,STRAIGHT AND LEVEL,DRY,NO DEFECTS,ON SCENE,INJURY AND / OR TOW DUE TO CRASH,,,Y,"OVER $1,500",2025-05-18T17:35:00.000,IMPROPER BACKING,NOT APPLICABLE,345,N,CENTRAL AVE,1523,,,,,,,2,NONINCAPACITATING INJURY,1.0,0.0,0.0,1.0,0.0,1.0,0.0,17,1,5,41.8870876819,-87.7649572507,POINT (-87.764957250728 41.887087681902)
2065779,fd3be0f877b9e15dbc36eaba79f27925caec9255b9cc8cfadc49f8c6178d41d6bb4045189313487d9338a40595a550823e02e9bca029804cea50d0f55cb1cf7b,2025-05-18T17:23:00.000,1,DRIVER,,1969223.0,,JEEP,CHEROKEE,IL,2016.0,UNKNOWN,PASSENGER,PERSONAL,S,STRAIGHT AHEAD,Y,,1.0,PRIVATE TOW,,,Y,,,,,,,,,,Y,Y,,FRONT,,,,,,,,,,,,,,,,,,,,,,,,,,2025-05-18T17:23:00.000,30,NO CONTROLS,NO CONTROLS,CLEAR,DAYLIGHT,REAR END,NOT DIVIDED,STRAIGHT AND LEVEL,DRY,NO DEFECTS,ON SCENE,INJURY AND / OR TOW DUE TO CRASH,,,,"OVER $1,500",2025-05-18T17:30:00.000,FOLLOWING TOO CLOSELY,NOT APPLICABLE,9400,S,COTTAGE GROVE AVE,633,,,,,,,2,NONINCAPACITATING INJURY,3.0,0.0,0.0,3.0,0.0,0.0,0.0,17,1,5,41.7240672098,-87.604664604,POINT (-87.604664604014 41.724067209811)
2065780,fd3be0f877b9e15dbc36eaba79f27925caec9255b9cc8cfadc49f8c6178d41d6bb4045189313487d9338a40595a550823e02e9bca029804cea50d0f55cb1cf7b,2025-05-18T17:23:00.000,2,DRIVER,1.0,1969227.0,,FORD,FOCUS,IL,2012.0,UNKNOWN,PASSENGER,PERSONAL,S,STRAIGHT AHEAD,,,2.0,,,,,,,,Y,Y,Y,,,,,,,REAR,,,,,,,,,,,,,,,,,,,,,,,,,,2025-05-18T17:23:00.000,30,NO CONTROLS,NO CONTROLS,CLEAR,DAYLIGHT,REAR END,NOT DIVIDED,STRAIGHT AND LEVEL,DRY,NO DEFECTS,ON SCENE,INJURY AND / OR TOW DUE TO CRASH,,,,"OVER $1,500",2025-05-18T17:30:00.000,FOLLOWING TOO CLOSELY,NOT APPLICABLE,9400,S,COTTAGE GROVE AVE,633,,,,,,,2,NONINCAPACITATING INJURY,3.0,0.0,0.0,3.0,0.0,0.0,0.0,17,1,5,41.7240672098,-87.604664604,POINT (-87.604664604014 41.724067209811)
2065771,8df37fff333985a5c1aed8858b9c9b1d6a3431ab9a8983eb2eb544e34e182037b6e6d403f40392527573e92b9c1c8df86ec802a996c6a37ba52f96326c18165e,2025-05-18T17:22:00.000,1,DRIVER,1.0,1969215.0,,JEEP,CHEROKEE,IL,2014.0,NONE,SPORT UTILITY VEHICLE (SUV),PERSONAL,W,STRAIGHT AHEAD,,,2.0,,,,Y,,,,,,,,,,,Y,,FRONT-RIGHT-CORNER,,,,,,,,,,,,,,,,,,,,,,,,,Y,2025-05-18T17:22:00.000,20,TRAFFIC SIGNAL,FUNCTIONING PROPERLY,CLEAR,DAYLIGHT,TURNING,T-INTERSECTION,STRAIGHT AND LEVEL,DRY,NO DEFECTS,ON SCENE,NO INJURY / DRIVE AWAY,Y,,,"OVER $1,500",2025-05-18T17:26:00.000,FAILING TO YIELD RIGHT-OF-WAY,UNABLE TO DETERMINE,4700,W,MARQUETTE RD,833,,,,,,,2,NO INDICATION OF INJURY,0.0,0.0,0.0,0.0,0.0,3.0,0.0,17,1,5,41.7712748211,-87.739676508,POINT (-87.739676508031 41.771274821137)
2065772,8df37fff333985a5c1aed8858b9c9b1d6a3431ab9a8983eb2eb544e34e182037b6e6d403f40392527573e92b9c1c8df86ec802a996c6a37ba52f96326c18165e,2025-05-18T17:22:00.000,2,DRIVER,,1969224.0,,HONDA,CIVIC,IL,2001.0,NONE,PASSENGER,PERSONAL,N,TURNING LEFT,,,1.0,,,,,,,Y,Y,,,,,,,,,REAR-RIGHT-CORNER,,,,,,,,,,,,,,,,,,,,,,,,,Y,2025-05-18T17:22:00.000,20,TRAFFIC SIGNAL,FUNCTIONING PROPERLY,CLEAR,DAYLIGHT,TURNING,T-INTERSECTION,STRAIGHT AND LEVEL,DRY,NO DEFECTS,ON SCENE,NO INJURY / DRIVE AWAY,Y,,,"OVER $1,500",2025-05-18T17:26:00.000,FAILING TO YIELD RIGHT-OF-WAY,UNABLE TO DETERMINE,4700,W,MARQUETTE RD,833,,,,,,,2,NO INDICATION OF INJURY,0.0,0.0,0.0,0.0,0.0,3.0,0.0,17,1,5,41.7712748211,-87.739676508,POINT (-87.739676508031 41.771274821137)
2065743,7a276b6c1a8eeb1624ccbfac792d383db5d5d4b4c04d318df87aaa82e76cd5af6a86c5f34ae19a4b86779da264f9b4f3b8ae8906067ba0c679000d6e5470b756,2025-05-18T17:20:00.000,1,DRIVER,,1969189.0,,JEEP,COMPASS,,,UNKNOWN,UNKNOWN/NA,UNKNOWN/NA,N,STRAIGHT AHEAD,,,1.0,,,,,,,,,,,,,,,,Y,UNKNOWN,,,,,,,,,,,,,,,,,,,,,,,,,,2025-05-18T17:20:00.000,30,TRAFFIC SIGNAL,UNKNOWN,CLEAR,DAYLIGHT,REAR END,NOT DIVIDED,STRAIGHT AND LEVEL,DRY,NO DEFECTS,NOT ON SCENE (DESK REPORT),NO INJURY / DRIVE AWAY,Y,,Y,"$501 - $1,500",2025-05-18T17:49:00.000,NOT APPLICABLE,NOT APPLICABLE,345,N,CENTRAL AVE,1523,,,,,,,2,NO INDICATION OF INJURY,0.0,0.0,0.0,0.0,0.0,3.0,0.0,17,1,5,41.8870876819,-87.7649572507,POINT (-87.764957250728 41.887087681902)
2065744,7a276b6c1a8eeb1624ccbfac792d383db5d5d4b4c04d318df87aaa82e76cd5af6a86c5f34ae19a4b86779da264f9b4f3b8ae8906067ba0c679000d6e5470b756,2025-05-18T17:20:00.000,2,DRIVER,1.0,1969185.0,,KIA,OTHER (EXPLAIN IN NARRATIVE),IL,2025.0,NONE,PASSENGER,PERSONAL,N,STRAIGHT AHEAD,,,2.0,,,,,,,,Y,Y,Y,,,,,,,UNKNOWN,,,,,,,,,,,,,,,,,,,,,,,,,,2025-05-18T17:20:00.000,30,TRAFFIC SIGNAL,UNKNOWN,CLEAR,DAYLIGHT,REAR END,NOT DIVIDED,STRAIGHT AND LEVEL,DRY,NO DEFECTS,NOT ON SCENE (DESK REPORT),NO INJURY / DRIVE AWAY,Y,,Y,"$501 - $1,500",2025-05-18T17:49:00.000,NOT APPLICABLE,NOT APPLICABLE,345,N,CENTRAL AVE,1523,,,,,,,2,NO INDICATION OF INJURY,0.0,0.0,0.0,0.0,0.0,3.0,0.0,17,1,5,41.8870876819,-87.7649572507,POINT (-87.764957250728 41.887087681902)
2066283,8576ef78e0ba50b537b9fc13be92b80ce83e7546a2516ef97a25736202d5908d38b0a42b8cdd12aca187c600afe22530406434e00b9dbcfc32278f671d1406a5,2025-05-18T17:11:00.000,1,DRIVER,1.0,1969703.0,,UNKNOWN,MOTORIZED,IL,,UNKNOWN,UNKNOWN/NA,POLICE,UNKNOWN,TURNING LEFT,,,2.0,,,,,,,,,,,,,,,,Y,UNKNOWN,,,,,,,,,,,,,,,,,,,,,,,,,,2025-05-18T17:11:00.000,30,UNKNOWN,UNKNOWN,RAIN,DAYLIGHT,TURNING,NOT DIVIDED,STRAIGHT AND LEVEL,UNKNOWN,UNKNOWN,NOT ON SCENE (DESK REPORT),INJURY AND / OR TOW DUE TO CRASH,,,,"$501 - $1,500",2025-05-19T13:29:00.000,UNABLE TO DETERMINE,UNABLE TO DETERMINE,9901,S,LAFAYETTE AVE,511,,,,,,,2,NONINCAPACITATING INJURY,1.0,0.0,0.0,1.0,0.0,2.0,0.0,17,1,5,41.7143391978,-87.6247303233,POINT (-87.6247303233 41.714339197781)
2066284,8576ef78e0ba50b537b9fc13be92b80ce83e7546a2516ef97a25736202d5908d38b0a42b8cdd12aca187c600afe22530406434e00b9dbcfc32278f671d1406a5,2025-05-18T17:11:00.000,2,DRIVER,,1969745.0,,UNKNOWN,MOTORIZED,IL,,UNKNOWN,OTHER,PERSONAL,N,STRAIGHT AHEAD,,,1.0,,,,Y,Y,Y,,,,,,,,,,,SIDE-RIGHT,,,,,,,,,,,,,,,,,,,,,,,,,,2025-05-18T17:11:00.000,30,UNKNOWN,UNKNOWN,RAIN,DAYLIGHT,TURNING,NOT DIVIDED,STRAIGHT AND LEVEL,UNKNOWN,UNKNOWN,NOT ON SCENE (DESK REPORT),INJURY AND / OR TOW DUE TO CRASH,,,,"$501 - $1,500",2025-05-19T13:29:00.000,UNABLE TO DETERMINE,UNABLE TO DETERMINE,9901,S,LAFAYETTE AVE,511,,,,,,,2,NONINCAPACITATING INJURY,1.0,0.0,0.0,1.0,0.0,2.0,0.0,17,1,5,41.7143391978,-87.6247303233,POINT (-87.6247303233 41.714339197781)
2065758,c584bf095e20e8a146bf6784df96cf949dd5a82b1db583159aa6fa288b1af7f04a4960cc674457b6f0c2b34a003abf9fed4b38b893b9310440e838a393d4abc2,2025-05-18T17:11:00.000,1,DRIVER,,1969200.0,,HONDA,HR-V,IL,2024.0,UNKNOWN,SPORT UTILITY VEHICLE (SUV),PERSONAL,UNKNOWN,STRAIGHT AHEAD,,,1.0,,,,,,,,,,Y,Y,,,,,,REAR-LEFT-CORNER,,,,,,,,,,,,,,,,,,,,,,,,,,2025-05-18T17:11:00.000,30,UNKNOWN,UNKNOWN,CLEAR,DAYLIGHT,SIDESWIPE SAME DIRECTION,NOT DIVIDED,STRAIGHT AND LEVEL,UNKNOWN,UNKNOWN,NOT ON SCENE (DESK REPORT),NO INJURY / DRIVE AWAY,,,,"OVER $1,500",2025-05-18T18:10:00.000,UNABLE TO DETERMINE,UNABLE TO DETERMINE,425,N,DEARBORN ST,1831,,,,,,,2,NO INDICATION OF INJURY,0.0,0.0,0.0,0.0,0.0,2.0,0.0,17,1,5,41.8900021618,-87.6294588014,POINT (-87.629458801354 41.890002161811)
2065759,c584bf095e20e8a146bf6784df96cf949dd5a82b1db583159aa6fa288b1af7f04a4960cc674457b6f0c2b34a003abf9fed4b38b893b9310440e838a393d4abc2,2025-05-18T17:11:00.000,2,DRIVER,,1969201.0,,BMW,535 SERIES,IL,2013.0,UNKNOWN,PASSENGER,PERSONAL,UNKNOWN,STRAIGHT AHEAD,,,1.0,,,,Y,Y,,,,,,,,,,,,FRONT-RIGHT-CORNER,,,,,,,,,,,,,,,,,,,,,,,,,,2025-05-18T17:11:00.000,30,UNKNOWN,UNKNOWN,CLEAR,DAYLIGHT,SIDESWIPE SAME DIRECTION,NOT DIVIDED,STRAIGHT AND LEVEL,UNKNOWN,UNKNOWN,NOT ON SCENE (DESK REPORT),NO INJURY / DRIVE AWAY,,,,"OVER $1,500",2025-05-18T18:10:00.000,UNABLE TO DETERMINE,UNABLE TO DETERMINE,425,N,DEARBORN ST,1831,,,,,,,2,NO INDICATION OF INJURY,0.0,0.0,0.0,0.0,0.0,2.0,0.0,17,1,5,41.8900021618,-87.6294588014,POINT (-87.629458801354 41.890002161811)
2065754,c4f77e7df9b907d549f4930db34a4574615536dde851810865ec74142a2db86f4341e068b0a75b394bd53a3adb2ac5035b59a0759e8c50acbfd7236ffdfbc659,2025-05-18T17:06:00.000,1,DRIVER,,1969194.0,,BMW,X5,IL,2008.0,NONE,SPORT UTILITY VEHICLE (SUV),PERSONAL,W,TURNING RIGHT,,,1.0,,,,,,,,,,,,,Y,Y,Y,,FRONT-LEFT-CORNER,,,,,,,,,,,,,,,,,,,,,,,,,,2025-05-18T17:06:00.000,30,TRAFFIC SIGNAL,FUNCTIONING PROPERLY,CLEAR,DAYLIGHT,TURNING,NOT DIVIDED,STRAIGHT AND LEVEL,DRY,NO DEFECTS,ON SCENE,NO INJURY / DRIVE AWAY,Y,,,"OVER $1,500",2025-05-18T17:06:00.000,IMPROPER LANE USAGE,DRIVING SKILLS/KNOWLEDGE/EXPERIENCE,5900,S,WESTERN AVE,824,,,,,,,2,NO INDICATION OF INJURY,0.0,0.0,0.0,0.0,0.0,3.0,0.0,17,1,5,41.7864371748,-87.6839752465,POINT (-87.683975246481 41.786437174774)
2065755,c4f77e7df9b907d549f4930db34a4574615536dde851810865ec74142a2db86f4341e068b0a75b394bd53a3adb2ac5035b59a0759e8c50acbfd7236ffdfbc659,2025-05-18T17:06:00.000,2,DRIVER,1.0,1969197.0,,CHEVROLET,CRUZE,IN,2014.0,NONE,PASSENGER,PERSONAL,S,SLOW/STOP IN TRAFFIC,,,2.0,,,,,,,,,,,,,Y,Y,Y,,FRONT-LEFT-CORNER,,,,,,,,,,,,,,,,,,,,,,,,,,2025-05-18T17:06:00.000,30,TRAFFIC SIGNAL,FUNCTIONING PROPERLY,CLEAR,DAYLIGHT,TURNING,NOT DIVIDED,STRAIGHT AND LEVEL,DRY,NO DEFECTS,ON SCENE,NO INJURY / DRIVE AWAY,Y,,,"OVER $1,500",2025-05-18T17:06:00.000,IMPROPER LANE USAGE,DRIVING SKILLS/KNOWLEDGE/EXPERIENCE,5900,S,WESTERN AVE,824,,,,,,,2,NO INDICATION OF INJURY,0.0,0.0,0.0,0.0,0.0,3.0,0.0,17,1,5,41.7864371748,-87.6839752465,POINT (-87.683975246481 41.786437174774)
2065792,3056eac7320be032f747a1e0dc0bd639e948e28bea75ca62a02a38cfcd618ba01405891d80588eb4ffb9e37f5e1ebd22ccbfaadac29265bae87450c9dfa75f65,2025-05-18T17:00:00.000,1,DRIVER,1.0,1969228.0,,DODGE,OTHER (EXPLAIN IN NARRATIVE),IL,2005.0,UNKNOWN,PASSENGER,PERSONAL,S,STRAIGHT AHEAD,,,2.0,,,N,Y,Y,,,,,,,,Y,Y,Y,,FRONT,,,,,,,,,,,,,,,,,,,,,,,,,Y,2025-05-18T17:00:00.000,20,TRAFFIC SIGNAL,FUNCTIONING PROPERLY,CLEAR,DAYLIGHT,ANGLE,NOT DIVIDED,STRAIGHT AND LEVEL,DRY,NO DEFECTS,ON SCENE,INJURY AND / OR TOW DUE TO CRASH,Y,,,"OVER $1,500",2025-05-18T17:18:00.000,UNABLE TO DETERMINE,DISREGARDING OTHER TRAFFIC SIGNS,801,E,83RD ST,632,,,,,,,2,NONINCAPACITATING INJURY,1.0,0.0,0.0,1.0,0.0,2.0,0.0,17,1,5,41.743860854,-87.6049683995,POINT (-87.604968399527 41.743860854042)
2065793,3056eac7320be032f747a1e0dc0bd639e948e28bea75ca62a02a38cfcd618ba01405891d80588eb4ffb9e37f5e1ebd22ccbfaadac29265bae87450c9dfa75f65,2025-05-18T17:00:00.000,2,DRIVER,,1969236.0,,HYUNDAI,OTHER (EXPLAIN IN NARRATIVE),IL,2025.0,NONE,PASSENGER,PERSONAL,W,STRAIGHT AHEAD,Y,,1.0,INSURANCE,UNK,,Y,Y,,,,,,,,Y,Y,Y,,FRONT-RIGHT-CORNER,,,,,,,,,,,,,,,,,,,,,,,,,Y,2025-05-18T17:00:00.000,20,TRAFFIC SIGNAL,FUNCTIONING PROPERLY,CLEAR,DAYLIGHT,ANGLE,NOT DIVIDED,STRAIGHT AND LEVEL,DRY,NO DEFECTS,ON SCENE,INJURY AND / OR TOW DUE TO CRASH,Y,,,"OVER $1,500",2025-05-18T17:18:00.000,UNABLE TO DETERMINE,DISREGARDING OTHER TRAFFIC SIGNS,801,E,83RD ST,632,,,,,,,2,NONINCAPACITATING INJURY,1.0,0.0,0.0,1.0,0.0,2.0,0.0,17,1,5,41.743860854,-87.6049683995,POINT (-87.604968399527 41.743860854042)
2065781,92712035c6410469b1b1e808cd410e27ca2a536711644583d94734bc51e191e999f7f500d4929e56f402c4f35423dfbfd028005954eec8c9206d54e158c7cc57,2025-05-18T16:57:00.000,1,DRIVER,,1969216.0,,MAZDA,CX-7,IL,2014.0,NONE,PASSENGER,PERSONAL,E,STRAIGHT AHEAD,,,1.0,,,,,,,,,,,,,,,,,FRONT,,,,,,,,,,,,,,,,,,,,,,,,,Y,2025-05-18T16:57:00.000,30,TRAFFIC SIGNAL,FUNCTIONING PROPERLY,CLEAR,DAYLIGHT,REAR END,NOT DIVIDED,STRAIGHT AND LEVEL,DRY,NO DEFECTS,NOT ON SCENE (DESK REPORT),NO INJURY / DRIVE AWAY,Y,,,"OVER $1,500",2025-05-18T18:10:00.000,DRIVING SKILLS/KNOWLEDGE/EXPERIENCE,FOLLOWING TOO CLOSELY,200,E,ILLINOIS ST,1834,,,,,,,2,NO INDICATION OF INJURY,0.0,0.0,0.0,0.0,0.0,2.0,0.0,16,1,5,41.8910698573,-87.6226193997,POINT (-87.622619399716 41.891069857341)
2065782,92712035c6410469b1b1e808cd410e27ca2a536711644583d94734bc51e191e999f7f500d4929e56f402c4f35423dfbfd028005954eec8c9206d54e158c7cc57,2025-05-18T16:57:00.000,2,DRIVER,,1969219.0,,TOYOTA,RAV4,IL,2024.0,NONE,PASSENGER,PERSONAL,E,STRAIGHT AHEAD,,,1.0,,,,,,,,,,,,,,,,,REAR,,,,,,,,,,,,,,,,,,,,,,,,,Y,2025-05-18T16:57:00.000,30,TRAFFIC SIGNAL,FUNCTIONING PROPERLY,CLEAR,DAYLIGHT,REAR END,NOT DIVIDED,STRAIGHT AND LEVEL,DRY,NO DEFECTS,NOT ON SCENE (DESK REPORT),NO INJURY / DRIVE AWAY,Y,,,"OVER $1,500",2025-05-18T18:10:00.000,DRIVING SKILLS/KNOWLEDGE/EXPERIENCE,FOLLOWING TOO CLOSELY,200,E,ILLINOIS ST,1834,,,,,,,2,NO INDICATION OF INJURY,0.0,0.0,0.0,0.0,0.0,2.0,0.0,16,1,5,41.8910698573,-87.6226193997,POINT (-87.622619399716 41.891069857341)
2065748,b6d93a7301dca362baca907adf0e1100ec0caf9688111d8d974b1cfaee9e36fb5366fef4234d325ce6004633e51fd876378dd9be5def2b2bbd432a6e336fe1f7,2025-05-18T16:54:00.000,1,DRIVER,,1969196.0,,CHEVROLET,EQUINOX,IL,2012.0,UNKNOWN,PASSENGER,PERSONAL,E,TURNING LEFT,,,1.0,,,,,,,,,,,,Y,Y,Y,,,FRONT-LEFT-CORNER,,,,,,,,,,,,,,,,,,,,,,,,,,2025-05-18T16:54:00.000,30,TRAFFIC SIGNAL,FUNCTIONING PROPERLY,CLEAR,DAYLIGHT,TURNING,DIVIDED - W/MEDIAN BARRIER,STRAIGHT AND LEVEL,DRY,NO DEFECTS,ON SCENE,INJURY AND / OR TOW DUE TO CRASH,Y,,,"OVER $1,500",2025-05-18T17:10:00.000,UNABLE TO DETERMINE,UNABLE TO DETERMINE,5500,S,PRINCETON AVE,711,,,,,,,2,NO INDICATION OF INJURY,0.0,0.0,0.0,0.0,0.0,2.0,0.0,16,1,5,41.7940818811,-87.6331347033,POINT (-87.633134703265 41.794081881074)
2065749,b6d93a7301dca362baca907adf0e1100ec0caf9688111d8d974b1cfaee9e36fb5366fef4234d325ce6004633e51fd876378dd9be5def2b2bbd432a6e336fe1f7,2025-05-18T16:54:00.000,2,DRIVER,,1969205.0,,CHEVROLET,EQUINOX,IL,2018.0,NONE,PASSENGER,PERSONAL,E,TURNING LEFT,Y,,1.0,,,,Y,Y,Y,,,,,,,,,,,FRONT-RIGHT-CORNER,,,,,,,,,,,,,,,,,,,,,,,,,,2025-05-18T16:54:00.000,30,TRAFFIC SIGNAL,FUNCTIONING PROPERLY,CLEAR,DAYLIGHT,TURNING,DIVIDED - W/MEDIAN BARRIER,STRAIGHT AND LEVEL,DRY,NO DEFECTS,ON SCENE,INJURY AND / OR TOW DUE TO CRASH,Y,,,"OVER $1,500",2025-05-18T17:10:00.000,UNABLE TO DETERMINE,UNABLE TO DETERMINE,5500,S,PRINCETON AVE,711,,,,,,,2,NO INDICATION OF INJURY,0.0,0.0,0.0,0.0,0.0,2.0,0.0,16,1,5,41.7940818811,-87.6331347033,POINT (-87.633134703265 41.794081881074)
2065810,69011ded88e6d4ea17351376def66b5302f0c7d8a0b5eddc6bddfd57985d74592fb341dae3dec492f26558074f64a44b4fcd77375faccf05f850869a889257f3,2025-05-18T16:48:00.000,1,DRIVER,,1969253.0,,KIA,OPTIMA / K5,IL,2021.0,UNKNOWN,PASSENGER,OTHER,E,STRAIGHT AHEAD,Y,,1.0,city of chicago,10300 s doty ave,,,,Y,Y,Y,,,,,,,,Y,UNKNOWN,,,,,,,,,,,,,,,,,,,,,,,,,,2025-05-18T16:48:00.000,30,TRAFFIC SIGNAL,FUNCTIONING PROPERLY,CLEAR,DAYLIGHT,PEDESTRIAN,NOT DIVIDED,STRAIGHT AND LEVEL,DRY,NO DEFECTS,ON SCENE,INJURY AND / OR TOW DUE TO CRASH,,,,"OVER $1,500",2025-05-18T16:49:00.000,UNABLE TO DETERMINE,UNABLE TO DETERMINE,6600,S,COTTAGE GROVE AVE,321,,,,,,,2,NONINCAPACITATING INJURY,1.0,0.0,0.0,1.0,0.0,1.0,0.0,16,1,5,41.7748670018,-87.6059532761,POINT (-87.605953276101 41.774867001838)
2065811,69011ded88e6d4ea17351376def66b5302f0c7d8a0b5eddc6bddfd57985d74592fb341dae3dec492f26558074f64a44b4fcd77375faccf05f850869a889257f3,2025-05-18T16:48:00.000,2,PEDESTRIAN,,,,,,,,,,,,,,,,,,,,,,,,,,,,,,,,,,,,,,,,,,,,,,,,,,,,,,,,,,2025-05-18T16:48:00.000,30,TRAFFIC SIGNAL,FUNCTIONING PROPERLY,CLEAR,DAYLIGHT,PEDESTRIAN,NOT DIVIDED,STRAIGHT AND LEVEL,DRY,NO DEFECTS,ON SCENE,INJURY AND / OR TOW DUE TO CRASH,,,,"OVER $1,500",2025-05-18T16:49:00.000,UNABLE TO DETERMINE,UNABLE TO DETERMINE,6600,S,COTTAGE GROVE AVE,321,,,,,,,2,NONINCAPACITATING INJURY,1.0,0.0,0.0,1.0,0.0,1.0,0.0,16,1,5,41.7748670018,-87.6059532761,POINT (-87.605953276101 41.774867001838)