crash_unit_id,crash_record_id,crash_date_left,unit_no,unit_type,num_passengers,vehicle_id,cmrc_veh_i,make,model,lic_plate_state,vehicle_year,vehicle_defect,vehicle_type,vehicle_use,travel_direction,maneuver,towed_i,fire_i,occupant_cnt,towed_by,towed_to,area_00_i,area_01_i,area_02_i,area_03_i,area_04_i,area_05_i,area_06_i,area_07_i,area_08_i,area_09_i,area_10_i,area_11_i,area_12_i,area_99_i,first_contact_point,cmv_id,usdot_no,commercial_src,gvwr,carrier_name,carrier_state,carrier_city,hazmat_placards_i,hazmat_present_i,hazmat_report_i,mcs_report_i,hazmat_vio_cause_crash_i,mcs_vio_cause_crash_i,idot_permit_no,trailer1_width,trailer2_width,trailer1_length,axle_cnt,vehicle_config,cargo_body_type,load_type,hazmat_out_of_service_i,mcs_out_of_service_i,hazmat_class,crash_date_est_i,crash_date_right,posted_speed_limit,traffic_control_device,device_condition,weather_condition,lighting_condition,first_crash_type,trafficway_type,alignment,roadway_surface_cond,road_defect,report_type,crash_type,intersection_related_i,private_property_i,hit_and_run_i,damage,date_police_notified,prim_contributory_cause,sec_contributory_cause,street_no,street_direction,street_name,beat_of_occurrence,photos_taken_i,statements_taken_i,dooring_i,work_zone_i,work_zone_type,workers_present_i,num_units,most_severe_injury,injuries_total,injuries_fatal,injuries_incapacitating,injuries_non_incapacitating,injuries_reported_not_evident,injuries_no_indication,injuries_unknown,crash_hour,crash_day_of_week,crash_month,latitude,longitude,location
2065750,21ba7a8d6e779b8c909836b1a274d883703d2cd360b9e1977245b9ece4470c326917a53699704480236743ff39a2e94271772fc0d38a8ac483df51289d09c5c2,2025-05-18T16:45:00.000,1,DRIVER,1.0,1969191.0,,PONTIAC,VIBE,IL,2009.0,NONE,SPORT UTILITY VEHICLE (SUV),PERSONAL,N,STRAIGHT AHEAD,,,2.0,,,,Y,,,,,,,,,,Y,Y,,FRONT,,,,,,,,,,,,,,,,,,,,,,,,,,2025-05-18T16:45:00.000,30,STOP SIGN/FLASHER,FUNCTIONING PROPERLY,CLEAR,DAYLIGHT,ANGLE,FOUR WAY,STRAIGHT AND LEVEL,DRY,NO DEFECTS,ON SCENE,INJURY AND / OR TOW DUE TO CRASH,Y,,,"OVER $1,500",2025-05-18T16:49:00.000,DISREGARDING STOP SIGN,NOT APPLICABLE,2700,S,KEDZIE AVE,1032,,,,,,,2,NO INDICATION OF INJURY,0.0,0.0,0.0,0.0,0.0,3.0,0.0,16,1,5,41.8426025264,-87.7051278107,POINT (-87.705127810739 41.842602526365)
2065751,21ba7a8d6e779b8c909836b1a274d883703d2cd360b9e1977245b9ece4470c326917a53699704480236743ff39a2e94271772fc0d38a8ac483df51289d09c5c2,2025-05-18T16:45:00.000,2,DRIVER,,1969195.0,,DODGE,CHALLENGER,IL,2016.0,NONE,PASSENGER,PERSONAL,E,STRAIGHT AHEAD,Y,,1.0,OWNER,,,Y,Y,Y,Y,N,,,,,,,,,SIDE-RIGHT,,,,,,,,,,,,,,,,,,,,,,,,,,2025-05-18T16:45:00.000,30,STOP SIGN/FLASHER,FUNCTIONING PROPERLY,CLEAR,DAYLIGHT,ANGLE,FOUR WAY,STRAIGHT AND LEVEL,DRY,NO DEFECTS,ON SCENE,INJURY AND / OR TOW DUE TO CRASH,Y,,,"OVER $1,500",2025-05-18T16:49:00.000,DISREGARDING STOP SIGN,NOT APPLICABLE,2700,S,KEDZIE AVE,1032,,,,,,,2,NO INDICATION OF INJURY,0.0,0.0,0.0,0.0,0.0,3.0,0.0,16,1,5,41.8426025264,-87.7051278107,POINT (-87.705127810739 41.842602526365)
2065732,6c3635e6209d9fee06444b4733241092f5df453bab451ecd94ab0eb97ca826df5861bb5f9faca59464b22205f29b455419544da80cb9a6f845d3ab9fd7db8306,2025-05-18T16:43:00.000,1,DRIVER,,1969184.0,,BUICK,OTHER (EXPLAIN IN NARRATIVE),IL,2013.0,NONE,PASSENGER,UNKNOWN/NA,E,STRAIGHT AHEAD,,,1.0,,,,Y,Y,,,,,,,,Y,Y,Y,,FRONT,,,,,,,,,,,,,,,,,,,,,,,,,,2025-05-18T16:43:00.000,30,NO CONTROLS,NO CONTROLS,CLEAR,DAYLIGHT,REAR END,NOT DIVIDED,STRAIGHT AND LEVEL,DRY,NO DEFECTS,NOT ON SCENE (DESK REPORT),NO INJURY / DRIVE AWAY,,,,"OVER $1,500",2025-05-18T17:15:00.000,FOLLOWING TOO CLOSELY,NOT APPLICABLE,200,E,71ST ST,322,,,,,,,2,NO INDICATION OF INJURY,0.0,0.0,0.0,0.0,0.0,2.0,0.0,16,1,5,41.7657235563,-87.6200202371,POINT (-87.62002023706 41.765723556348)
2065733,6c3635e6209d9fee06444b4733241092f5df453bab451ecd94ab0eb97ca826df5861bb5f9faca59464b22205f29b455419544da80cb9a6f845d3ab9fd7db8306,2025-05-18T16:43:00.000,2,DRIVER,,1969174.0,,HYUNDAI,ELANTRA,IL,2017.0,NONE,PASSENGER,PERSONAL,E,SLOW/STOP IN TRAFFIC,,,1.0,,,,,,,,Y,Y,Y,,,,,,,REAR,,,,,,,,,,,,,,,,,,,,,,,,,,2025-05-18T16:43:00.000,30,NO CONTROLS,NO CONTROLS,CLEAR,DAYLIGHT,REAR END,NOT DIVIDED,STRAIGHT AND LEVEL,DRY,NO DEFECTS,NOT ON SCENE (DESK REPORT),NO INJURY / DRIVE AWAY,,,,"OVER $1,500",2025-05-18T17:15:00.000,FOLLOWING TOO CLOSELY,NOT APPLICABLE,200,E,71ST ST,322,,,,,,,2,NO INDICATION OF INJURY,0.0,0.0,0.0,0.0,0.0,2.0,0.0,16,1,5,41.7657235563,-87.6200202371,POINT (-87.62002023706 41.765723556348)
2065726,0dd3322bb8d901ed0eea64a4bf806b2f884ccc2b001e9e658fa58ee380511cb55fdecf5f08f578b1a591f88c9aff2f99343283bc5e749a2c651807e4a1609077,2025-05-18T16:30:00.000,1,DRIVER,1.0,1969170.0,,KIA,SORENTO,IN,2014.0,UNKNOWN,PASSENGER,PERSONAL,N,CHANGING LANES,Y,,2.0,ORD DOA TOW TRUCK,11 N. BESSIE COLEMAN DR,,Y,Y,,,,,,,,Y,Y,Y,,FRONT,,,,,,,,,,,,,,,,,,,,,,,,,,2025-05-18T16:30:00.000,45,NO CONTROLS,NO CONTROLS,CLEAR,DAYLIGHT,FIXED OBJECT,RAMP,STRAIGHT AND LEVEL,DRY,SHOULDER DEFECT,ON SCENE,INJURY AND / OR TOW DUE TO CRASH,,,,"OVER $1,500",2025-05-18T16:31:00.000,IMPROPER LANE USAGE,NOT APPLICABLE,5599,N,MANNHEIM RD,1654,,,,,,,1,NO INDICATION OF INJURY,0.0,0.0,0.0,0.0,0.0,2.0,0.0,16,1,5,41.9808559332,-87.8786426245,POINT (-87.878642624466 41.980855933167)
2065745,10129a67ce1b6449cf30df51eb95cabd3f1257dd29a029a4fb5ba3392652cb14e38dfb9034b73e9747f6aa45fd3f9b1fa2047450d6614614b0e1e5a026d1cca9,2025-05-18T16:30:00.000,1,DRIVER,,1969204.0,,INFINITI,EX35,IL,2010.0,UNKNOWN,PASSENGER,PERSONAL,UNKNOWN,STRAIGHT AHEAD,,,1.0,,,,Y,,,,Y,Y,Y,Y,Y,Y,Y,Y,,FRONT,,,,,,,,,,,,,,,,,,,,,,,,,,2025-05-18T16:30:00.000,15,NO CONTROLS,NO CONTROLS,CLEAR,DAYLIGHT,FIXED OBJECT,OTHER,STRAIGHT AND LEVEL,DRY,NO DEFECTS,ON SCENE,NO INJURY / DRIVE AWAY,,,,"OVER $1,500",2025-05-18T16:48:00.000,DRIVING SKILLS/KNOWLEDGE/EXPERIENCE,NOT APPLICABLE,9858,S,UNIVERSITY AVE,511,,,,,,,1,NO INDICATION OF INJURY,0.0,0.0,0.0,0.0,0.0,1.0,0.0,16,1,5,41.7151240373,-87.5959176602,POINT (-87.595917660244 41.715124037321)
2066462,aec75e8adf026c076c081c014de931b3173170ec302c66a24be9a3b3234467a407ad739336b8986a87d8ed67bcb5d62bc795dfbe20e71a5c7b183a7a35502786,2025-05-18T16:30:00.000,1,DRIVER,,1969879.0,,MITSUBISHI,OUTLANDER,IL,2022.0,UNKNOWN,SPORT UTILITY VEHICLE (SUV),UNKNOWN/NA,E,CHANGING LANES,,,1.0,,,,,,,,,,,,,Y,Y,,,FRONT-LEFT-CORNER,,,,,,,,,,,,,,,,,,,,,,,,,,2025-05-18T16:30:00.000,30,NO CONTROLS,NO CONTROLS,UNKNOWN,DAYLIGHT,SIDESWIPE SAME DIRECTION,DIVIDED - W/MEDIAN BARRIER,"CURVE, LEVEL",DRY,UNKNOWN,NOT ON SCENE (DESK REPORT),NO INJURY / DRIVE AWAY,,,,"OVER $1,500",2025-05-19T18:20:00.000,IMPROPER LANE USAGE,FAILING TO REDUCE SPEED TO AVOID CRASH,61,W,LA SALLE DR,1814,,,,,,,2,NO INDICATION OF INJURY,0.0,0.0,0.0,0.0,0.0,2.0,0.0,16,1,5,41.9132446928,-87.6313743997,POINT (-87.631374399663 41.913244692809)
2066463,aec75e8adf026c076c081c014de931b3173170ec302c66a24be9a3b3234467a407ad739336b8986a87d8ed67bcb5d62bc795dfbe20e71a5c7b183a7a35502786,2025-05-18T16:30:00.000,2,DRIVER,,1969885.0,,ACURA,ZDX,IL,2022.0,NONE,SPORT UTILITY VEHICLE (SUV),PERSONAL,E,STRAIGHT AHEAD,,,1.0,,,,Y,Y,,,,,,,,,,,,FRONT-RIGHT-CORNER,,,,,,,,,,,,,,,,,,,,,,,,,,2025-05-18T16:30:00.000,30,NO CONTROLS,NO CONTROLS,UNKNOWN,DAYLIGHT,SIDESWIPE SAME DIRECTION,DIVIDED - W/MEDIAN BARRIER,"CURVE, LEVEL",DRY,UNKNOWN,NOT ON SCENE (DESK REPORT),NO INJURY / DRIVE AWAY,,,,"OVER $1,500",2025-05-19T18:20:00.000,IMPROPER LANE USAGE,FAILING TO REDUCE SPEED TO AVOID CRASH,61,W,LA SALLE DR,1814,,,,,,,2,NO INDICATION OF INJURY,0.0,0.0,0.0,0.0,0.0,2.0,0.0,16,1,5,41.9132446928,-87.6313743997,POINT (-87.631374399663 41.913244692809)
2065777,13992cfa0006933f5c561248f169e4e231a538ba7d514cb400df331a81d4f58b7895f72ae4fc5f1c719634641ca828b2808af8e4ba4426677fe0512477dadada,2025-05-18T16:27:00.000,1,DRIVER,,1969221.0,,NISSAN,MAXIMA,IL,2017.0,UNKNOWN,PASSENGER,UNKNOWN/NA,N,STRAIGHT AHEAD,,,1.0,,,,,,,,,,Y,Y,Y,Y,Y,,,SIDE-LEFT,,,,,,,,,,,,,,,,,,,,,,,,,,2025-05-18T16:27:00.000,30,TRAFFIC SIGNAL,UNKNOWN,CLEAR,DAYLIGHT,ANGLE,FOUR WAY,STRAIGHT AND LEVEL,DRY,NO DEFECTS,ON SCENE,INJURY AND / OR TOW DUE TO CRASH,,,,"OVER $1,500",2025-05-18T16:37:00.000,UNABLE TO DETERMINE,UNABLE TO DETERMINE,6298,S,ST LAWRENCE AVE,313,,,,,,,2,NONINCAPACITATING INJURY,2.0,0.0,0.0,2.0,0.0,0.0,0.0,16,1,5,41.7804141852,-87.6109508498,POINT (-87.61095084978 41.780414185206)
2065778,13992cfa0006933f5c561248f169e4e231a538ba7d514cb400df331a81d4f58b7895f72ae4fc5f1c719634641ca828b2808af8e4ba4426677fe0512477dadada,2025-05-18T16:27:00.000,2,DRIVER,,1969235.0,,MITSUBISHI,OTHER (EXPLAIN IN NARRATIVE),IL,2015.0,UNKNOWN,TRUCK - SINGLE UNIT,UNKNOWN/NA,E,STRAIGHT AHEAD,,,1.0,,,,,,,,,,,,,,N,Y,,FRONT,,,,,,,,,,,,,,,,,,,,,,,,,,2025-05-18T16:27:00.000,30,TRAFFIC SIGNAL,UNKNOWN,CLEAR,DAYLIGHT,ANGLE,FOUR WAY,STRAIGHT AND LEVEL,DRY,NO DEFECTS,ON SCENE,INJURY AND / OR TOW DUE TO CRASH,,,,"OVER $1,500",2025-05-18T16:37:00.000,UNABLE TO DETERMINE,UNABLE TO DETERMINE,6298,S,ST LAWRENCE AVE,313,,,,,,,2,NONINCAPACITATING INJURY,2.0,0.0,0.0,2.0,0.0,0.0,0.0,16,1,5,41.7804141852,-87.6109508498,POINT (-87.61095084978 41.780414185206)
2065738,f9fe6416f5b1b14800c6a2923ba6562d38644e8116efac002bba0e309cad2267d579418190323c7fb87332952ef08b3c4ebed548782a8d3bc0b1957accda26fe,2025-05-18T16:14:00.000,1,DRIVER,,1969177.0,,HYUNDAI,OTHER (EXPLAIN IN NARRATIVE),IL,2010.0,NONE,PASSENGER,PERSONAL,W,OTHER,,,1.0,,,,,,,,,,,,,,,,,FRONT-LEFT-CORNER,,,,,,,,,,,,,,,,,,,,,,,,,,2025-05-18T16:14:00.000,30,NO CONTROLS,NO CONTROLS,CLEAR,DAYLIGHT,SIDESWIPE SAME DIRECTION,ONE-WAY,STRAIGHT AND LEVEL,DRY,NO DEFECTS,ON SCENE,NO INJURY / DRIVE AWAY,,,,"OVER $1,500",2025-05-18T16:53:00.000,UNABLE TO DETERMINE,NOT APPLICABLE,1953,W,MELROSE ST,1922,,,,,,,3,NO INDICATION OF INJURY,0.0,0.0,0.0,0.0,0.0,5.0,0.0,16,1,5,41.9403801901,-87.6780315397,POINT (-87.678031539679 41.940380190118)
2065739,f9fe6416f5b1b14800c6a2923ba6562d38644e8116efac002bba0e309cad2267d579418190323c7fb87332952ef08b3c4ebed548782a8d3bc0b1957accda26fe,2025-05-18T16:14:00.000,2,DRIVER,3.0,1969181.0,,VOLVO,XC60,IL,2016.0,NONE,PASSENGER,PERSONAL,W,STRAIGHT AHEAD,,,4.0,,,,Y,Y,,,,,,,,,,,,FRONT-RIGHT-CORNER,,,,,,,,,,,,,,,,,,,,,,,,,,2025-05-18T16:14:00.000,30,NO CONTROLS,NO CONTROLS,CLEAR,DAYLIGHT,SIDESWIPE SAME DIRECTION,ONE-WAY,STRAIGHT AND LEVEL,DRY,NO DEFECTS,ON SCENE,NO INJURY / DRIVE AWAY,,,,"OVER $1,500",2025-05-18T16:53:00.000,UNABLE TO DETERMINE,NOT APPLICABLE,1953,W,MELROSE ST,1922,,,,,,,3,NO INDICATION OF INJURY,0.0,0.0,0.0,0.0,0.0,5.0,0.0,16,1,5,41.9403801901,-87.6780315397,POINT (-87.678031539679 41.940380190118)
2065740,f9fe6416f5b1b14800c6a2923ba6562d38644e8116efac002bba0e309cad2267d579418190323c7fb87332952ef08b3c4ebed548782a8d3bc0b1957accda26fe,2025-05-18T16:14:00.000,3,PARKED,,1969187.0,,SUBARU,CROSSTREK,IL,2024.0,NONE,PASSENGER,NOT IN USE,W,PARKED,,,0.0,,,,,,,,,,Y,,,,,,,REAR-LEFT-CORNER,,,,,,,,,,,,,,,,,,,,,,,,,,2025-05-18T16:14:00.000,30,NO CONTROLS,NO CONTROLS,CLEAR,DAYLIGHT,SIDESWIPE SAME DIRECTION,ONE-WAY,STRAIGHT AND LEVEL,DRY,NO DEFECTS,ON SCENE,NO INJURY / DRIVE AWAY,,,,"OVER $1,500",2025-05-18T16:53:00.000,UNABLE TO DETERMINE,NOT APPLICABLE,1953,W,MELROSE ST,1922,,,,,,,3,NO INDICATION OF INJURY,0.0,0.0,0.0,0.0,0.0,5.0,0.0,16,1,5,41.9403801901,-87.6780315397,POINT (-87.678031539679 41.940380190118)
2065722,6c63ac2226e1f412bfcf5bfc2c00bd8ed221265d560337bd25f65bbe5636da151cf825af64bcc5c6791f0623eeabad14d0c60cc86e281f5de41c0f6487767e2c,2025-05-18T16:10:00.000,1,DRIVER,,1969186.0,,CHEVROLET,EQUINOX,WI,2019.0,UNKNOWN,SPORT UTILITY VEHICLE (SUV),UNKNOWN/NA,S,STRAIGHT AHEAD,,,1.0,,,,,,,,,,,,,,,,Y,UNKNOWN,,,,,,,,,,,,,,,,,,,,,,,,,Y,2025-05-18T16:10:00.000,30,NO CONTROLS,NO CONTROLS,CLEAR,DAYLIGHT,ANGLE,FOUR WAY,STRAIGHT AND LEVEL,DRY,NO DEFECTS,NOT ON SCENE (DESK REPORT),NO INJURY / DRIVE AWAY,Y,,Y,"$501 - $1,500",2025-05-18T16:50:00.000,UNABLE TO DETERMINE,UNABLE TO DETERMINE,438,E,110TH PL,513,,,,,,,2,NO INDICATION OF INJURY,0.0,0.0,0.0,0.0,0.0,2.0,0.0,16,1,5,41.693331423,-87.611890358,POINT (-87.611890357952 41.693331423049)
2065723,6c63ac2226e1f412bfcf5bfc2c00bd8ed221265d560337bd25f65bbe5636da151cf825af64bcc5c6791f0623eeabad14d0c60cc86e281f5de41c0f6487767e2c,2025-05-18T16:10:00.000,2,DRIVER,,1969173.0,,JEEP,PATRIOT,IL,2016.0,UNKNOWN,SPORT UTILITY VEHICLE (SUV),PERSONAL,W,STRAIGHT AHEAD,,,1.0,,,,Y,,,,,,,,,,Y,Y,,FRONT,,,,,,,,,,,,,,,,,,,,,,,,,Y,2025-05-18T16:10:00.000,30,NO CONTROLS,NO CONTROLS,CLEAR,DAYLIGHT,ANGLE,FOUR WAY,STRAIGHT AND LEVEL,DRY,NO DEFECTS,NOT ON SCENE (DESK REPORT),NO INJURY / DRIVE AWAY,Y,,Y,"$501 - $1,500",2025-05-18T16:50:00.000,UNABLE TO DETERMINE,UNABLE TO DETERMINE,438,E,110TH PL,513,,,,,,,2,NO INDICATION OF INJURY,0.0,0.0,0.0,0.0,0.0,2.0,0.0,16,1,5,41.693331423,-87.611890358,POINT (-87.611890357952 41.693331423049)
2065721,74f88d29c4aeb6dcaad285e19abe49c7aae1cae5e9639d7424dcdbe6e192cd15138a40156e03828a87f6f25bc0f792eb9a9faef2132791e1cb84f57015d33c42,2025-05-18T16:06:00.000,1,DRIVER,,1969165.0,,LEXUS,NX,IL,2021.0,UNKNOWN,SPORT UTILITY VEHICLE (SUV),PERSONAL,W,TURNING LEFT,,,1.0,,,,,,,,,,,,,,,Y,,FRONT,,,,,,,,,,,,,,,,,,,,,,,,,Y,2025-05-18T16:06:00.000,35,NO CONTROLS,NO CONTROLS,CLEAR,DAYLIGHT,FIXED OBJECT,DIVIDED - W/MEDIAN (NOT RAISED),STRAIGHT AND LEVEL,DRY,NO DEFECTS,ON SCENE,NO INJURY / DRIVE AWAY,Y,,,"OVER $1,500",2025-05-18T16:07:00.000,"VISION OBSCURED (SIGNS, TREE LIMBS, BUILDINGS, ETC.)",UNABLE TO DETERMINE,5357,N,EAST RIVER RD,1614,,,,,,,1,NO INDICATION OF INJURY,0.0,0.0,0.0,0.0,0.0,1.0,0.0,16,1,5,41.9766848675,-87.8463229222,POINT (-87.846322922215 41.976684867474)
2065718,2b425d953ff71be7cdb760c00d0359bcaefdddd4c132b167f24a9347650cb2e6b296d3fd4b691d70ba139ebf7ee179125d8b880fb7db004e324930befe2ebcf5,2025-05-18T16:01:00.000,1,DRIVER,,1969157.0,,TOYOTA,CAMRY,IL,2012.0,NONE,PASSENGER,PERSONAL,N,LEAVING TRAFFIC LANE TO PARK,Y,,1.0,,,,Y,Y,Y,N,,,,,,,,,,SIDE-RIGHT,,,,,,,,,,,,,,,,,,,,,,,,,,2025-05-18T16:01:00.000,25,NO CONTROLS,NO CONTROLS,CLEAR,DAYLIGHT,PARKED MOTOR VEHICLE,ONE-WAY,STRAIGHT AND LEVEL,DRY,NO DEFECTS,ON SCENE,INJURY AND / OR TOW DUE TO CRASH,,,,"OVER $1,500",2025-05-18T16:01:00.000,DRIVING SKILLS/KNOWLEDGE/EXPERIENCE,DRIVING SKILLS/KNOWLEDGE/EXPERIENCE,2431,S,RIDGEWAY AVE,1013,,,,,,,2,NO INDICATION OF INJURY,0.0,0.0,0.0,0.0,0.0,1.0,0.0,16,1,5,41.8470650774,-87.7183796096,POINT (-87.718379609611 41.847065077351)
2065719,2b425d953ff71be7cdb760c00d0359bcaefdddd4c132b167f24a9347650cb2e6b296d3fd4b691d70ba139ebf7ee179125d8b880fb7db004e324930befe2ebcf5,2025-05-18T16:01:00.000,2,PARKED,,1969163.0,,NISSAN,VERSA,IL,2010.0,NONE,PASSENGER,PERSONAL,N,PARKED,,,0.0,,,,Y,,,,,,,,,Y,Y,Y,,FRONT-LEFT-CORNER,,,,,,,,,,,,,,,,,,,,,,,,,,2025-05-18T16:01:00.000,25,NO CONTROLS,NO CONTROLS,CLEAR,DAYLIGHT,PARKED MOTOR VEHICLE,ONE-WAY,STRAIGHT AND LEVEL,DRY,NO DEFECTS,ON SCENE,INJURY AND / OR TOW DUE TO CRASH,,,,"OVER $1,500",2025-05-18T16:01:00.000,DRIVING SKILLS/KNOWLEDGE/EXPERIENCE,DRIVING SKILLS/KNOWLEDGE/EXPERIENCE,2431,S,RIDGEWAY AVE,1013,,,,,,,2,NO INDICATION OF INJURY,0.0,0.0,0.0,0.0,0.0,1.0,0.0,16,1,5,41.8470650774,-87.7183796096,POINT (-87.718379609611 41.847065077351)
2065734,5e866fef30c9e27860c74ebc9be5c728cd16f06e693727b4eb28e134acc79d2b1d87e67bad9ccd51e7d7a2b511a5441c14b4a1fe49661c16e6fbc2cbd09bdbd6,2025-05-18T16:00:00.000,1,DRIVER,,1969175.0,,UNKNOWN,MOTORIZED,,,UNKNOWN,UNKNOWN/NA,UNKNOWN/NA,UNKNOWN,UNKNOWN/NA,,,1.0,,,,,,,,,,,,,,,,Y,UNKNOWN,,,,,,,,,,,,,,,,,,,,,,,,,,2025-05-18T16:00:00.000,30,UNKNOWN,UNKNOWN,UNKNOWN,UNKNOWN,PARKED MOTOR VEHICLE,ONE-WAY,STRAIGHT AND LEVEL,UNKNOWN,UNKNOWN,NOT ON SCENE (DESK REPORT),NO INJURY / DRIVE AWAY,,,Y,"$501 - $1,500",2025-05-18T17:00:00.000,UNABLE TO DETERMINE,NOT APPLICABLE,7036,N,DAMEN AVE,2424,,,,,,,2,NO INDICATION OF INJURY,0.0,0.0,0.0,0.0,0.0,1.0,0.0,16,1,5,42.0100318037,-87.6803289389,POINT (-87.680328938865 42.010031803704)
2065735,5e866fef30c9e27860c74ebc9be5c728cd16f06e693727b4eb28e134acc79d2b1d87e67bad9ccd51e7d7a2b511a5441c14b4a1fe49661c16e6fbc2cbd09bdbd6,2025-05-18T16:00:00.000,2,PARKED,,1969176.0,,TOYOTA,PRIUS,CA,2012.0,UNKNOWN,PASSENGER,UNKNOWN/NA,UNKNOWN,PARKED,,,0.0,,,,,,,,,,Y,Y,,,,,,UNKNOWN,,,,,,,,,,,,,,,,,,,,,,,,,,2025-05-18T16:00:00.000,30,UNKNOWN,UNKNOWN,UNKNOWN,UNKNOWN,PARKED MOTOR VEHICLE,ONE-WAY,STRAIGHT AND LEVEL,UNKNOWN,UNKNOWN,NOT ON SCENE (DESK REPORT),NO INJURY / DRIVE AWAY,,,Y,"$501 - $1,500",2025-05-18T17:00:00.000,UNABLE TO DETERMINE,NOT APPLICABLE,7036,N,DAMEN AVE,2424,,,,,,,2,NO INDICATION OF INJURY,0.0,0.0,0.0,0.0,0.0,1.0,0.0,16,1,5,42.0100318037,-87.6803289389,POINT (-87.680328938865 42.010031803704)
2065746,754645a6133570f2724fd1091054dbd237294a695af9bafc29faa9ce4f273465c8ce33a2ef126ecefd44953a35585c7ac359a786a1e3a7de14ed6dc46d1f5b37,2025-05-18T16:00:00.000,1,DRIVER,,1969190.0,,UNKNOWN,OTHER (EXPLAIN IN NARRATIVE),,,UNKNOWN,UNKNOWN/NA,UNKNOWN/NA,UNKNOWN,UNKNOWN/NA,,,1.0,,,,,,,,,,,,,,,,Y,UNKNOWN,,,,,,,,,,,,,,,,,,,,,,,,,Y,2025-05-18T16:00:00.000,30,STOP SIGN/FLASHER,FUNCTIONING PROPERLY,CLEAR,DAYLIGHT,PARKED MOTOR VEHICLE,NOT DIVIDED,STRAIGHT AND LEVEL,DRY,NO DEFECTS,ON SCENE,NO INJURY / DRIVE AWAY,,,Y,"OVER $1,500",2025-05-18T16:48:00.000,NOT APPLICABLE,NOT APPLICABLE,5154,W,FULTON ST,1532,,,,,,,2,NO INDICATION OF INJURY,0.0,0.0,0.0,0.0,0.0,1.0,0.0,16,1,5,41.8857527154,-87.7550449187,POINT (-87.755044918693 41.88575271538)
2065747,754645a6133570f2724fd1091054dbd237294a695af9bafc29faa9ce4f273465c8ce33a2ef126ecefd44953a35585c7ac359a786a1e3a7de14ed6dc46d1f5b37,2025-05-18T16:00:00.000,2,PARKED,,1969193.0,,CADILLAC,DTS,IL,2008.0,UNKNOWN,PASSENGER,PERSONAL,W,PARKED,,,0.0,,,,Y,,,,,,,,,,Y,Y,,FRONT,,,,,,,,,,,,,,,,,,,,,,,,,Y,2025-05-18T16:00:00.000,30,STOP SIGN/FLASHER,FUNCTIONING PROPERLY,CLEAR,DAYLIGHT,PARKED MOTOR VEHICLE,NOT DIVIDED,STRAIGHT AND LEVEL,DRY,NO DEFECTS,ON SCENE,NO INJURY / DRIVE AWAY,,,Y,"OVER $1,500",2025-05-18T16:48:00.000,NOT APPLICABLE,NOT APPLICABLE,5154,W,FULTON ST,1532,,,,,,,2,NO INDICATION OF INJURY,0.0,0.0,0.0,0.0,0.0,1.0,0.0,16,1,5,41.8857527154,-87.7550449187,POINT (-87.755044918693 41.88575271538)
2066611,ac6ba6865832a6ed7f8306fd91b1519be607eb6cce510be99a702e9d840e026a317d5a3d7fdcf77a5e599d55aa5ed139d90a012ef4cf3622ac29093a49bc1eb2,2025-05-18T16:00:00.000,1,DRIVER,,1970021.0,,HYUNDAI,SONATA,IL,2011.0,UNKNOWN,PASSENGER,PERSONAL,W,STRAIGHT AHEAD,,,1.0,,,,Y,Y,,,,,,,,,,,,FRONT-RIGHT-CORNER,,,,,,,,,,,,,,,,,,,,,,,,,,2025-05-18T16:00:00.000,30,NO CONTROLS,NO CONTROLS,CLEAR,DAYLIGHT,SIDESWIPE SAME DIRECTION,NOT DIVIDED,STRAIGHT AND LEVEL,DRY,NO DEFECTS,NOT ON SCENE (DESK REPORT),NO INJURY / DRIVE AWAY,,,Y,"OVER $1,500",2025-05-19T22:00:00.000,IMPROPER OVERTAKING/PASSING,IMPROPER OVERTAKING/PASSING,7606,W,TOUHY AVE,1611,,,,,,,2,NO INDICATION OF INJURY,0.0,0.0,0.0,0.0,0.0,4.0,0.0,16,1,5,42.0115581416,-87.8167182299,POINT (-87.816718229907 42.011558141579)
2066612,ac6ba6865832a6ed7f8306fd91b1519be607eb6cce510be99a702e9d840e026a317d5a3d7fdcf77a5e599d55aa5ed139d90a012ef4cf3622ac29093a49bc1eb2,2025-05-18T16:00:00.000,2,DRIVER,2.0,1970025.0,,HONDA,CIVIC,IL,2016.0,NONE,PASSENGER,PERSONAL,W,STRAIGHT AHEAD,,,3.0,,,,,,,,,,,Y,Y,Y,Y,,,SIDE-LEFT,,,,,,,,,,,,,,,,,,,,,,,,,,2025-05-18T16:00:00.000,30,NO CONTROLS,NO CONTROLS,CLEAR,DAYLIGHT,SIDESWIPE SAME DIRECTION,NOT DIVIDED,STRAIGHT AND LEVEL,DRY,NO DEFECTS,NOT ON SCENE (DESK REPORT),NO INJURY / DRIVE AWAY,,,Y,"OVER $1,500",2025-05-19T22:00:00.000,IMPROPER OVERTAKING/PASSING,IMPROPER OVERTAKING/PASSING,7606,W,TOUHY AVE,1611,,,,,,,2,NO INDICATION OF INJURY,0.0,0.0,0.0,0.0,0.0,4.0,0.0,16,1,5,42.0115581416,-87.8167182299,POINT (-87.816718229907 42.011558141579)