crash_unit_id,crash_record_id,crash_date_left,unit_no,unit_type,num_passengers,vehicle_id,cmrc_veh_i,make,model,lic_plate_state,vehicle_year,vehicle_defect,vehicle_type,vehicle_use,travel_direction,maneuver,towed_i,fire_i,occupant_cnt,towed_by,towed_to,area_00_i,area_01_i,area_02_i,area_03_i,area_04_i,area_05_i,area_06_i,area_07_i,area_08_i,area_09_i,area_10_i,area_11_i,area_12_i,area_99_i,first_contact_point,cmv_id,usdot_no,commercial_src,gvwr,carrier_name,carrier_state,carrier_city,hazmat_placards_i,hazmat_present_i,hazmat_report_i,mcs_report_i,hazmat_vio_cause_crash_i,mcs_vio_cause_crash_i,idot_permit_no,trailer1_width,trailer2_width,trailer1_length,axle_cnt,vehicle_config,cargo_body_type,load_type,hazmat_out_of_service_i,mcs_out_of_service_i,hazmat_class,crash_date_est_i,crash_date_right,posted_speed_limit,traffic_control_device,device_condition,weather_condition,lighting_condition,first_crash_type,trafficway_type,alignment,roadway_surface_cond,road_defect,report_type,crash_type,intersection_related_i,private_property_i,hit_and_run_i,damage,date_police_notified,prim_contributory_cause,sec_contributory_cause,street_no,street_direction,street_name,beat_of_occurrence,photos_taken_i,statements_taken_i,dooring_i,work_zone_i,work_zone_type,workers_present_i,num_units,most_severe_injury,injuries_total,injuries_fatal,injuries_incapacitating,injuries_non_incapacitating,injuries_reported_not_evident,injuries_no_indication,injuries_unknown,crash_hour,crash_day_of_week,crash_month,latitude,longitude,location
2065695,fddc2f25ab7b06df66dcc55fd09aac5a5bdb2692a1a4638b92f52fcd7d9cc12735f610614e10978a33c717b46008e41437e4091c6938b51c86b92636083bb463,2025-05-18T15:56:00.000,1,DRIVER,,1969138.0,,CHEVROLET,TRAX,IL,2025.0,UNKNOWN,PASSENGER,PERSONAL,E,SLOW/STOP IN TRAFFIC,,,1.0,,,,,,,,,,,,,Y,Y,,,SIDE-LEFT-FRONT,,,,,,,,,,,,,,,,,,,,,,,,,,2025-05-18T15:56:00.000,35,TRAFFIC SIGNAL,UNKNOWN,CLEAR,DAYLIGHT,TURNING,FOUR WAY,STRAIGHT AND LEVEL,DRY,UNKNOWN,NOT ON SCENE (DESK REPORT),NO INJURY / DRIVE AWAY,Y,,,"OVER $1,500",2025-05-18T16:20:00.000,UNABLE TO DETERMINE,UNABLE TO DETERMINE,2326,N,NARRAGANSETT AVE,2512,,,,,,,2,NO INDICATION OF INJURY,0.0,0.0,0.0,0.0,0.0,2.0,0.0,15,1,5,41.9225896552,-87.7855570351,POINT (-87.785557035127 41.92258965516)
2065696,fddc2f25ab7b06df66dcc55fd09aac5a5bdb2692a1a4638b92f52fcd7d9cc12735f610614e10978a33c717b46008e41437e4091c6938b51c86b92636083bb463,2025-05-18T15:56:00.000,2,DRIVER,,1969146.0,,JEEP,PATRIOT,IL,2015.0,UNKNOWN,PASSENGER,PERSONAL,E,TURNING RIGHT,,,1.0,,,,,,,Y,Y,,,,,,,,,SIDE-RIGHT-REAR,,,,,,,,,,,,,,,,,,,,,,,,,,2025-05-18T15:56:00.000,35,TRAFFIC SIGNAL,UNKNOWN,CLEAR,DAYLIGHT,TURNING,FOUR WAY,STRAIGHT AND LEVEL,DRY,UNKNOWN,NOT ON SCENE (DESK REPORT),NO INJURY / DRIVE AWAY,Y,,,"OVER $1,500",2025-05-18T16:20:00.000,UNABLE TO DETERMINE,UNABLE TO DETERMINE,2326,N,NARRAGANSETT AVE,2512,,,,,,,2,NO INDICATION OF INJURY,0.0,0.0,0.0,0.0,0.0,2.0,0.0,15,1,5,41.9225896552,-87.7855570351,POINT (-87.785557035127 41.92258965516)
2065741,68191dbd2cde6913766be13bcd534060a90f954d185293d62f7e0f0731c72903960d67d76df38fb81dcb36508d9ffbcd16f8463263e46357dbd7054e18dfceae,2025-05-18T15:55:00.000,1,DRIVER,,1969179.0,,HYUNDAI,ELANTRA,IL,2014.0,UNKNOWN,PASSENGER,PERSONAL,E,TURNING LEFT,,,1.0,,,,Y,,,,,,,,,,Y,Y,,FRONT,,,,,,,,,,,,,,,,,,,,,,,,,,2025-05-18T15:55:00.000,30,NO CONTROLS,NO CONTROLS,CLEAR,DAYLIGHT,TURNING,FOUR WAY,STRAIGHT AND LEVEL,DRY,NO DEFECTS,ON SCENE,NO INJURY / DRIVE AWAY,Y,,,"OVER $1,500",2025-05-18T16:01:00.000,IMPROPER TURNING/NO SIGNAL,NOT APPLICABLE,1859,W,115TH ST,2212,,,,,,,2,NO INDICATION OF INJURY,0.0,0.0,0.0,0.0,0.0,5.0,0.0,15,1,5,41.6845950732,-87.667647541,POINT (-87.667647541049 41.684595073171)
2065742,68191dbd2cde6913766be13bcd534060a90f954d185293d62f7e0f0731c72903960d67d76df38fb81dcb36508d9ffbcd16f8463263e46357dbd7054e18dfceae,2025-05-18T15:55:00.000,2,DRIVER,3.0,1969182.0,,CHEVROLET,MALIBU,IL,2012.0,NONE,PASSENGER,PERSONAL,E,STRAIGHT AHEAD,,,4.0,,,,,,,,,,,Y,Y,Y,,,,SIDE-LEFT,,,,,,,,,,,,,,,,,,,,,,,,,,2025-05-18T15:55:00.000,30,NO CONTROLS,NO CONTROLS,CLEAR,DAYLIGHT,TURNING,FOUR WAY,STRAIGHT AND LEVEL,DRY,NO DEFECTS,ON SCENE,NO INJURY / DRIVE AWAY,Y,,,"OVER $1,500",2025-05-18T16:01:00.000,IMPROPER TURNING/NO SIGNAL,NOT APPLICABLE,1859,W,115TH ST,2212,,,,,,,2,NO INDICATION OF INJURY,0.0,0.0,0.0,0.0,0.0,5.0,0.0,15,1,5,41.6845950732,-87.667647541,POINT (-87.667647541049 41.684595073171)
2065687,62c7d1121767996dda960e47983a8fa705f20b0c6b1c1259a0a08185d90faf0ff8e1efabe9d8feb005ae882fbaed0cd72539bfcb719dc158e144ff31681a0664,2025-05-18T15:48:00.000,1,DRIVER,,1969130.0,,CHEVROLET,MALIBU,IL,2016.0,NONE,PASSENGER,PERSONAL,W,LEAVING TRAFFIC LANE TO PARK,,,1.0,,,,,,Y,Y,Y,,,,,,,,,SIDE-RIGHT,,,,,,,,,,,,,,,,,,,,,,,,,,2025-05-18T15:48:00.000,30,NO CONTROLS,NO CONTROLS,CLEAR,DAYLIGHT,PARKED MOTOR VEHICLE,ONE-WAY,STRAIGHT AND LEVEL,DRY,NO DEFECTS,ON SCENE,NO INJURY / DRIVE AWAY,,,,"$501 - $1,500",2025-05-18T15:48:00.000,DRIVING SKILLS/KNOWLEDGE/EXPERIENCE,UNABLE TO DETERMINE,60,E,GRAND AVE,1834,,,,,,,2,NO INDICATION OF INJURY,0.0,0.0,0.0,0.0,0.0,1.0,0.0,15,1,5,41.8918143653,-87.6256852646,POINT (-87.625685264584 41.891814365281)
2065688,62c7d1121767996dda960e47983a8fa705f20b0c6b1c1259a0a08185d90faf0ff8e1efabe9d8feb005ae882fbaed0cd72539bfcb719dc158e144ff31681a0664,2025-05-18T15:48:00.000,2,PARKED,,1969135.0,,BUICK,ENVISION,MN,2025.0,UNKNOWN,PASSENGER,NOT IN USE,W,PARKED,,,0.0,,,,,,,,,,,,,Y,Y,,,FRONT-LEFT-CORNER,,,,,,,,,,,,,,,,,,,,,,,,,,2025-05-18T15:48:00.000,30,NO CONTROLS,NO CONTROLS,CLEAR,DAYLIGHT,PARKED MOTOR VEHICLE,ONE-WAY,STRAIGHT AND LEVEL,DRY,NO DEFECTS,ON SCENE,NO INJURY / DRIVE AWAY,,,,"$501 - $1,500",2025-05-18T15:48:00.000,DRIVING SKILLS/KNOWLEDGE/EXPERIENCE,UNABLE TO DETERMINE,60,E,GRAND AVE,1834,,,,,,,2,NO INDICATION OF INJURY,0.0,0.0,0.0,0.0,0.0,1.0,0.0,15,1,5,41.8918143653,-87.6256852646,POINT (-87.625685264584 41.891814365281)
2065922,e6920731f4772c156235fe2a88206212e1f825d0bee23d5839f6aa2f62c9d5642695452eb20358f5fa9a9e1e5defbcfe12083304c33c872fc1c28de749c231f0,2025-05-18T15:42:00.000,1,DRIVER,,1969353.0,,CHEVROLET,CRUZE,IL,2017.0,UNKNOWN,PASSENGER,PERSONAL,S,CHANGING LANES,,,1.0,,,,,,,,,,Y,Y,,,,,,REAR-LEFT-CORNER,,,,,,,,,,,,,,,,,,,,,,,,,,2025-05-18T15:42:00.000,30,NO CONTROLS,NO CONTROLS,CLEAR,DAYLIGHT,SIDESWIPE SAME DIRECTION,DIVIDED - W/MEDIAN (NOT RAISED),STRAIGHT AND LEVEL,DRY,NO DEFECTS,NOT ON SCENE (DESK REPORT),NO INJURY / DRIVE AWAY,,,,"OVER $1,500",2025-05-18T23:40:00.000,IMPROPER OVERTAKING/PASSING,NOT APPLICABLE,5389,S,HARLEM AVE,811,,,,,,,2,NO INDICATION OF INJURY,0.0,0.0,0.0,0.0,0.0,2.0,0.0,15,1,5,41.7939666809,-87.8014433212,POINT (-87.801443321237 41.79396668089)
2065923,e6920731f4772c156235fe2a88206212e1f825d0bee23d5839f6aa2f62c9d5642695452eb20358f5fa9a9e1e5defbcfe12083304c33c872fc1c28de749c231f0,2025-05-18T15:42:00.000,2,DRIVER,,1969357.0,,NISSAN,MURANO,IL,2021.0,UNKNOWN,PASSENGER,PERSONAL,S,STRAIGHT AHEAD,,,1.0,,,,Y,,,,,,,,,,,,,FRONT-RIGHT-CORNER,,,,,,,,,,,,,,,,,,,,,,,,,,2025-05-18T15:42:00.000,30,NO CONTROLS,NO CONTROLS,CLEAR,DAYLIGHT,SIDESWIPE SAME DIRECTION,DIVIDED - W/MEDIAN (NOT RAISED),STRAIGHT AND LEVEL,DRY,NO DEFECTS,NOT ON SCENE (DESK REPORT),NO INJURY / DRIVE AWAY,,,,"OVER $1,500",2025-05-18T23:40:00.000,IMPROPER OVERTAKING/PASSING,NOT APPLICABLE,5389,S,HARLEM AVE,811,,,,,,,2,NO INDICATION OF INJURY,0.0,0.0,0.0,0.0,0.0,2.0,0.0,15,1,5,41.7939666809,-87.8014433212,POINT (-87.801443321237 41.79396668089)
2065714,04c0914bbfc8047ec26be6a84fd293436b1b980072310169b6cbc4b5ceb365d099f50276c5be5873c3d246ec43dfa18bfb2273a59e2a3b02ae8d9d0f209d9cb9,2025-05-18T15:30:00.000,1,DRIVER,,1969153.0,,TOYOTA,CAMRY,IL,2020.0,UNKNOWN,PASSENGER,PERSONAL,W,TURNING LEFT,,,1.0,,,,,,,,,,,,,,Y,,,FRONT-LEFT-CORNER,,,,,,,,,,,,,,,,,,,,,,,,,,2025-05-18T15:30:00.000,15,NO CONTROLS,NO CONTROLS,CLEAR,DAYLIGHT,TURNING,PARKING LOT,STRAIGHT AND LEVEL,DRY,NO DEFECTS,ON SCENE,NO INJURY / DRIVE AWAY,,,Y,"$501 - $1,500",2025-05-18T15:37:00.000,IMPROPER OVERTAKING/PASSING,UNABLE TO DETERMINE,524,W,OHARE ST,1654,,,,,,,2,NO INDICATION OF INJURY,0.0,0.0,0.0,0.0,0.0,2.0,0.0,15,1,5,,,
2065715,04c0914bbfc8047ec26be6a84fd293436b1b980072310169b6cbc4b5ceb365d099f50276c5be5873c3d246ec43dfa18bfb2273a59e2a3b02ae8d9d0f209d9cb9,2025-05-18T15:30:00.000,2,DRIVER,,1969162.0,,TOYOTA,SIENNA,IL,2020.0,NONE,PASSENGER,PERSONAL,S,STRAIGHT AHEAD,,,1.0,,,,Y,,,,,,,,,,,,,FRONT-RIGHT-CORNER,,,,,,,,,,,,,,,,,,,,,,,,,,2025-05-18T15:30:00.000,15,NO CONTROLS,NO CONTROLS,CLEAR,DAYLIGHT,TURNING,PARKING LOT,STRAIGHT AND LEVEL,DRY,NO DEFECTS,ON SCENE,NO INJURY / DRIVE AWAY,,,Y,"$501 - $1,500",2025-05-18T15:37:00.000,IMPROPER OVERTAKING/PASSING,UNABLE TO DETERMINE,524,W,OHARE ST,1654,,,,,,,2,NO INDICATION OF INJURY,0.0,0.0,0.0,0.0,0.0,2.0,0.0,15,1,5,,,
2066015,9a00ebd467936b8538fc0205cee64059a465f121fe16d89787057ac471ad6d0a53b6ac8ae925ff9c348e9a412cbd04a33c905a75d9d47f372d644d2e5d1725f5,2025-05-18T15:30:00.000,1,DRIVER,,1969452.0,,UNKNOWN,OTHER (EXPLAIN IN NARRATIVE),IL,,UNKNOWN,UNKNOWN/NA,UNKNOWN/NA,UNKNOWN,UNKNOWN/NA,,,1.0,,,,,,,,,,,,,N,N,N,,UNKNOWN,,,,,,,,,,,,,,,,,,,,,,,,,Y,2025-05-18T15:30:00.000,25,NO CONTROLS,NO CONTROLS,CLEAR,DAYLIGHT,PARKED MOTOR VEHICLE,NOT DIVIDED,STRAIGHT AND LEVEL,DRY,NO DEFECTS,NOT ON SCENE (DESK REPORT),NO INJURY / DRIVE AWAY,,,Y,"OVER $1,500",2025-05-19T08:00:00.000,UNABLE TO DETERMINE,NOT APPLICABLE,6319,N,OAKLEY AVE,2413,,,,,,,2,NO INDICATION OF INJURY,0.0,0.0,0.0,0.0,0.0,1.0,0.0,15,1,5,41.9965547704,-87.6872556674,POINT (-87.687255667362 41.996554770406)
2066016,9a00ebd467936b8538fc0205cee64059a465f121fe16d89787057ac471ad6d0a53b6ac8ae925ff9c348e9a412cbd04a33c905a75d9d47f372d644d2e5d1725f5,2025-05-18T15:30:00.000,2,PARKED,,1969441.0,,VOLKSWAGEN,TIGUAN,IL,2024.0,NONE,PASSENGER,NOT IN USE,N,PARKED,,,0.0,,,,,,,,,,,,,Y,Y,Y,,UNKNOWN,,,,,,,,,,,,,,,,,,,,,,,,,Y,2025-05-18T15:30:00.000,25,NO CONTROLS,NO CONTROLS,CLEAR,DAYLIGHT,PARKED MOTOR VEHICLE,NOT DIVIDED,STRAIGHT AND LEVEL,DRY,NO DEFECTS,NOT ON SCENE (DESK REPORT),NO INJURY / DRIVE AWAY,,,Y,"OVER $1,500",2025-05-19T08:00:00.000,UNABLE TO DETERMINE,NOT APPLICABLE,6319,N,OAKLEY AVE,2413,,,,,,,2,NO INDICATION OF INJURY,0.0,0.0,0.0,0.0,0.0,1.0,0.0,15,1,5,41.9965547704,-87.6872556674,POINT (-87.687255667362 41.996554770406)
2065671,9869bcacac937dd6156edc1b627035b32edcaa4092ea53f2161f1134f5c1a38171002e0017a1928e6c5a6c7a5d5bf57039d9b2b4724f067dbd4e335e1b72a351,2025-05-18T15:23:00.000,1,DRIVER,,1969112.0,,JEEP,CHEROKEE,IN,2017.0,UNKNOWN,PASSENGER,PERSONAL,W,STRAIGHT AHEAD,Y,,1.0,PRIVATE,,,Y,Y,Y,,,,,,,,,N,,SIDE-RIGHT-FRONT,,,,,,,,,,,,,,,,,,,,,,,,,,2025-05-18T15:23:00.000,30,STOP SIGN/FLASHER,FUNCTIONING PROPERLY,CLEAR,DAYLIGHT,ANGLE,FOUR WAY,STRAIGHT AND LEVEL,DRY,NO DEFECTS,ON SCENE,INJURY AND / OR TOW DUE TO CRASH,Y,,Y,"OVER $1,500",2025-05-18T15:23:00.000,FAILING TO YIELD RIGHT-OF-WAY,NOT APPLICABLE,341,S,KOSTNER AVE,1131,,,,,,,2,NO INDICATION OF INJURY,0.0,0.0,0.0,0.0,0.0,4.0,0.0,15,1,5,41.8757401016,-87.7351587741,POINT (-87.73515877409 41.875740101562)
2065672,9869bcacac937dd6156edc1b627035b32edcaa4092ea53f2161f1134f5c1a38171002e0017a1928e6c5a6c7a5d5bf57039d9b2b4724f067dbd4e335e1b72a351,2025-05-18T15:23:00.000,2,DRIVER,2.0,1969119.0,,CHEVROLET,EQUINOX,IL,2025.0,UNKNOWN,PASSENGER,PERSONAL,S,STRAIGHT AHEAD,Y,,3.0,PRIVATE,,,Y,Y,,,,,,,,Y,Y,Y,,FRONT,,,,,,,,,,,,,,,,,,,,,,,,,,2025-05-18T15:23:00.000,30,STOP SIGN/FLASHER,FUNCTIONING PROPERLY,CLEAR,DAYLIGHT,ANGLE,FOUR WAY,STRAIGHT AND LEVEL,DRY,NO DEFECTS,ON SCENE,INJURY AND / OR TOW DUE TO CRASH,Y,,Y,"OVER $1,500",2025-05-18T15:23:00.000,FAILING TO YIELD RIGHT-OF-WAY,NOT APPLICABLE,341,S,KOSTNER AVE,1131,,,,,,,2,NO INDICATION OF INJURY,0.0,0.0,0.0,0.0,0.0,4.0,0.0,15,1,5,41.8757401016,-87.7351587741,POINT (-87.73515877409 41.875740101562)
2065727,18769f47fc70726766fe9b0bdad1921416078723a6bb1e3b401496669b2bf5e1912ecf31acca198f041f4b088fe5aa25cceb3ed2511fe6f7661da6987aafa990,2025-05-18T15:20:00.000,1,DRIVER,,1969167.0,,SUBARU,WRX,IL,2002.0,NONE,PASSENGER,PERSONAL,E,STRAIGHT AHEAD,,,1.0,,,,,,,,,,,,,,,Y,,FRONT,,,,,,,,,,,,,,,,,,,,,,,,,,2025-05-18T15:20:00.000,30,NO CONTROLS,NO CONTROLS,CLEAR,DAYLIGHT,REAR END,NOT DIVIDED,STRAIGHT AND LEVEL,DRY,NO DEFECTS,NOT ON SCENE (DESK REPORT),NO INJURY / DRIVE AWAY,,,,"OVER $1,500",2025-05-18T17:00:00.000,FOLLOWING TOO CLOSELY,UNABLE TO DETERMINE,5530,W,DIVERSEY AVE,2514,,,,,,,2,NO INDICATION OF INJURY,0.0,0.0,0.0,0.0,0.0,2.0,0.0,15,1,5,41.9314033031,-87.7650819282,POINT (-87.765081928153 41.931403303053)
2065728,18769f47fc70726766fe9b0bdad1921416078723a6bb1e3b401496669b2bf5e1912ecf31acca198f041f4b088fe5aa25cceb3ed2511fe6f7661da6987aafa990,2025-05-18T15:20:00.000,2,DRIVER,,1969172.0,,TOYOTA,CAMRY,IL,2025.0,NONE,PASSENGER,PERSONAL,E,STRAIGHT AHEAD,,,1.0,,,,,,,,,Y,,,,,,,,REAR,,,,,,,,,,,,,,,,,,,,,,,,,,2025-05-18T15:20:00.000,30,NO CONTROLS,NO CONTROLS,CLEAR,DAYLIGHT,REAR END,NOT DIVIDED,STRAIGHT AND LEVEL,DRY,NO DEFECTS,NOT ON SCENE (DESK REPORT),NO INJURY / DRIVE AWAY,,,,"OVER $1,500",2025-05-18T17:00:00.000,FOLLOWING TOO CLOSELY,UNABLE TO DETERMINE,5530,W,DIVERSEY AVE,2514,,,,,,,2,NO INDICATION OF INJURY,0.0,0.0,0.0,0.0,0.0,2.0,0.0,15,1,5,41.9314033031,-87.7650819282,POINT (-87.765081928153 41.931403303053)
2065762,874de64b9a6ad3d3bbd8d09808aaf5ab02b6f2b302f2479f62a034eef4cfbbcb1876b10ea2d484a9e2589f6d14a56a936f273318e1f1d0cb135fe7d527f07b3c,2025-05-18T15:20:00.000,1,DRIVER,,1969202.0,,INFINITI,Q60,IL,2016.0,NONE,PASSENGER,PERSONAL,W,TURNING LEFT,,,1.0,,,,N,Y,Y,Y,Y,,,,,,,,,SIDE-RIGHT,,,,,,,,,,,,,,,,,,,,,,,,,Y,2025-05-18T15:20:00.000,20,NO CONTROLS,NO CONTROLS,CLEAR,DAYLIGHT,PARKED MOTOR VEHICLE,ONE-WAY,STRAIGHT AND LEVEL,DRY,NO DEFECTS,ON SCENE,NO INJURY / DRIVE AWAY,,,,"$501 - $1,500",2025-05-18T16:40:00.000,FAILING TO REDUCE SPEED TO AVOID CRASH,IMPROPER TURNING/NO SIGNAL,6004,W,BERENICE AVE,1633,,,,,,,2,NO INDICATION OF INJURY,0.0,0.0,0.0,0.0,0.0,1.0,0.0,15,1,5,41.9504187184,-87.7769538515,POINT (-87.776953851498 41.950418718407)
2065763,874de64b9a6ad3d3bbd8d09808aaf5ab02b6f2b302f2479f62a034eef4cfbbcb1876b10ea2d484a9e2589f6d14a56a936f273318e1f1d0cb135fe7d527f07b3c,2025-05-18T15:20:00.000,2,PARKED,,1969206.0,,TOYOTA,SEQUOIA,IL,2023.0,UNKNOWN,PASSENGER,PERSONAL,W,PARKED,,,0.0,,,,,,,,,,Y,Y,Y,Y,,,,SIDE-LEFT,,,,,,,,,,,,,,,,,,,,,,,,,Y,2025-05-18T15:20:00.000,20,NO CONTROLS,NO CONTROLS,CLEAR,DAYLIGHT,PARKED MOTOR VEHICLE,ONE-WAY,STRAIGHT AND LEVEL,DRY,NO DEFECTS,ON SCENE,NO INJURY / DRIVE AWAY,,,,"$501 - $1,500",2025-05-18T16:40:00.000,FAILING TO REDUCE SPEED TO AVOID CRASH,IMPROPER TURNING/NO SIGNAL,6004,W,BERENICE AVE,1633,,,,,,,2,NO INDICATION OF INJURY,0.0,0.0,0.0,0.0,0.0,1.0,0.0,15,1,5,41.9504187184,-87.7769538515,POINT (-87.776953851498 41.950418718407)
2065691,521557d51a1c9b4f9c3c6de1b98ec598f302e74d479081de9cbb604ef36982950ca26e59c828960e291921e1ad8e205188511c5e71e3bdddedc964067be36992,2025-05-18T15:19:00.000,1,DRIVER,,1969134.0,,FORD,FUSION,IL,2014.0,UNKNOWN,UNKNOWN/NA,UNKNOWN/NA,N,STRAIGHT AHEAD,,,1.0,,,,Y,,,,,,,,,,Y,Y,,FRONT,,,,,,,,,,,,,,,,,,,,,,,,,,2025-05-18T15:19:00.000,30,TRAFFIC SIGNAL,FUNCTIONING PROPERLY,CLEAR,DAYLIGHT,REAR END,DIVIDED - W/MEDIAN (NOT RAISED),STRAIGHT AND LEVEL,DRY,NO DEFECTS,NOT ON SCENE (DESK REPORT),NO INJURY / DRIVE AWAY,,,,"OVER $1,500",2025-05-18T16:15:00.000,FOLLOWING TOO CLOSELY,NOT APPLICABLE,1931,N,WESTERN AVE,1434,,,,,,,2,NO INDICATION OF INJURY,0.0,0.0,0.0,0.0,0.0,2.0,0.0,15,1,5,41.9166322373,-87.6872376471,POINT (-87.687237647133 41.916632237324)
2065692,521557d51a1c9b4f9c3c6de1b98ec598f302e74d479081de9cbb604ef36982950ca26e59c828960e291921e1ad8e205188511c5e71e3bdddedc964067be36992,2025-05-18T15:19:00.000,2,DRIVER,,1969149.0,,NISSAN,ROGUE,IL,2022.0,NONE,SPORT UTILITY VEHICLE (SUV),PERSONAL,N,STRAIGHT AHEAD,,,1.0,,,,,,,,Y,Y,Y,,,,,,,REAR,,,,,,,,,,,,,,,,,,,,,,,,,,2025-05-18T15:19:00.000,30,TRAFFIC SIGNAL,FUNCTIONING PROPERLY,CLEAR,DAYLIGHT,REAR END,DIVIDED - W/MEDIAN (NOT RAISED),STRAIGHT AND LEVEL,DRY,NO DEFECTS,NOT ON SCENE (DESK REPORT),NO INJURY / DRIVE AWAY,,,,"OVER $1,500",2025-05-18T16:15:00.000,FOLLOWING TOO CLOSELY,NOT APPLICABLE,1931,N,WESTERN AVE,1434,,,,,,,2,NO INDICATION OF INJURY,0.0,0.0,0.0,0.0,0.0,2.0,0.0,15,1,5,41.9166322373,-87.6872376471,POINT (-87.687237647133 41.916632237324)
2065698,d146dc6e47f0dc82e036534b27184935234f6edb8304e85697398730914ee08f2dab262ee8bba5b95ff0689e5e43c1f7568f75eb195f78fb9c105c8e64814e7e,2025-05-18T15:15:00.000,1,DRIVER,,1969142.0,,PONTIAC,BONNEVILLE,IL,1990.0,UNKNOWN,PASSENGER,PERSONAL,E,STRAIGHT AHEAD,,,1.0,,,,Y,,,,,,,,,,Y,Y,,FRONT,,,,,,,,,,,,,,,,,,,,,,,,,,2025-05-18T15:15:00.000,30,NO CONTROLS,NO CONTROLS,CLEAR,DAYLIGHT,REAR END,NOT DIVIDED,STRAIGHT AND LEVEL,DRY,NO DEFECTS,ON SCENE,NO INJURY / DRIVE AWAY,,,,"OVER $1,500",2025-05-18T15:32:00.000,DISTRACTION - FROM INSIDE VEHICLE,FOLLOWING TOO CLOSELY,5831,W,DIVISION ST,1511,,,,,,,2,NO INDICATION OF INJURY,0.0,0.0,0.0,0.0,0.0,2.0,0.0,15,1,5,41.901944135,-87.7716599828,POINT (-87.77165998276 41.901944135047)
2065699,d146dc6e47f0dc82e036534b27184935234f6edb8304e85697398730914ee08f2dab262ee8bba5b95ff0689e5e43c1f7568f75eb195f78fb9c105c8e64814e7e,2025-05-18T15:15:00.000,2,DRIVER,,1969148.0,,JEEP,CHEROKEE,IL,2012.0,UNKNOWN,SPORT UTILITY VEHICLE (SUV),PERSONAL,E,STRAIGHT AHEAD,,,1.0,,,,,,,,Y,Y,Y,,,,,,,REAR,,,,,,,,,,,,,,,,,,,,,,,,,,2025-05-18T15:15:00.000,30,NO CONTROLS,NO CONTROLS,CLEAR,DAYLIGHT,REAR END,NOT DIVIDED,STRAIGHT AND LEVEL,DRY,NO DEFECTS,ON SCENE,NO INJURY / DRIVE AWAY,,,,"OVER $1,500",2025-05-18T15:32:00.000,DISTRACTION - FROM INSIDE VEHICLE,FOLLOWING TOO CLOSELY,5831,W,DIVISION ST,1511,,,,,,,2,NO INDICATION OF INJURY,0.0,0.0,0.0,0.0,0.0,2.0,0.0,15,1,5,41.901944135,-87.7716599828,POINT (-87.77165998276 41.901944135047)
2065697,98bf446b623640924ad8b301cc7bea19e00161ca3acafacb52ed50e2a3b947fe9b6adf49b20a5716c50b9cd48910db548227122da02a0331e2659af73a6231a6,2025-05-18T15:10:00.000,1,DRIVER,,1969131.0,,TOYOTA,SIENNA,IL,2019.0,UNKNOWN,VAN/MINI-VAN,PERSONAL,UNKNOWN,STRAIGHT AHEAD,,,1.0,,,,,,Y,Y,Y,,,,,,,,,REAR-RIGHT-CORNER,,,,,,,,,,,,,,,,,,,,,,,,,,2025-05-18T15:10:00.000,30,NO CONTROLS,NO CONTROLS,CLEAR,DAYLIGHT,OTHER OBJECT,NOT DIVIDED,STRAIGHT AND LEVEL,DRY,NO DEFECTS,NOT ON SCENE (DESK REPORT),NO INJURY / DRIVE AWAY,,,,"OVER $1,500",2025-05-18T16:29:00.000,UNABLE TO DETERMINE,UNABLE TO DETERMINE,2600,N,CANNON DR,1935,Y,,,,,,2,NO INDICATION OF INJURY,0.0,0.0,0.0,0.0,0.0,1.0,0.0,15,1,5,41.9296787235,-87.6362399158,POINT (-87.636239915773 41.929678723477)
2065701,98bf446b623640924ad8b301cc7bea19e00161ca3acafacb52ed50e2a3b947fe9b6adf49b20a5716c50b9cd48910db548227122da02a0331e2659af73a6231a6,2025-05-18T15:10:00.000,2,PARKED,,1969140.0,,TESLA,MODEL 3,IL,2023.0,UNKNOWN,PASSENGER,PERSONAL,UNKNOWN,PARKED,,,0.0,,,,,,,,,,,Y,Y,Y,Y,,,FRONT-LEFT-CORNER,,,,,,,,,,,,,,,,,,,,,,,,,,2025-05-18T15:10:00.000,30,NO CONTROLS,NO CONTROLS,CLEAR,DAYLIGHT,OTHER OBJECT,NOT DIVIDED,STRAIGHT AND LEVEL,DRY,NO DEFECTS,NOT ON SCENE (DESK REPORT),NO INJURY / DRIVE AWAY,,,,"OVER $1,500",2025-05-18T16:29:00.000,UNABLE TO DETERMINE,UNABLE TO DETERMINE,2600,N,CANNON DR,1935,Y,,,,,,2,NO INDICATION OF INJURY,0.0,0.0,0.0,0.0,0.0,1.0,0.0,15,1,5,41.9296787235,-87.6362399158,POINT (-87.636239915773 41.929678723477)