crash_unit_id,crash_record_id,crash_date_left,unit_no,unit_type,num_passengers,vehicle_id,cmrc_veh_i,make,model,lic_plate_state,vehicle_year,vehicle_defect,vehicle_type,vehicle_use,travel_direction,maneuver,towed_i,fire_i,occupant_cnt,towed_by,towed_to,area_00_i,area_01_i,area_02_i,area_03_i,area_04_i,area_05_i,area_06_i,area_07_i,area_08_i,area_09_i,area_10_i,area_11_i,area_12_i,area_99_i,first_contact_point,cmv_id,usdot_no,commercial_src,gvwr,carrier_name,carrier_state,carrier_city,hazmat_placards_i,hazmat_present_i,hazmat_report_i,mcs_report_i,hazmat_vio_cause_crash_i,mcs_vio_cause_crash_i,idot_permit_no,trailer1_width,trailer2_width,trailer1_length,axle_cnt,vehicle_config,cargo_body_type,load_type,hazmat_out_of_service_i,mcs_out_of_service_i,hazmat_class,crash_date_est_i,crash_date_right,posted_speed_limit,traffic_control_device,device_condition,weather_condition,lighting_condition,first_crash_type,trafficway_type,alignment,roadway_surface_cond,road_defect,report_type,crash_type,intersection_related_i,private_property_i,hit_and_run_i,damage,date_police_notified,prim_contributory_cause,sec_contributory_cause,street_no,street_direction,street_name,beat_of_occurrence,photos_taken_i,statements_taken_i,dooring_i,work_zone_i,work_zone_type,workers_present_i,num_units,most_severe_injury,injuries_total,injuries_fatal,injuries_incapacitating,injuries_non_incapacitating,injuries_reported_not_evident,injuries_no_indication,injuries_unknown,crash_hour,crash_day_of_week,crash_month,latitude,longitude,location
2065657,113203914d0bcb4cf869380200eb962be47ba8648970f3be1f8aa9ddf3f1b777c5ef6cc8ee62d54a05f6335026373b69ba601938a91c6e4698844c8a8f549e11,2025-05-18T15:07:00.000,1,DRIVER,,1969096.0,,CHEVROLET,SILVERADO,IL,1998.0,UNKNOWN,PICKUP,PERSONAL,S,BACKING,,,1.0,,,,,,,,Y,Y,Y,,,,,,,REAR,,,,,,,,,,,,,,,,,,,,,,,,,,2025-05-18T15:07:00.000,25,STOP SIGN/FLASHER,FUNCTIONING PROPERLY,CLEAR,DAYLIGHT,REAR TO FRONT,ONE-WAY,STRAIGHT AND LEVEL,DRY,NO DEFECTS,ON SCENE,NO INJURY / DRIVE AWAY,,,Y,"OVER $1,500",2025-05-18T15:07:00.000,UNABLE TO DETERMINE,UNABLE TO DETERMINE,2601,S,HARDING AVE,1031,,,,,,,2,NO INDICATION OF INJURY,0.0,0.0,0.0,0.0,0.0,3.0,0.0,15,1,5,41.8441795396,-87.723182367,POINT (-87.723182367048 41.844179539581)
2065658,113203914d0bcb4cf869380200eb962be47ba8648970f3be1f8aa9ddf3f1b777c5ef6cc8ee62d54a05f6335026373b69ba601938a91c6e4698844c8a8f549e11,2025-05-18T15:07:00.000,2,DRIVER,1.0,1969100.0,,HYUNDAI,VERACRUZ,IL,2008.0,NONE,PASSENGER,PERSONAL,N,SLOW/STOP IN TRAFFIC,,,2.0,,,,Y,,,,,,,,,,Y,Y,,FRONT,,,,,,,,,,,,,,,,,,,,,,,,,,2025-05-18T15:07:00.000,25,STOP SIGN/FLASHER,FUNCTIONING PROPERLY,CLEAR,DAYLIGHT,REAR TO FRONT,ONE-WAY,STRAIGHT AND LEVEL,DRY,NO DEFECTS,ON SCENE,NO INJURY / DRIVE AWAY,,,Y,"OVER $1,500",2025-05-18T15:07:00.000,UNABLE TO DETERMINE,UNABLE TO DETERMINE,2601,S,HARDING AVE,1031,,,,,,,2,NO INDICATION OF INJURY,0.0,0.0,0.0,0.0,0.0,3.0,0.0,15,1,5,41.8441795396,-87.723182367,POINT (-87.723182367048 41.844179539581)
2065679,db181329938c35dc013277dccfc9657e178e61385191c80d3def1af5377bc69f8c8c4002bba7429026ae7a97c2633dcb5a7953915e68752e1c72c2e7e98f5805,2025-05-18T14:56:00.000,1,DRIVER,,1969114.0,,JEEP,GRAND CHEROKEE,IL,2014.0,NONE,PASSENGER,PERSONAL,N,STRAIGHT AHEAD,Y,,1.0,CPD,103RD  DOTY,,,,,,,,,,,,N,Y,,FRONT,,,,,,,,,,,,,,,,,,,,,,,,,,2025-05-18T14:56:00.000,25,STOP SIGN/FLASHER,NO CONTROLS,CLEAR,DAYLIGHT,ANGLE,FOUR WAY,STRAIGHT AND LEVEL,DRY,NO DEFECTS,ON SCENE,INJURY AND / OR TOW DUE TO CRASH,,,Y,"OVER $1,500",2025-05-18T15:52:00.000,DISREGARDING STOP SIGN,NOT APPLICABLE,6300,S,CHAMPLAIN AVE,312,,,,,,,2,NO INDICATION OF INJURY,0.0,0.0,0.0,0.0,0.0,2.0,0.0,14,1,5,41.7802542842,-87.6097245446,POINT (-87.609724544565 41.780254284186)
2065680,db181329938c35dc013277dccfc9657e178e61385191c80d3def1af5377bc69f8c8c4002bba7429026ae7a97c2633dcb5a7953915e68752e1c72c2e7e98f5805,2025-05-18T14:56:00.000,2,DRIVER,,1969120.0,,CHEVROLET,CRUZE,IL,2017.0,NONE,PASSENGER,PERSONAL,E,STRAIGHT AHEAD,,,1.0,,,,Y,Y,Y,Y,Y,,N,N,N,N,N,,,NONE,,,,,,,,,,,,,,,,,,,,,,,,,,2025-05-18T14:56:00.000,25,STOP SIGN/FLASHER,NO CONTROLS,CLEAR,DAYLIGHT,ANGLE,FOUR WAY,STRAIGHT AND LEVEL,DRY,NO DEFECTS,ON SCENE,INJURY AND / OR TOW DUE TO CRASH,,,Y,"OVER $1,500",2025-05-18T15:52:00.000,DISREGARDING STOP SIGN,NOT APPLICABLE,6300,S,CHAMPLAIN AVE,312,,,,,,,2,NO INDICATION OF INJURY,0.0,0.0,0.0,0.0,0.0,2.0,0.0,14,1,5,41.7802542842,-87.6097245446,POINT (-87.609724544565 41.780254284186)
2065641,1dca1d5de67519f7d7c885e1284ef48e25fef2ed0b3213f0478fdeb619d49bb916c0756093a3ad41518a7024f621160f8fbc9fb5ecd92ad1517b48fec1af4e25,2025-05-18T14:53:00.000,1,DRIVER,,1969087.0,,JEEP,GRAND CHEROKEE,IL,2006.0,UNKNOWN,SPORT UTILITY VEHICLE (SUV),UNKNOWN/NA,N,TURNING LEFT,,,1.0,,,,,,,,,,,,,,,,Y,FRONT-RIGHT-CORNER,,,,,,,,,,,,,,,,,,,,,,,,,,2025-05-18T14:53:00.000,30,NO CONTROLS,NO CONTROLS,CLEAR,DAYLIGHT,TURNING,DIVIDED - W/MEDIAN BARRIER,STRAIGHT AND LEVEL,DRY,NO DEFECTS,NOT ON SCENE (DESK REPORT),NO INJURY / DRIVE AWAY,,,Y,"OVER $1,500",2025-05-18T15:24:00.000,IMPROPER TURNING/NO SIGNAL,NOT APPLICABLE,1640,W,ROOSEVELT RD,1231,,,,,,,2,NO INDICATION OF INJURY,0.0,0.0,0.0,0.0,0.0,3.0,0.0,14,1,5,41.8669693588,-87.6680735475,POINT (-87.668073547523 41.866969358832)
2065642,1dca1d5de67519f7d7c885e1284ef48e25fef2ed0b3213f0478fdeb619d49bb916c0756093a3ad41518a7024f621160f8fbc9fb5ecd92ad1517b48fec1af4e25,2025-05-18T14:53:00.000,2,DRIVER,1.0,1969079.0,,CHEVROLET,EQUINOX,IL,2014.0,UNKNOWN,SPORT UTILITY VEHICLE (SUV),PERSONAL,W,STRAIGHT AHEAD,,,2.0,,,,,,,,,,,Y,Y,,,,,SIDE-LEFT-REAR,,,,,,,,,,,,,,,,,,,,,,,,,,2025-05-18T14:53:00.000,30,NO CONTROLS,NO CONTROLS,CLEAR,DAYLIGHT,TURNING,DIVIDED - W/MEDIAN BARRIER,STRAIGHT AND LEVEL,DRY,NO DEFECTS,NOT ON SCENE (DESK REPORT),NO INJURY / DRIVE AWAY,,,Y,"OVER $1,500",2025-05-18T15:24:00.000,IMPROPER TURNING/NO SIGNAL,NOT APPLICABLE,1640,W,ROOSEVELT RD,1231,,,,,,,2,NO INDICATION OF INJURY,0.0,0.0,0.0,0.0,0.0,3.0,0.0,14,1,5,41.8669693588,-87.6680735475,POINT (-87.668073547523 41.866969358832)
2065677,45ae0bd85ccd206152fad93ea251ec1b4c726f4aad063e313dcb585b8ab7993b37b6945b5641439021f462f38f83ba981d629ab1c3ad5c9ac586cde4c987c518,2025-05-18T14:50:00.000,1,DRIVER,,1969115.0,,TOYOTA,PRIUS,IL,2007.0,UNKNOWN,PASSENGER,PERSONAL,N,STRAIGHT AHEAD,,,1.0,,,,Y,Y,,,,,,,,,,,,SIDE-RIGHT,,,,,,,,,,,,,,,,,,,,,,,,,,2025-05-18T14:50:00.000,30,NO CONTROLS,UNKNOWN,CLEAR,DAYLIGHT,SIDESWIPE SAME DIRECTION,DIVIDED - W/MEDIAN (NOT RAISED),STRAIGHT AND LEVEL,DRY,NO DEFECTS,ON SCENE,NO INJURY / DRIVE AWAY,,,,"OVER $1,500",2025-05-18T14:50:00.000,FAILING TO YIELD RIGHT-OF-WAY,NOT APPLICABLE,3975,N,WESTERN AVE,1921,,Y,,,,,2,NO INDICATION OF INJURY,0.0,0.0,0.0,0.0,0.0,3.0,0.0,14,1,5,41.9539685095,-87.6883179953,POINT (-87.688317995326 41.953968509538)
2065678,45ae0bd85ccd206152fad93ea251ec1b4c726f4aad063e313dcb585b8ab7993b37b6945b5641439021f462f38f83ba981d629ab1c3ad5c9ac586cde4c987c518,2025-05-18T14:50:00.000,2,DRIVER,1.0,1969124.0,,FORD,EXPLORER,IL,,UNKNOWN,PASSENGER,POLICE,N,STRAIGHT AHEAD,,,2.0,,,,,,,,,,Y,Y,,,,,,SIDE-LEFT,,,,,,,,,,,,,,,,,,,,,,,,,,2025-05-18T14:50:00.000,30,NO CONTROLS,UNKNOWN,CLEAR,DAYLIGHT,SIDESWIPE SAME DIRECTION,DIVIDED - W/MEDIAN (NOT RAISED),STRAIGHT AND LEVEL,DRY,NO DEFECTS,ON SCENE,NO INJURY / DRIVE AWAY,,,,"OVER $1,500",2025-05-18T14:50:00.000,FAILING TO YIELD RIGHT-OF-WAY,NOT APPLICABLE,3975,N,WESTERN AVE,1921,,Y,,,,,2,NO INDICATION OF INJURY,0.0,0.0,0.0,0.0,0.0,3.0,0.0,14,1,5,41.9539685095,-87.6883179953,POINT (-87.688317995326 41.953968509538)
2065730,52ed721f191528ea4570c28a3ff367f3ad9d93e20d21af4dc41682c1b8507eff4f85f43354cd6b5729a3d60ff1cfe19447b908c04a885f4bd8a088b73f034fa7,2025-05-18T14:45:00.000,1,DRIVER,,1969171.0,,FORD,FUSION,IL,2015.0,NONE,PASSENGER,PERSONAL,W,STRAIGHT AHEAD,,,1.0,,,,Y,,,,,,,,,,,Y,,FRONT,,,,,,,,,,,,,,,,,,,,,,,,,,2025-05-18T14:45:00.000,30,STOP SIGN/FLASHER,FUNCTIONING PROPERLY,CLEAR,DAYLIGHT,REAR END,FOUR WAY,STRAIGHT AND LEVEL,DRY,NO DEFECTS,ON SCENE,NO INJURY / DRIVE AWAY,N,,,"OVER $1,500",2025-05-18T14:51:00.000,FAILING TO YIELD RIGHT-OF-WAY,NOT APPLICABLE,3142,W,DIVISION ST,1423,,Y,,,,,2,NO INDICATION OF INJURY,0.0,0.0,0.0,0.0,0.0,2.0,0.0,14,1,5,41.9029493047,-87.7060806327,POINT (-87.70608063272 41.902949304708)
2065731,52ed721f191528ea4570c28a3ff367f3ad9d93e20d21af4dc41682c1b8507eff4f85f43354cd6b5729a3d60ff1cfe19447b908c04a885f4bd8a088b73f034fa7,2025-05-18T14:45:00.000,2,DRIVER,,1969180.0,,JEEP,LIBERTY,IL,2005.0,NONE,PASSENGER,NOT IN USE,W,STRAIGHT AHEAD,,,1.0,,,,,,,,,,Y,,,,,,,REAR-LEFT-CORNER,,,,,,,,,,,,,,,,,,,,,,,,,,2025-05-18T14:45:00.000,30,STOP SIGN/FLASHER,FUNCTIONING PROPERLY,CLEAR,DAYLIGHT,REAR END,FOUR WAY,STRAIGHT AND LEVEL,DRY,NO DEFECTS,ON SCENE,NO INJURY / DRIVE AWAY,N,,,"OVER $1,500",2025-05-18T14:51:00.000,FAILING TO YIELD RIGHT-OF-WAY,NOT APPLICABLE,3142,W,DIVISION ST,1423,,Y,,,,,2,NO INDICATION OF INJURY,0.0,0.0,0.0,0.0,0.0,2.0,0.0,14,1,5,41.9029493047,-87.7060806327,POINT (-87.70608063272 41.902949304708)
2065647,5ab3069eb20b663b78a5f80bc03848bc27d3e957fb003c2a33d54c0e18ce94bb75f2e87842e7833acb98b9c64d4094b99e745d70e52751b1a9f7d165037020ea,2025-05-18T14:45:00.000,1,DRIVER,,1969083.0,,UNKNOWN,OTHER (EXPLAIN IN NARRATIVE),,,UNKNOWN,UNKNOWN/NA,UNKNOWN/NA,UNKNOWN,UNKNOWN/NA,,,1.0,,,,,,,,,,,,,,,,Y,UNKNOWN,,,,,,,,,,,,,,,,,,,,,,,,,Y,2025-05-18T14:45:00.000,30,NO CONTROLS,NO CONTROLS,CLEAR,DAYLIGHT,PARKED MOTOR VEHICLE,NOT DIVIDED,STRAIGHT AND LEVEL,DRY,NO DEFECTS,NOT ON SCENE (DESK REPORT),NO INJURY / DRIVE AWAY,,,Y,"OVER $1,500",2025-05-18T15:10:00.000,UNABLE TO DETERMINE,NOT APPLICABLE,6725,N,SHERIDAN RD,2432,,,,,,,2,NO INDICATION OF INJURY,0.0,0.0,0.0,0.0,0.0,1.0,0.0,14,1,5,42.0042731399,-87.6606922976,POINT (-87.660692297591 42.004273139905)
2065648,5ab3069eb20b663b78a5f80bc03848bc27d3e957fb003c2a33d54c0e18ce94bb75f2e87842e7833acb98b9c64d4094b99e745d70e52751b1a9f7d165037020ea,2025-05-18T14:45:00.000,2,PARKED,,1969084.0,,FORD,ESCAPE,MI,2024.0,NONE,SPORT UTILITY VEHICLE (SUV),PERSONAL,N,PARKED,,,0.0,,,,,,,,,,,,Y,Y,,,,SIDE-LEFT,,,,,,,,,,,,,,,,,,,,,,,,,Y,2025-05-18T14:45:00.000,30,NO CONTROLS,NO CONTROLS,CLEAR,DAYLIGHT,PARKED MOTOR VEHICLE,NOT DIVIDED,STRAIGHT AND LEVEL,DRY,NO DEFECTS,NOT ON SCENE (DESK REPORT),NO INJURY / DRIVE AWAY,,,Y,"OVER $1,500",2025-05-18T15:10:00.000,UNABLE TO DETERMINE,NOT APPLICABLE,6725,N,SHERIDAN RD,2432,,,,,,,2,NO INDICATION OF INJURY,0.0,0.0,0.0,0.0,0.0,1.0,0.0,14,1,5,42.0042731399,-87.6606922976,POINT (-87.660692297591 42.004273139905)
2065662,c70adef14bef9e89135b12212d714ac17b28806365b6246728f6e0191ccc637ea84e2a31a8f73dec11f7438e46d0eb897a7dae7acd4508ea1dec78a4429b0fb0,2025-05-18T14:39:00.000,1,DRIVER,,1969098.0,,FORD,ECOSPORT,IL,2020.0,NONE,PASSENGER,PERSONAL,E,TURNING RIGHT,,,1.0,,,,,Y,Y,Y,,,,,,,,,,SIDE-RIGHT,,,,,,,,,,,,,,,,,,,,,,,,,,2025-05-18T14:39:00.000,25,STOP SIGN/FLASHER,NO CONTROLS,CLEAR,DAYLIGHT,TURNING,NOT DIVIDED,STRAIGHT AND LEVEL,DRY,NO DEFECTS,ON SCENE,NO INJURY / DRIVE AWAY,,,,"OVER $1,500",2025-05-18T15:19:00.000,UNABLE TO DETERMINE,UNABLE TO DETERMINE,1399,W,CONGRESS PKWY,1231,,,,,,,2,NO INDICATION OF INJURY,0.0,0.0,0.0,0.0,0.0,2.0,0.0,14,1,5,41.8751527892,-87.6617147886,POINT (-87.661714788596 41.875152789169)
2065663,c70adef14bef9e89135b12212d714ac17b28806365b6246728f6e0191ccc637ea84e2a31a8f73dec11f7438e46d0eb897a7dae7acd4508ea1dec78a4429b0fb0,2025-05-18T14:39:00.000,2,DRIVER,,1969104.0,,CHEVROLET,EQUINOX,IL,2023.0,NONE,OTHER,CTA,E,TURNING RIGHT,,,1.0,,,,,,,,,,,,,Y,Y,,,FRONT-LEFT-CORNER,,,,,,,,,,,,,,,,,,,,,,,,,,2025-05-18T14:39:00.000,25,STOP SIGN/FLASHER,NO CONTROLS,CLEAR,DAYLIGHT,TURNING,NOT DIVIDED,STRAIGHT AND LEVEL,DRY,NO DEFECTS,ON SCENE,NO INJURY / DRIVE AWAY,,,,"OVER $1,500",2025-05-18T15:19:00.000,UNABLE TO DETERMINE,UNABLE TO DETERMINE,1399,W,CONGRESS PKWY,1231,,,,,,,2,NO INDICATION OF INJURY,0.0,0.0,0.0,0.0,0.0,2.0,0.0,14,1,5,41.8751527892,-87.6617147886,POINT (-87.661714788596 41.875152789169)
2065681,58d2bfcb264a7964d923a6351be8d7d2fd97cb32d6021f6bdc3a592bdc116f1ded06be2446473ba768eb9d60a1816a3002cee84b1ba6af39faa59fe19ee89b74,2025-05-18T14:35:00.000,1,DRIVER,,1969118.0,,FORD,ESCAPE,IL,2011.0,UNKNOWN,PASSENGER,PERSONAL,W,STRAIGHT AHEAD,Y,,1.0,private tow,,,Y,,,,,,,,,,Y,Y,,FRONT,,,,,,,,,,,,,,,,,,,,,,,,,,2025-05-18T14:35:00.000,30,TRAFFIC SIGNAL,FUNCTIONING PROPERLY,CLEAR,DAYLIGHT,REAR END,ONE-WAY,STRAIGHT AND LEVEL,DRY,UNKNOWN,ON SCENE,INJURY AND / OR TOW DUE TO CRASH,,,,"OVER $1,500",2025-05-18T15:21:00.000,FOLLOWING TOO CLOSELY,FAILING TO REDUCE SPEED TO AVOID CRASH,3556,W,CONGRESS PKWY,1133,,,,,,,2,NO INDICATION OF INJURY,0.0,0.0,0.0,0.0,0.0,4.0,0.0,14,1,5,41.8745958311,-87.7151093309,POINT (-87.715109330911 41.8745958311)
2065682,58d2bfcb264a7964d923a6351be8d7d2fd97cb32d6021f6bdc3a592bdc116f1ded06be2446473ba768eb9d60a1816a3002cee84b1ba6af39faa59fe19ee89b74,2025-05-18T14:35:00.000,2,DRIVER,2.0,1969123.0,,TOYOTA,HIGHLANDER,IL,2024.0,UNKNOWN,PASSENGER,PERSONAL,W,STRAIGHT AHEAD,,,3.0,,,,,,,,Y,Y,Y,,,,,,,REAR,,,,,,,,,,,,,,,,,,,,,,,,,,2025-05-18T14:35:00.000,30,TRAFFIC SIGNAL,FUNCTIONING PROPERLY,CLEAR,DAYLIGHT,REAR END,ONE-WAY,STRAIGHT AND LEVEL,DRY,UNKNOWN,ON SCENE,INJURY AND / OR TOW DUE TO CRASH,,,,"OVER $1,500",2025-05-18T15:21:00.000,FOLLOWING TOO CLOSELY,FAILING TO REDUCE SPEED TO AVOID CRASH,3556,W,CONGRESS PKWY,1133,,,,,,,2,NO INDICATION OF INJURY,0.0,0.0,0.0,0.0,0.0,4.0,0.0,14,1,5,41.8745958311,-87.7151093309,POINT (-87.715109330911 41.8745958311)
2065665,c0f18d885a9c17a155e4bc4aaea5894833d42457fef8ae99e5ab2e9ac035f80ec71472ccf1ca4a2b44d363d67a651b199ab07ab17cedb40591df3bccb8e91e07,2025-05-18T14:35:00.000,1,DRIVER,,1969101.0,,UNKNOWN,OTHER (EXPLAIN IN NARRATIVE),,,UNKNOWN,VAN/MINI-VAN,UNKNOWN/NA,W,PASSING/OVERTAKING,,,1.0,,,,Y,,,,,,,,,,,,,FRONT-RIGHT-CORNER,,,,,,,,,,,,,,,,,,,,,,,,,,2025-05-18T14:35:00.000,30,UNKNOWN,UNKNOWN,CLEAR,DAYLIGHT,REAR END,"FIVE POINT, OR MORE",STRAIGHT AND LEVEL,DRY,UNKNOWN,ON SCENE,NO INJURY / DRIVE AWAY,,,Y,"OVER $1,500",2025-05-18T14:46:00.000,IMPROPER OVERTAKING/PASSING,IMPROPER OVERTAKING/PASSING,3620,W,IRVING PARK RD,1723,,,,,,,2,NO INDICATION OF INJURY,0.0,0.0,0.0,0.0,0.0,2.0,0.0,14,1,5,41.9538540489,-87.7187666891,POINT (-87.718766689111 41.953854048898)
2065666,c0f18d885a9c17a155e4bc4aaea5894833d42457fef8ae99e5ab2e9ac035f80ec71472ccf1ca4a2b44d363d67a651b199ab07ab17cedb40591df3bccb8e91e07,2025-05-18T14:35:00.000,2,DRIVER,,1969109.0,N,NEW FLYER,D40LF,IL,2007.0,UNKNOWN,BUS OVER 15 PASS.,CTA,W,STRAIGHT AHEAD,,,1.0,,,,,,,,,,Y,,,,,,,REAR-LEFT-CORNER,,,,,,,,,,,,,,,,,,,,,,,,,,2025-05-18T14:35:00.000,30,UNKNOWN,UNKNOWN,CLEAR,DAYLIGHT,REAR END,"FIVE POINT, OR MORE",STRAIGHT AND LEVEL,DRY,UNKNOWN,ON SCENE,NO INJURY / DRIVE AWAY,,,Y,"OVER $1,500",2025-05-18T14:46:00.000,IMPROPER OVERTAKING/PASSING,IMPROPER OVERTAKING/PASSING,3620,W,IRVING PARK RD,1723,,,,,,,2,NO INDICATION OF INJURY,0.0,0.0,0.0,0.0,0.0,2.0,0.0,14,1,5,41.9538540489,-87.7187666891,POINT (-87.718766689111 41.953854048898)
2065673,d6dea9d6021d7dfe8ee654d8a377d3180d1d19ff520dce42ac52e42ea34df0a2cbfb9a90c0fe8c11adaf5c313ec340e239d3e8ce0a7a293d3cd2a1e6a165325c,2025-05-18T14:35:00.000,1,BICYCLE,,,,,,,,,,,,,,,,,,,,,,,,,,,,,,,,,,,,,,,,,,,,,,,,,,,,,,,,,,2025-05-18T14:35:00.000,30,STOP SIGN/FLASHER,FUNCTIONING PROPERLY,CLEAR,DAYLIGHT,PEDALCYCLIST,NOT DIVIDED,STRAIGHT AND LEVEL,DRY,NO DEFECTS,NOT ON SCENE (DESK REPORT),NO INJURY / DRIVE AWAY,N,,,"OVER $1,500",2025-05-18T15:50:00.000,UNABLE TO DETERMINE,NOT APPLICABLE,2338,N,KEDZIE BLVD,1413,,,,,,,2,NO INDICATION OF INJURY,0.0,0.0,0.0,0.0,0.0,3.0,0.0,14,1,5,41.9240807269,-87.7073471584,POINT (-87.707347158436 41.924080726871)
2065674,d6dea9d6021d7dfe8ee654d8a377d3180d1d19ff520dce42ac52e42ea34df0a2cbfb9a90c0fe8c11adaf5c313ec340e239d3e8ce0a7a293d3cd2a1e6a165325c,2025-05-18T14:35:00.000,2,DRIVER,1.0,1969127.0,,VOLVO,OTHER (EXPLAIN IN NARRATIVE),IL,2023.0,NONE,SPORT UTILITY VEHICLE (SUV),PERSONAL,N,STRAIGHT AHEAD,,,2.0,,,,Y,Y,,,,,,,,,,,,SIDE-RIGHT-FRONT,,,,,,,,,,,,,,,,,,,,,,,,,,2025-05-18T14:35:00.000,30,STOP SIGN/FLASHER,FUNCTIONING PROPERLY,CLEAR,DAYLIGHT,PEDALCYCLIST,NOT DIVIDED,STRAIGHT AND LEVEL,DRY,NO DEFECTS,NOT ON SCENE (DESK REPORT),NO INJURY / DRIVE AWAY,N,,,"OVER $1,500",2025-05-18T15:50:00.000,UNABLE TO DETERMINE,NOT APPLICABLE,2338,N,KEDZIE BLVD,1413,,,,,,,2,NO INDICATION OF INJURY,0.0,0.0,0.0,0.0,0.0,3.0,0.0,14,1,5,41.9240807269,-87.7073471584,POINT (-87.707347158436 41.924080726871)
2065685,31add0135d942312155b7b796496b17af6e5d9949cf2b537307bfef9004ba62ab861eac77fee937987b137bcf2df3338deb75914f47f12215fe7330f91b0e905,2025-05-18T14:30:00.000,1,DRIVER,1.0,1969126.0,,UNKNOWN,OTHER (EXPLAIN IN NARRATIVE),IL,,NONE,BUS UP TO 15 PASS.,OTHER,UNKNOWN,BACKING,,,2.0,,,,,,,,,,Y,Y,,,,,,REAR-LEFT-CORNER,,,,,,,,,,,,,,,,,,,,,,,,,,2025-05-18T14:30:00.000,10,NO CONTROLS,NO CONTROLS,CLEAR,DAYLIGHT,PARKED MOTOR VEHICLE,PARKING LOT,STRAIGHT AND LEVEL,DRY,NO DEFECTS,NOT ON SCENE (DESK REPORT),NO INJURY / DRIVE AWAY,,Y,Y,"$501 - $1,500",2025-05-18T16:08:00.000,NOT APPLICABLE,NOT APPLICABLE,4437,S,CICERO AVE,815,,,,,,,2,NO INDICATION OF INJURY,0.0,0.0,0.0,0.0,0.0,2.0,0.0,14,1,5,41.8119896,-87.7431282484,POINT (-87.743128248354 41.811989599987)
2065686,31add0135d942312155b7b796496b17af6e5d9949cf2b537307bfef9004ba62ab861eac77fee937987b137bcf2df3338deb75914f47f12215fe7330f91b0e905,2025-05-18T14:30:00.000,2,PARKED,,1969122.0,,AUDI,Q7,IL,2018.0,NONE,SPORT UTILITY VEHICLE (SUV),PERSONAL,W,PARKED,,,0.0,,,,,,Y,Y,Y,,,,,,,,,SIDE-RIGHT-REAR,,,,,,,,,,,,,,,,,,,,,,,,,,2025-05-18T14:30:00.000,10,NO CONTROLS,NO CONTROLS,CLEAR,DAYLIGHT,PARKED MOTOR VEHICLE,PARKING LOT,STRAIGHT AND LEVEL,DRY,NO DEFECTS,NOT ON SCENE (DESK REPORT),NO INJURY / DRIVE AWAY,,Y,Y,"$501 - $1,500",2025-05-18T16:08:00.000,NOT APPLICABLE,NOT APPLICABLE,4437,S,CICERO AVE,815,,,,,,,2,NO INDICATION OF INJURY,0.0,0.0,0.0,0.0,0.0,2.0,0.0,14,1,5,41.8119896,-87.7431282484,POINT (-87.743128248354 41.811989599987)
2065635,544012c0f0e3b8a08f3fa1d53ced8a9a2b0eb43a2d12990b1ed87a4a3dd3f3b76b9088c0f1fd3d7b5a809a1aa298748113500b95429c131c1b811a62b7a89e8d,2025-05-18T14:30:00.000,1,DRIVER,,1969076.0,,BUICK,LUCERNE,WI,2006.0,UNKNOWN,PASSENGER,PERSONAL,UNKNOWN,CHANGING LANES,,,1.0,,,,,,,,,,,,,,Y,Y,,FRONT-LEFT-CORNER,,,,,,,,,,,,,,,,,,,,,,,,,,2025-05-18T14:30:00.000,30,UNKNOWN,UNKNOWN,CLEAR,DAYLIGHT,SIDESWIPE SAME DIRECTION,NOT DIVIDED,STRAIGHT AND LEVEL,UNKNOWN,UNKNOWN,NOT ON SCENE (DESK REPORT),NO INJURY / DRIVE AWAY,,,,"OVER $1,500",2025-05-18T15:00:00.000,UNABLE TO DETERMINE,UNABLE TO DETERMINE,1317,W,NORTH AVE,1433,,,,,,,2,NO INDICATION OF INJURY,0.0,0.0,0.0,0.0,0.0,2.0,0.0,14,1,5,41.9106110842,-87.6612099755,POINT (-87.66120997547 41.910611084233)
2065636,544012c0f0e3b8a08f3fa1d53ced8a9a2b0eb43a2d12990b1ed87a4a3dd3f3b76b9088c0f1fd3d7b5a809a1aa298748113500b95429c131c1b811a62b7a89e8d,2025-05-18T14:30:00.000,2,DRIVER,,1969085.0,,VOLKSWAGEN,OTHER (EXPLAIN IN NARRATIVE),IL,2024.0,UNKNOWN,SPORT UTILITY VEHICLE (SUV),PERSONAL,UNKNOWN,STRAIGHT AHEAD,,,1.0,,,,,,,,Y,Y,,,,,,,,SIDE-RIGHT-REAR,,,,,,,,,,,,,,,,,,,,,,,,,,2025-05-18T14:30:00.000,30,UNKNOWN,UNKNOWN,CLEAR,DAYLIGHT,SIDESWIPE SAME DIRECTION,NOT DIVIDED,STRAIGHT AND LEVEL,UNKNOWN,UNKNOWN,NOT ON SCENE (DESK REPORT),NO INJURY / DRIVE AWAY,,,,"OVER $1,500",2025-05-18T15:00:00.000,UNABLE TO DETERMINE,UNABLE TO DETERMINE,1317,W,NORTH AVE,1433,,,,,,,2,NO INDICATION OF INJURY,0.0,0.0,0.0,0.0,0.0,2.0,0.0,14,1,5,41.9106110842,-87.6612099755,POINT (-87.66120997547 41.910611084233)
2065651,7f4f744385b765eefd92ce3591186f84c99a78c933b95b3c55f280fe6d43c8f95e5d192eedd2bdd3ce199e51fd39ab9f97cbe0bab82dc071f0037f628b939750,2025-05-18T14:30:00.000,1,DRIVER,,1969086.0,,UNKNOWN,MOTORIZED,IL,,UNKNOWN,UNKNOWN/NA,UNKNOWN/NA,N,UNKNOWN/NA,,,1.0,,,,,,,,,,,,,,,,Y,UNKNOWN,,,,,,,,,,,,,,,,,,,,,,,,,,2025-05-18T14:30:00.000,30,NO CONTROLS,NO CONTROLS,CLEAR,DAYLIGHT,PARKED MOTOR VEHICLE,ONE-WAY,STRAIGHT AND LEVEL,DRY,NO DEFECTS,NOT ON SCENE (DESK REPORT),NO INJURY / DRIVE AWAY,,,Y,"OVER $1,500",2025-05-18T15:30:00.000,UNABLE TO DETERMINE,NOT APPLICABLE,1007,N,WINCHESTER AVE,1212,,,,,,,2,NO INDICATION OF INJURY,0.0,0.0,0.0,0.0,0.0,1.0,0.0,14,1,5,41.8998343569,-87.6757910717,POINT (-87.675791071749 41.899834356925)