crash_unit_id,crash_record_id,crash_date_left,unit_no,unit_type,num_passengers,vehicle_id,cmrc_veh_i,make,model,lic_plate_state,vehicle_year,vehicle_defect,vehicle_type,vehicle_use,travel_direction,maneuver,towed_i,fire_i,occupant_cnt,towed_by,towed_to,area_00_i,area_01_i,area_02_i,area_03_i,area_04_i,area_05_i,area_06_i,area_07_i,area_08_i,area_09_i,area_10_i,area_11_i,area_12_i,area_99_i,first_contact_point,cmv_id,usdot_no,commercial_src,gvwr,carrier_name,carrier_state,carrier_city,hazmat_placards_i,hazmat_present_i,hazmat_report_i,mcs_report_i,hazmat_vio_cause_crash_i,mcs_vio_cause_crash_i,idot_permit_no,trailer1_width,trailer2_width,trailer1_length,axle_cnt,vehicle_config,cargo_body_type,load_type,hazmat_out_of_service_i,mcs_out_of_service_i,hazmat_class,crash_date_est_i,crash_date_right,posted_speed_limit,traffic_control_device,device_condition,weather_condition,lighting_condition,first_crash_type,trafficway_type,alignment,roadway_surface_cond,road_defect,report_type,crash_type,intersection_related_i,private_property_i,hit_and_run_i,damage,date_police_notified,prim_contributory_cause,sec_contributory_cause,street_no,street_direction,street_name,beat_of_occurrence,photos_taken_i,statements_taken_i,dooring_i,work_zone_i,work_zone_type,workers_present_i,num_units,most_severe_injury,injuries_total,injuries_fatal,injuries_incapacitating,injuries_non_incapacitating,injuries_reported_not_evident,injuries_no_indication,injuries_unknown,crash_hour,crash_day_of_week,crash_month,latitude,longitude,location
2065652,7f4f744385b765eefd92ce3591186f84c99a78c933b95b3c55f280fe6d43c8f95e5d192eedd2bdd3ce199e51fd39ab9f97cbe0bab82dc071f0037f628b939750,2025-05-18T14:30:00.000,2,PARKED,,1969091.0,,VOLKSWAGEN,JETTA,IL,2023.0,NONE,PASSENGER,NOT IN USE,N,PARKED,,,0.0,,,,,,,,,,,,Y,Y,Y,,,SIDE-LEFT-FRONT,,,,,,,,,,,,,,,,,,,,,,,,,,2025-05-18T14:30:00.000,30,NO CONTROLS,NO CONTROLS,CLEAR,DAYLIGHT,PARKED MOTOR VEHICLE,ONE-WAY,STRAIGHT AND LEVEL,DRY,NO DEFECTS,NOT ON SCENE (DESK REPORT),NO INJURY / DRIVE AWAY,,,Y,"OVER $1,500",2025-05-18T15:30:00.000,UNABLE TO DETERMINE,NOT APPLICABLE,1007,N,WINCHESTER AVE,1212,,,,,,,2,NO INDICATION OF INJURY,0.0,0.0,0.0,0.0,0.0,1.0,0.0,14,1,5,41.8998343569,-87.6757910717,POINT (-87.675791071749 41.899834356925)
2065653,ef5f014a75b23f72a08f990c8115c6941fafc01f0c0fcae949451bcb456125f2284fb421e8d45aa82421bb96dba730afbb76a134dc2fd082b1fb03d333e13ea5,2025-05-18T14:30:00.000,1,DRIVER,,1969113.0,,CHEVROLET,SILVERADO,IL,2012.0,NONE,PICKUP,PERSONAL,S,STRAIGHT AHEAD,,,1.0,,,,,,,,,,,,,,Y,Y,,FRONT,,,,,,,,,,,,,,,,,,,,,,,,,,2025-05-18T14:30:00.000,20,STOP SIGN/FLASHER,FUNCTIONING PROPERLY,CLEAR,DAYLIGHT,ANGLE,NOT DIVIDED,STRAIGHT AND LEVEL,DRY,NO DEFECTS,ON SCENE,INJURY AND / OR TOW DUE TO CRASH,Y,,,"$501 - $1,500",2025-05-18T15:05:00.000,DISREGARDING STOP SIGN,DISREGARDING STOP SIGN,9001,S,COMMERCIAL AVE,424,,,,N,,,2,NO INDICATION OF INJURY,0.0,0.0,0.0,0.0,0.0,2.0,0.0,14,1,5,41.7318121444,-87.5511487689,POINT (-87.551148768851 41.731812144445)
2065654,ef5f014a75b23f72a08f990c8115c6941fafc01f0c0fcae949451bcb456125f2284fb421e8d45aa82421bb96dba730afbb76a134dc2fd082b1fb03d333e13ea5,2025-05-18T14:30:00.000,2,DRIVER,,1969164.0,,TOYOTA,RAV4,IL,2012.0,NONE,PASSENGER,PERSONAL,W,STRAIGHT AHEAD,Y,,1.0,private,home,,,,,,Y,Y,,,,,,,,REAR-RIGHT-CORNER,,,,,,,,,,,,,,,,,,,,,,,,,,2025-05-18T14:30:00.000,20,STOP SIGN/FLASHER,FUNCTIONING PROPERLY,CLEAR,DAYLIGHT,ANGLE,NOT DIVIDED,STRAIGHT AND LEVEL,DRY,NO DEFECTS,ON SCENE,INJURY AND / OR TOW DUE TO CRASH,Y,,,"$501 - $1,500",2025-05-18T15:05:00.000,DISREGARDING STOP SIGN,DISREGARDING STOP SIGN,9001,S,COMMERCIAL AVE,424,,,,N,,,2,NO INDICATION OF INJURY,0.0,0.0,0.0,0.0,0.0,2.0,0.0,14,1,5,41.7318121444,-87.5511487689,POINT (-87.551148768851 41.731812144445)
2065627,fbd735daa359828120311135ffea9b60909f78a3e896d48d05a7d6016a9a11f9fc68f5a531ae23fba8bc9e0ba4bb36316b78bbede695eff91f4648787689cb34,2025-05-18T14:30:00.000,1,DRIVER,,1969068.0,,CHEVROLET,TRAX,IL,2019.0,UNKNOWN,PASSENGER,PERSONAL,UNKNOWN,BACKING,,,1.0,,,,,,,,,,,,,,,,,UNKNOWN,,,,,,,,,,,,,,,,,,,,,,,,,,2025-05-18T14:30:00.000,10,NO CONTROLS,NO CONTROLS,CLEAR,DAYLIGHT,SIDESWIPE SAME DIRECTION,PARKING LOT,STRAIGHT AND LEVEL,DRY,NO DEFECTS,NOT ON SCENE (DESK REPORT),NO INJURY / DRIVE AWAY,,Y,,$500 OR LESS,2025-05-18T14:30:00.000,FAILING TO YIELD RIGHT-OF-WAY,UNABLE TO DETERMINE,2112,W,PETERSON AVE,2413,,,,,,,2,NO INDICATION OF INJURY,0.0,0.0,0.0,0.0,0.0,2.0,0.0,14,1,5,41.990729218,-87.6829794536,POINT (-87.682979453599 41.990729217961)
2065628,fbd735daa359828120311135ffea9b60909f78a3e896d48d05a7d6016a9a11f9fc68f5a531ae23fba8bc9e0ba4bb36316b78bbede695eff91f4648787689cb34,2025-05-18T14:30:00.000,2,DRIVER,,1969071.0,,CHEVROLET,TRAIL BLAZER,IL,2023.0,NONE,PASSENGER,PERSONAL,UNKNOWN,UNKNOWN/NA,,,1.0,,,,,,,,,,,,,,,,,REAR-RIGHT-CORNER,,,,,,,,,,,,,,,,,,,,,,,,,,2025-05-18T14:30:00.000,10,NO CONTROLS,NO CONTROLS,CLEAR,DAYLIGHT,SIDESWIPE SAME DIRECTION,PARKING LOT,STRAIGHT AND LEVEL,DRY,NO DEFECTS,NOT ON SCENE (DESK REPORT),NO INJURY / DRIVE AWAY,,Y,,$500 OR LESS,2025-05-18T14:30:00.000,FAILING TO YIELD RIGHT-OF-WAY,UNABLE TO DETERMINE,2112,W,PETERSON AVE,2413,,,,,,,2,NO INDICATION OF INJURY,0.0,0.0,0.0,0.0,0.0,2.0,0.0,14,1,5,41.990729218,-87.6829794536,POINT (-87.682979453599 41.990729217961)
2065637,fe468c22c8b8ba1a8e66d907c48627c332b062bddc44e377d87ef408338fe4593a725eaa1f217bc5dd4f214ad04d7c805f5c597d36dba89f19f0e2a54c4c691c,2025-05-18T14:28:00.000,1,DRIVER,,1969077.0,,CHEVROLET,MALIBU,IL,,UNKNOWN,PASSENGER,PERSONAL,E,STRAIGHT AHEAD,,,1.0,,,,Y,Y,,,,,,,,,,,Y,UNKNOWN,,,,,,,,,,,,,,,,,,,,,,,,,,2025-05-18T14:28:00.000,30,NO CONTROLS,NO CONTROLS,CLEAR,DAYLIGHT,SIDESWIPE SAME DIRECTION,DIVIDED - W/MEDIAN BARRIER,STRAIGHT AND LEVEL,DRY,NO DEFECTS,ON SCENE,NO INJURY / DRIVE AWAY,,,Y,"OVER $1,500",2025-05-18T14:48:00.000,UNABLE TO DETERMINE,NOT APPLICABLE,1125,W,95TH ST,2213,,,,,,,2,NO INDICATION OF INJURY,0.0,0.0,0.0,0.0,0.0,2.0,0.0,14,1,5,41.7212452779,-87.6516715035,POINT (-87.651671503532 41.721245277903)
2065638,fe468c22c8b8ba1a8e66d907c48627c332b062bddc44e377d87ef408338fe4593a725eaa1f217bc5dd4f214ad04d7c805f5c597d36dba89f19f0e2a54c4c691c,2025-05-18T14:28:00.000,2,DRIVER,,1969082.0,,BUICK,ENCORE,IL,2020.0,UNKNOWN,SPORT UTILITY VEHICLE (SUV),PERSONAL,E,STRAIGHT AHEAD,,,1.0,,,,,,,,,,Y,,,,,,,REAR-LEFT-CORNER,,,,,,,,,,,,,,,,,,,,,,,,,,2025-05-18T14:28:00.000,30,NO CONTROLS,NO CONTROLS,CLEAR,DAYLIGHT,SIDESWIPE SAME DIRECTION,DIVIDED - W/MEDIAN BARRIER,STRAIGHT AND LEVEL,DRY,NO DEFECTS,ON SCENE,NO INJURY / DRIVE AWAY,,,Y,"OVER $1,500",2025-05-18T14:48:00.000,UNABLE TO DETERMINE,NOT APPLICABLE,1125,W,95TH ST,2213,,,,,,,2,NO INDICATION OF INJURY,0.0,0.0,0.0,0.0,0.0,2.0,0.0,14,1,5,41.7212452779,-87.6516715035,POINT (-87.651671503532 41.721245277903)
2065617,786d11ea2c8b7d5c65bc471cb5eaa6ff713b6a26481479d1e8fc056013aa90e6e58557ddddcfe40e1a197104bdc6254b34603f6bd0a127b5d0205660871de27f,2025-05-18T14:25:00.000,2,DRIVER,,1969047.0,,JAGUAR,OTHER (EXPLAIN IN NARRATIVE),IL,2020.0,NONE,PASSENGER,PERSONAL,UNKNOWN,SLOW/STOP IN TRAFFIC,,,1.0,,,,,,,,,,,,N,N,Y,,,FRONT-LEFT-CORNER,,,,,,,,,,,,,,,,,,,,,,,,,,2025-05-18T14:25:00.000,30,NO CONTROLS,NO CONTROLS,CLEAR,DAYLIGHT,REAR TO FRONT,PARKING LOT,STRAIGHT AND LEVEL,DRY,NO DEFECTS,NOT ON SCENE (DESK REPORT),NO INJURY / DRIVE AWAY,,,,"OVER $1,500",2025-05-18T14:46:00.000,NOT APPLICABLE,NOT APPLICABLE,4936,W,NORTH AVE,2533,,,,,,,2,NO INDICATION OF INJURY,0.0,0.0,0.0,0.0,0.0,2.0,0.0,14,1,5,41.9096772757,-87.7506460785,POINT (-87.750646078529 41.90967727573)
2065618,786d11ea2c8b7d5c65bc471cb5eaa6ff713b6a26481479d1e8fc056013aa90e6e58557ddddcfe40e1a197104bdc6254b34603f6bd0a127b5d0205660871de27f,2025-05-18T14:25:00.000,1,DRIVER,,1969052.0,,HONDA,OTHER (EXPLAIN IN NARRATIVE),IL,2009.0,UNKNOWN,PASSENGER,PERSONAL,UNKNOWN,BACKING,,,1.0,,,,,,,,,,,,,,,,Y,UNKNOWN,,,,,,,,,,,,,,,,,,,,,,,,,,2025-05-18T14:25:00.000,30,NO CONTROLS,NO CONTROLS,CLEAR,DAYLIGHT,REAR TO FRONT,PARKING LOT,STRAIGHT AND LEVEL,DRY,NO DEFECTS,NOT ON SCENE (DESK REPORT),NO INJURY / DRIVE AWAY,,,,"OVER $1,500",2025-05-18T14:46:00.000,NOT APPLICABLE,NOT APPLICABLE,4936,W,NORTH AVE,2533,,,,,,,2,NO INDICATION OF INJURY,0.0,0.0,0.0,0.0,0.0,2.0,0.0,14,1,5,41.9096772757,-87.7506460785,POINT (-87.750646078529 41.90967727573)
2065649,35c823399642776cc0ea94ea4cad7d1fdb4090345c318c634509b813d2d10a893641ccbdb6e4ce46f94cd7cea20e5cba353baf6afe9d58ae0cc9567811d67105,2025-05-18T14:20:00.000,1,DRIVER,,1969088.0,,PONTIAC,G6,IL,2007.0,NONE,PASSENGER,PERSONAL,W,STRAIGHT AHEAD,,,1.0,,,,,,,,Y,,,,,,,,,REAR-RIGHT-CORNER,,,,,,,,,,,,,,,,,,,,,,,,,,2025-05-18T14:20:00.000,30,STOP SIGN/FLASHER,FUNCTIONING PROPERLY,CLEAR,DAYLIGHT,ANGLE,FOUR WAY,STRAIGHT AND LEVEL,DRY,NO DEFECTS,NOT ON SCENE (DESK REPORT),NO INJURY / DRIVE AWAY,Y,,,"OVER $1,500",2025-05-18T14:55:00.000,UNABLE TO DETERMINE,NOT APPLICABLE,5799,S,MICHIGAN AVE,232,,,,,,,2,NO INDICATION OF INJURY,0.0,0.0,0.0,0.0,0.0,3.0,0.0,14,1,5,41.7893345398,-87.6221838409,POINT (-87.622183840892 41.789334539763)
2065650,35c823399642776cc0ea94ea4cad7d1fdb4090345c318c634509b813d2d10a893641ccbdb6e4ce46f94cd7cea20e5cba353baf6afe9d58ae0cc9567811d67105,2025-05-18T14:20:00.000,2,DRIVER,1.0,1969090.0,,FORD,EXPLORER,IL,2016.0,NONE,SPORT UTILITY VEHICLE (SUV),POLICE,S,STRAIGHT AHEAD,,,2.0,,,,,,,,,,,,,,,Y,,FRONT,,,,,,,,,,,,,,,,,,,,,,,,,,2025-05-18T14:20:00.000,30,STOP SIGN/FLASHER,FUNCTIONING PROPERLY,CLEAR,DAYLIGHT,ANGLE,FOUR WAY,STRAIGHT AND LEVEL,DRY,NO DEFECTS,NOT ON SCENE (DESK REPORT),NO INJURY / DRIVE AWAY,Y,,,"OVER $1,500",2025-05-18T14:55:00.000,UNABLE TO DETERMINE,NOT APPLICABLE,5799,S,MICHIGAN AVE,232,,,,,,,2,NO INDICATION OF INJURY,0.0,0.0,0.0,0.0,0.0,3.0,0.0,14,1,5,41.7893345398,-87.6221838409,POINT (-87.622183840892 41.789334539763)
2065812,77e24f44935de2daa7b7968a6e273deddcdf6e995025ee6854f2c628682c5ce60caee5f280c7e92179d561cfd280702ce6018739f51b9591384807521263a5a3,2025-05-18T14:20:00.000,1,DRIVER,,1969245.0,,UNKNOWN,OTHER (EXPLAIN IN NARRATIVE),IL,,UNKNOWN,OTHER,UNKNOWN/NA,UNKNOWN,STRAIGHT AHEAD,,,1.0,,,,,,,,,,,,,,,,,UNKNOWN,,,,,,,,,,,,,,,,,,,,,,,,,,2025-05-18T14:20:00.000,30,UNKNOWN,UNKNOWN,CLEAR,DAYLIGHT,PEDESTRIAN,OTHER,STRAIGHT AND LEVEL,UNKNOWN,UNKNOWN,ON SCENE,INJURY AND / OR TOW DUE TO CRASH,N,,,"OVER $1,500",2025-05-18T16:36:00.000,DRIVING SKILLS/KNOWLEDGE/EXPERIENCE,UNABLE TO DETERMINE,1599,N,CLYBOURN AVE,1822,,N,,,,,2,NONINCAPACITATING INJURY,2.0,0.0,0.0,2.0,0.0,0.0,0.0,14,1,5,41.9109347402,-87.6493370134,POINT (-87.649337013437 41.910934740184)
2065813,77e24f44935de2daa7b7968a6e273deddcdf6e995025ee6854f2c628682c5ce60caee5f280c7e92179d561cfd280702ce6018739f51b9591384807521263a5a3,2025-05-18T14:20:00.000,2,PEDESTRIAN,,,,,,,,,,,,,,,,,,,,,,,,,,,,,,,,,,,,,,,,,,,,,,,,,,,,,,,,,,2025-05-18T14:20:00.000,30,UNKNOWN,UNKNOWN,CLEAR,DAYLIGHT,PEDESTRIAN,OTHER,STRAIGHT AND LEVEL,UNKNOWN,UNKNOWN,ON SCENE,INJURY AND / OR TOW DUE TO CRASH,N,,,"OVER $1,500",2025-05-18T16:36:00.000,DRIVING SKILLS/KNOWLEDGE/EXPERIENCE,UNABLE TO DETERMINE,1599,N,CLYBOURN AVE,1822,,N,,,,,2,NONINCAPACITATING INJURY,2.0,0.0,0.0,2.0,0.0,0.0,0.0,14,1,5,41.9109347402,-87.6493370134,POINT (-87.649337013437 41.910934740184)
2065629,bda64c38a243ad5979bc098c6a354ee54f48a655abe9ea6afa9a37f2a66e6b87a22c9ee37011dfe0b465eaea030616fe331d55b147d8396cdf0cc0a6d8a3d679,2025-05-18T14:20:00.000,1,DRIVER,,1969074.0,,SUBARU,FORESTER,IL,2022.0,UNKNOWN,PASSENGER,PERSONAL,W,TURNING LEFT,,,1.0,,,,,Y,Y,Y,,,,,,,,,,UNKNOWN,,,,,,,,,,,,,,,,,,,,,,,,,,2025-05-18T14:20:00.000,30,UNKNOWN,UNKNOWN,UNKNOWN,UNKNOWN,TURNING,NOT DIVIDED,STRAIGHT AND LEVEL,UNKNOWN,UNKNOWN,NOT ON SCENE (DESK REPORT),NO INJURY / DRIVE AWAY,Y,,,$500 OR LESS,2025-05-18T14:59:00.000,UNABLE TO DETERMINE,UNABLE TO DETERMINE,5923,N,SHERIDAN RD,2022,,,,,,,2,NO INDICATION OF INJURY,0.0,0.0,0.0,0.0,0.0,2.0,0.0,14,1,5,41.9898900201,-87.6552311493,POINT (-87.655231149276 41.989890020138)
2065630,bda64c38a243ad5979bc098c6a354ee54f48a655abe9ea6afa9a37f2a66e6b87a22c9ee37011dfe0b465eaea030616fe331d55b147d8396cdf0cc0a6d8a3d679,2025-05-18T14:20:00.000,2,DRIVER,,1969078.0,,BUICK,LESABRE,IN,2001.0,UNKNOWN,PASSENGER,PERSONAL,S,STRAIGHT AHEAD,,,1.0,,,,,,,,,,,,,,,Y,,FRONT,,,,,,,,,,,,,,,,,,,,,,,,,,2025-05-18T14:20:00.000,30,UNKNOWN,UNKNOWN,UNKNOWN,UNKNOWN,TURNING,NOT DIVIDED,STRAIGHT AND LEVEL,UNKNOWN,UNKNOWN,NOT ON SCENE (DESK REPORT),NO INJURY / DRIVE AWAY,Y,,,$500 OR LESS,2025-05-18T14:59:00.000,UNABLE TO DETERMINE,UNABLE TO DETERMINE,5923,N,SHERIDAN RD,2022,,,,,,,2,NO INDICATION OF INJURY,0.0,0.0,0.0,0.0,0.0,2.0,0.0,14,1,5,41.9898900201,-87.6552311493,POINT (-87.655231149276 41.989890020138)
2065639,d123c05bb13eaa206548682a82da2752d0778fc46e3b357ab6a2bf03a80224545d8939d3632bb9907137f926cd9d8a57caaafee79a02478561b2dec2124d2a5e,2025-05-18T14:18:00.000,1,DRIVER,,1969081.0,,DODGE,OTHER (EXPLAIN IN NARRATIVE),IL,2018.0,UNKNOWN,PASSENGER,PERSONAL,N,STRAIGHT AHEAD,,,1.0,,,,Y,,,,,,,,,,,,,SIDE-RIGHT-FRONT,,,,,,,,,,,,,,,,,,,,,,,,,,2025-05-18T14:18:00.000,35,STOP SIGN/FLASHER,NO CONTROLS,CLEAR,DAYLIGHT,ANGLE,NOT DIVIDED,STRAIGHT AND LEVEL,DRY,UNKNOWN,NOT ON SCENE (DESK REPORT),NO INJURY / DRIVE AWAY,Y,,,"OVER $1,500",2025-05-18T15:00:00.000,UNABLE TO DETERMINE,UNABLE TO DETERMINE,1099,N,LAWLER AVE,1531,,,,,,,2,NO INDICATION OF INJURY,0.0,0.0,0.0,0.0,0.0,2.0,0.0,14,1,5,41.9003653908,-87.7519054975,POINT (-87.751905497471 41.90036539085)
2065640,d123c05bb13eaa206548682a82da2752d0778fc46e3b357ab6a2bf03a80224545d8939d3632bb9907137f926cd9d8a57caaafee79a02478561b2dec2124d2a5e,2025-05-18T14:18:00.000,2,DRIVER,,1969089.0,,CHEVROLET,IMPALA,IL,2015.0,UNKNOWN,PASSENGER,PERSONAL,W,STRAIGHT AHEAD,,,1.0,,,,,,,,,,Y,Y,,,,,,SIDE-LEFT-REAR,,,,,,,,,,,,,,,,,,,,,,,,,,2025-05-18T14:18:00.000,35,STOP SIGN/FLASHER,NO CONTROLS,CLEAR,DAYLIGHT,ANGLE,NOT DIVIDED,STRAIGHT AND LEVEL,DRY,UNKNOWN,NOT ON SCENE (DESK REPORT),NO INJURY / DRIVE AWAY,Y,,,"OVER $1,500",2025-05-18T15:00:00.000,UNABLE TO DETERMINE,UNABLE TO DETERMINE,1099,N,LAWLER AVE,1531,,,,,,,2,NO INDICATION OF INJURY,0.0,0.0,0.0,0.0,0.0,2.0,0.0,14,1,5,41.9003653908,-87.7519054975,POINT (-87.751905497471 41.90036539085)
2065830,1194057ea7c0257cfd0ebb93fdfed5ab6c145fb576e45d8d2e8ac1ce2e35981fe47e7da8f290292c5b41ee5c1b6785a52d63db36df4ca844310ff6d29db02a57,2025-05-18T14:17:00.000,1,DRIVER,,1969265.0,,BUICK,OTHER (EXPLAIN IN NARRATIVE),IL,2025.0,NONE,PASSENGER,PERSONAL,E,TURNING RIGHT,,,1.0,,,,,,,,,,,,,,Y,,,FRONT-LEFT-CORNER,,,,,,,,,,,,,,,,,,,,,,,,,,2025-05-18T14:17:00.000,30,NO CONTROLS,NO CONTROLS,CLEAR,DAYLIGHT,TURNING,NOT DIVIDED,STRAIGHT AND LEVEL,DRY,NO DEFECTS,NOT ON SCENE (DESK REPORT),NO INJURY / DRIVE AWAY,Y,,,"OVER $1,500",2025-05-18T20:00:00.000,FAILING TO YIELD RIGHT-OF-WAY,NOT APPLICABLE,3500,N,ASHLAND AVE,1922,,,,,,,2,NO INDICATION OF INJURY,0.0,0.0,0.0,0.0,0.0,2.0,0.0,14,1,5,41.945255189,-87.6689638185,POINT (-87.668963818529 41.945255189047)
2065831,1194057ea7c0257cfd0ebb93fdfed5ab6c145fb576e45d8d2e8ac1ce2e35981fe47e7da8f290292c5b41ee5c1b6785a52d63db36df4ca844310ff6d29db02a57,2025-05-18T14:17:00.000,2,DRIVER,,1969266.0,,TOYOTA,MATRIX,IL,2009.0,NONE,PASSENGER,PERSONAL,S,STRAIGHT AHEAD,,,1.0,,,,,,Y,Y,,,,,,,,,,SIDE-RIGHT,,,,,,,,,,,,,,,,,,,,,,,,,,2025-05-18T14:17:00.000,30,NO CONTROLS,NO CONTROLS,CLEAR,DAYLIGHT,TURNING,NOT DIVIDED,STRAIGHT AND LEVEL,DRY,NO DEFECTS,NOT ON SCENE (DESK REPORT),NO INJURY / DRIVE AWAY,Y,,,"OVER $1,500",2025-05-18T20:00:00.000,FAILING TO YIELD RIGHT-OF-WAY,NOT APPLICABLE,3500,N,ASHLAND AVE,1922,,,,,,,2,NO INDICATION OF INJURY,0.0,0.0,0.0,0.0,0.0,2.0,0.0,14,1,5,41.945255189,-87.6689638185,POINT (-87.668963818529 41.945255189047)
2065706,3285b32444dead2d69029783db6929247a6de5bbf0eb2ba37ecda94e3dff2f8608e1b264e305120e525be86612e5b32515c9e682454e1b47059b409c16f987ad,2025-05-18T14:00:00.000,1,DRIVER,1.0,1969147.0,,LINCOLN,OTHER (EXPLAIN IN NARRATIVE),IL,2017.0,UNKNOWN,SPORT UTILITY VEHICLE (SUV),PERSONAL,W,CHANGING LANES,,,2.0,,,,,,,,,,,,,Y,Y,,,SIDE-LEFT-FRONT,,,,,,,,,,,,,,,,,,,,,,,,,,2025-05-18T14:00:00.000,30,NO CONTROLS,NO CONTROLS,CLEAR,DAYLIGHT,SIDESWIPE SAME DIRECTION,NOT DIVIDED,STRAIGHT AND LEVEL,DRY,UNKNOWN,NOT ON SCENE (DESK REPORT),INJURY AND / OR TOW DUE TO CRASH,,,,"OVER $1,500",2025-05-18T16:30:00.000,"DISTRACTION - OTHER ELECTRONIC DEVICE (NAVIGATION DEVICE, DVD PLAYER, ETC.)",IMPROPER LANE USAGE,1200,E,63RD ST,314,,,,,,,2,"REPORTED, NOT EVIDENT",1.0,0.0,0.0,0.0,1.0,2.0,0.0,14,1,5,41.7806327049,-87.5961277896,POINT (-87.59612778965 41.780632704942)
2065707,3285b32444dead2d69029783db6929247a6de5bbf0eb2ba37ecda94e3dff2f8608e1b264e305120e525be86612e5b32515c9e682454e1b47059b409c16f987ad,2025-05-18T14:00:00.000,2,DRIVER,,1969156.0,,HONDA,CIVIC,IL,2019.0,UNKNOWN,PASSENGER,PERSONAL,W,STRAIGHT AHEAD,,,1.0,,,,,Y,Y,,,,,,,,,,,SIDE-RIGHT,,,,,,,,,,,,,,,,,,,,,,,,,,2025-05-18T14:00:00.000,30,NO CONTROLS,NO CONTROLS,CLEAR,DAYLIGHT,SIDESWIPE SAME DIRECTION,NOT DIVIDED,STRAIGHT AND LEVEL,DRY,UNKNOWN,NOT ON SCENE (DESK REPORT),INJURY AND / OR TOW DUE TO CRASH,,,,"OVER $1,500",2025-05-18T16:30:00.000,"DISTRACTION - OTHER ELECTRONIC DEVICE (NAVIGATION DEVICE, DVD PLAYER, ETC.)",IMPROPER LANE USAGE,1200,E,63RD ST,314,,,,,,,2,"REPORTED, NOT EVIDENT",1.0,0.0,0.0,0.0,1.0,2.0,0.0,14,1,5,41.7806327049,-87.5961277896,POINT (-87.59612778965 41.780632704942)
2065768,36c95260eceb19e35728b46f46ed9c476bf325bf1e38950f6e98ca61c64548ac8ac0f9e81ba79b5b6163db0bc6dad48e35f1ee2238c4e9757f1df701104bd67d,2025-05-18T14:00:00.000,1,DRIVER,,1969209.0,,VOLVO,V40,IL,2023.0,UNKNOWN,UNKNOWN/NA,UNKNOWN/NA,N,STRAIGHT AHEAD,,,1.0,,,,,,,,,,,,,,,,Y,UNKNOWN,,,,,,,,,,,,,,,,,,,,,,,,,,2025-05-18T14:00:00.000,30,UNKNOWN,UNKNOWN,CLEAR,DAYLIGHT,PEDALCYCLIST,NOT DIVIDED,STRAIGHT AND LEVEL,DRY,UNKNOWN,ON SCENE,INJURY AND / OR TOW DUE TO CRASH,,,,"OVER $1,500",2025-05-18T17:00:00.000,NOT APPLICABLE,NOT APPLICABLE,2313,N,KEDZIE BLVD,1414,,,N,,,,2,NONINCAPACITATING INJURY,1.0,0.0,0.0,1.0,0.0,1.0,0.0,14,1,5,41.923362679,-87.7070275023,POINT (-87.707027502268 41.923362678961)
2065769,36c95260eceb19e35728b46f46ed9c476bf325bf1e38950f6e98ca61c64548ac8ac0f9e81ba79b5b6163db0bc6dad48e35f1ee2238c4e9757f1df701104bd67d,2025-05-18T14:00:00.000,2,BICYCLE,,,,,,,,,,,,,,,,,,,,,,,,,,,,,,,,,,,,,,,,,,,,,,,,,,,,,,,,,,2025-05-18T14:00:00.000,30,UNKNOWN,UNKNOWN,CLEAR,DAYLIGHT,PEDALCYCLIST,NOT DIVIDED,STRAIGHT AND LEVEL,DRY,UNKNOWN,ON SCENE,INJURY AND / OR TOW DUE TO CRASH,,,,"OVER $1,500",2025-05-18T17:00:00.000,NOT APPLICABLE,NOT APPLICABLE,2313,N,KEDZIE BLVD,1414,,,N,,,,2,NONINCAPACITATING INJURY,1.0,0.0,0.0,1.0,0.0,1.0,0.0,14,1,5,41.923362679,-87.7070275023,POINT (-87.707027502268 41.923362678961)
2065611,b90e8e62700871f7834774754dd860e9e4ae60040f90f11c01f3ca59c33f03ab56e670648b71ae79f7e481be149b530f63e56aa5eee3dd92af66940481564217,2025-05-18T14:00:00.000,1,DRIVER,,1969045.0,,TOYOTA,CAMRY,IL,2012.0,NONE,PASSENGER,PERSONAL,S,TURNING LEFT,,,1.0,,,Y,,,,,,,,,,,,,,FRONT,,,,,,,,,,,,,,,,,,,,,,,,,,2025-05-18T14:00:00.000,30,NO CONTROLS,NO CONTROLS,CLEAR,DAYLIGHT,TURNING,NOT DIVIDED,STRAIGHT AND LEVEL,UNKNOWN,UNKNOWN,NOT ON SCENE (DESK REPORT),NO INJURY / DRIVE AWAY,,,,"OVER $1,500",2025-05-18T14:40:00.000,DRIVING SKILLS/KNOWLEDGE/EXPERIENCE,NOT APPLICABLE,5939,S,WESTERN AVE,825,,,,,,,2,NO INDICATION OF INJURY,0.0,0.0,0.0,0.0,0.0,3.0,0.0,14,1,5,41.785418131,-87.6836591183,POINT (-87.683659118318 41.785418131037)