crash_unit_id,crash_record_id,crash_date_left,unit_no,unit_type,num_passengers,vehicle_id,cmrc_veh_i,make,model,lic_plate_state,vehicle_year,vehicle_defect,vehicle_type,vehicle_use,travel_direction,maneuver,towed_i,fire_i,occupant_cnt,towed_by,towed_to,area_00_i,area_01_i,area_02_i,area_03_i,area_04_i,area_05_i,area_06_i,area_07_i,area_08_i,area_09_i,area_10_i,area_11_i,area_12_i,area_99_i,first_contact_point,cmv_id,usdot_no,commercial_src,gvwr,carrier_name,carrier_state,carrier_city,hazmat_placards_i,hazmat_present_i,hazmat_report_i,mcs_report_i,hazmat_vio_cause_crash_i,mcs_vio_cause_crash_i,idot_permit_no,trailer1_width,trailer2_width,trailer1_length,axle_cnt,vehicle_config,cargo_body_type,load_type,hazmat_out_of_service_i,mcs_out_of_service_i,hazmat_class,crash_date_est_i,crash_date_right,posted_speed_limit,traffic_control_device,device_condition,weather_condition,lighting_condition,first_crash_type,trafficway_type,alignment,roadway_surface_cond,road_defect,report_type,crash_type,intersection_related_i,private_property_i,hit_and_run_i,damage,date_police_notified,prim_contributory_cause,sec_contributory_cause,street_no,street_direction,street_name,beat_of_occurrence,photos_taken_i,statements_taken_i,dooring_i,work_zone_i,work_zone_type,workers_present_i,num_units,most_severe_injury,injuries_total,injuries_fatal,injuries_incapacitating,injuries_non_incapacitating,injuries_reported_not_evident,injuries_no_indication,injuries_unknown,crash_hour,crash_day_of_week,crash_month,latitude,longitude,location
2065612,b90e8e62700871f7834774754dd860e9e4ae60040f90f11c01f3ca59c33f03ab56e670648b71ae79f7e481be149b530f63e56aa5eee3dd92af66940481564217,2025-05-18T14:00:00.000,2,DRIVER,1.0,1969054.0,,HYUNDAI,SONATA,IL,2016.0,UNKNOWN,PASSENGER,PERSONAL,E,TURNING LEFT,,,2.0,,,,,,,,,,,,,,,,Y,REAR,,,,,,,,,,,,,,,,,,,,,,,,,,2025-05-18T14:00:00.000,30,NO CONTROLS,NO CONTROLS,CLEAR,DAYLIGHT,TURNING,NOT DIVIDED,STRAIGHT AND LEVEL,UNKNOWN,UNKNOWN,NOT ON SCENE (DESK REPORT),NO INJURY / DRIVE AWAY,,,,"OVER $1,500",2025-05-18T14:40:00.000,DRIVING SKILLS/KNOWLEDGE/EXPERIENCE,NOT APPLICABLE,5939,S,WESTERN AVE,825,,,,,,,2,NO INDICATION OF INJURY,0.0,0.0,0.0,0.0,0.0,3.0,0.0,14,1,5,41.785418131,-87.6836591183,POINT (-87.683659118318 41.785418131037)
2065645,d376bea9b3e98bb351db3ac97e3866ebf4b9039986062d118339893082df7c9d3a6711658904a28eb000f08f19b569b1e8d2e93cae152b11b69a0c79eb58063c,2025-05-18T14:00:00.000,1,DRIVER,,1969099.0,,TOYOTA,CAMRY,IL,2012.0,UNKNOWN,PASSENGER,PERSONAL,W,TURNING LEFT,,,1.0,,,,,,,,,,,,,,Y,,,FRONT-LEFT-CORNER,,,,,,,,,,,,,,,,,,,,,,,,,,2025-05-18T14:00:00.000,30,NO CONTROLS,NO CONTROLS,CLEAR,DAYLIGHT,TURNING,DIVIDED - W/MEDIAN (NOT RAISED),STRAIGHT AND LEVEL,DRY,NO DEFECTS,NOT ON SCENE (DESK REPORT),NO INJURY / DRIVE AWAY,,,,"$501 - $1,500",2025-05-18T15:15:00.000,FAILING TO YIELD RIGHT-OF-WAY,IMPROPER TURNING/NO SIGNAL,5985,S,WESTERN AVE,825,,,,,,,2,NO INDICATION OF INJURY,0.0,0.0,0.0,0.0,0.0,3.0,0.0,14,1,5,41.784824498,-87.6836474996,POINT (-87.683647499581 41.784824497992)
2065646,d376bea9b3e98bb351db3ac97e3866ebf4b9039986062d118339893082df7c9d3a6711658904a28eb000f08f19b569b1e8d2e93cae152b11b69a0c79eb58063c,2025-05-18T14:00:00.000,2,DRIVER,1.0,1969093.0,,HYUNDAI,SONATA,IL,2016.0,UNKNOWN,PASSENGER,PERSONAL,E,STRAIGHT AHEAD,,,2.0,,,,,,,,,,Y,,,,,,,REAR-LEFT-CORNER,,,,,,,,,,,,,,,,,,,,,,,,,,2025-05-18T14:00:00.000,30,NO CONTROLS,NO CONTROLS,CLEAR,DAYLIGHT,TURNING,DIVIDED - W/MEDIAN (NOT RAISED),STRAIGHT AND LEVEL,DRY,NO DEFECTS,NOT ON SCENE (DESK REPORT),NO INJURY / DRIVE AWAY,,,,"$501 - $1,500",2025-05-18T15:15:00.000,FAILING TO YIELD RIGHT-OF-WAY,IMPROPER TURNING/NO SIGNAL,5985,S,WESTERN AVE,825,,,,,,,2,NO INDICATION OF INJURY,0.0,0.0,0.0,0.0,0.0,3.0,0.0,14,1,5,41.784824498,-87.6836474996,POINT (-87.683647499581 41.784824497992)
2065633,72fa3b7c7dca8adc1ca51533bacd35beae563047e6a81f1a24578b44dd379be56bfd28236b99678dd8da187d2bf98ddda3bbf0f5f73a4090b19453e1512c85a4,2025-05-18T13:50:00.000,1,DRIVER,1.0,1969072.0,,FORD,FUSION,MI,2018.0,NONE,PASSENGER,PERSONAL,N,STRAIGHT AHEAD,,,2.0,,,,,Y,Y,Y,,,,,,,,,,SIDE-RIGHT,,,,,,,,,,,,,,,,,,,,,,,,,,2025-05-18T13:50:00.000,30,STOP SIGN/FLASHER,FUNCTIONING PROPERLY,CLEAR,DAYLIGHT,ANGLE,FOUR WAY,STRAIGHT AND LEVEL,DRY,NO DEFECTS,ON SCENE,INJURY AND / OR TOW DUE TO CRASH,Y,,,"OVER $1,500",2025-05-18T13:50:00.000,FAILING TO YIELD RIGHT-OF-WAY,NOT APPLICABLE,4426,W,BELMONT AVE,1731,,,,,,,2,NONINCAPACITATING INJURY,1.0,0.0,0.0,1.0,0.0,2.0,0.0,13,1,5,41.9390559781,-87.7382067821,POINT (-87.738206782055 41.939055978069)
2065634,72fa3b7c7dca8adc1ca51533bacd35beae563047e6a81f1a24578b44dd379be56bfd28236b99678dd8da187d2bf98ddda3bbf0f5f73a4090b19453e1512c85a4,2025-05-18T13:50:00.000,2,DRIVER,,1969425.0,,NISSAN,ALTIMA,IL,2023.0,NONE,PASSENGER,PERSONAL,W,STRAIGHT AHEAD,Y,,1.0,,,,Y,Y,,,,,,,,Y,Y,Y,,FRONT,,,,,,,,,,,,,,,,,,,,,,,,,,2025-05-18T13:50:00.000,30,STOP SIGN/FLASHER,FUNCTIONING PROPERLY,CLEAR,DAYLIGHT,ANGLE,FOUR WAY,STRAIGHT AND LEVEL,DRY,NO DEFECTS,ON SCENE,INJURY AND / OR TOW DUE TO CRASH,Y,,,"OVER $1,500",2025-05-18T13:50:00.000,FAILING TO YIELD RIGHT-OF-WAY,NOT APPLICABLE,4426,W,BELMONT AVE,1731,,,,,,,2,NONINCAPACITATING INJURY,1.0,0.0,0.0,1.0,0.0,2.0,0.0,13,1,5,41.9390559781,-87.7382067821,POINT (-87.738206782055 41.939055978069)
2065603,677a9eadab8550634d7b2e291cdf8cf7ed885a476d47b0cdce424c13b21c6327573b6529842e5eb1393f136c3bd19421607b670d0c17b543b21cb5d70235664f,2025-05-18T13:45:00.000,1,DRIVER,,1969064.0,,FORD,EXPLORER,IL,2021.0,NONE,SPORT UTILITY VEHICLE (SUV),POLICE,S,STRAIGHT AHEAD,,,1.0,,,,,,,,,,,,,,,,,UNDER CARRIAGE,,,,,,,,,,,,,,,,,,,,,,,,,,2025-05-18T13:45:00.000,30,NO CONTROLS,NO CONTROLS,CLEAR,DAYLIGHT,FIXED OBJECT,ONE-WAY,STRAIGHT AND LEVEL,DRY,"RUT, HOLES",NOT ON SCENE (DESK REPORT),NO INJURY / DRIVE AWAY,,,,"OVER $1,500",2025-05-18T14:00:00.000,ROAD ENGINEERING/SURFACE/MARKING DEFECTS,UNABLE TO DETERMINE,4730,S,FEDERAL ST,224,,,,,,,1,NO INDICATION OF INJURY,0.0,0.0,0.0,0.0,0.0,1.0,0.0,13,1,5,41.8082320183,-87.6287185017,POINT (-87.628718501705 41.80823201825)
2065675,709a02e24b1d5033a0e52de87f271424b9f4f96229b01c6eb714853944b8b631cb071942c7383e039111659ced6738e32c24a4497b111aebf5b1f0455847f5cf,2025-05-18T13:45:00.000,1,DRIVER,,1969116.0,,RANGE ROVER OF NORTH AMERICA,RANGE ROVER OF NORTH AMERICA,IL,2015.0,NONE,PASSENGER,PERSONAL,W,BACKING,,,1.0,,,,,,,,,Y,,,,,,,,REAR,,,,,,,,,,,,,,,,,,,,,,,,,,2025-05-18T13:45:00.000,30,NO CONTROLS,NO CONTROLS,CLEAR,DAYLIGHT,REAR TO SIDE,PARKING LOT,STRAIGHT AND LEVEL,DRY,NO DEFECTS,NOT ON SCENE (DESK REPORT),NO INJURY / DRIVE AWAY,,,,"OVER $1,500",2025-05-18T15:45:00.000,"VISION OBSCURED (SIGNS, TREE LIMBS, BUILDINGS, ETC.)",NOT APPLICABLE,6420,W,FULLERTON AVE,2512,,,,,,,2,NO INDICATION OF INJURY,0.0,0.0,0.0,0.0,0.0,2.0,0.0,13,1,5,41.9237817967,-87.7862536744,POINT (-87.786253674433 41.92378179667)
2065676,709a02e24b1d5033a0e52de87f271424b9f4f96229b01c6eb714853944b8b631cb071942c7383e039111659ced6738e32c24a4497b111aebf5b1f0455847f5cf,2025-05-18T13:45:00.000,2,DRIVER,,1969129.0,,GENERAL MOTORS CORPORATION (GMC),SIERRA,IL,2023.0,NONE,PICKUP,PERSONAL,N,STRAIGHT AHEAD,,,1.0,,,,,,,,,,,,,Y,,,,SIDE-LEFT,,,,,,,,,,,,,,,,,,,,,,,,,,2025-05-18T13:45:00.000,30,NO CONTROLS,NO CONTROLS,CLEAR,DAYLIGHT,REAR TO SIDE,PARKING LOT,STRAIGHT AND LEVEL,DRY,NO DEFECTS,NOT ON SCENE (DESK REPORT),NO INJURY / DRIVE AWAY,,,,"OVER $1,500",2025-05-18T15:45:00.000,"VISION OBSCURED (SIGNS, TREE LIMBS, BUILDINGS, ETC.)",NOT APPLICABLE,6420,W,FULLERTON AVE,2512,,,,,,,2,NO INDICATION OF INJURY,0.0,0.0,0.0,0.0,0.0,2.0,0.0,13,1,5,41.9237817967,-87.7862536744,POINT (-87.786253674433 41.92378179667)
2065591,eaa3468719106540997be4ceeb7d9304d346627a9b6cec8b4f9975947500ea824336b2fecfcc5385c3763188bf31b9eb5f5453be4958fb4d0a324241595b45aa,2025-05-18T13:40:00.000,1,DRIVER,,1969035.0,,JEEP,WRANGLER,IL,2013.0,NONE,SPORT UTILITY VEHICLE (SUV),PERSONAL,S,STRAIGHT AHEAD,,,1.0,,,,,,,,,,,,,,,N,Y,FRONT,,,,,,,,,,,,,,,,,,,,,,,,,,2025-05-18T13:40:00.000,30,NO CONTROLS,NO CONTROLS,CLEAR,DAYLIGHT,REAR END,NOT DIVIDED,STRAIGHT AND LEVEL,DRY,NO DEFECTS,NOT ON SCENE (DESK REPORT),INJURY AND / OR TOW DUE TO CRASH,,,,"OVER $1,500",2025-05-18T14:23:00.000,FOLLOWING TOO CLOSELY,NOT APPLICABLE,5800,S,PULASKI RD,813,,,,,,,2,NONINCAPACITATING INJURY,1.0,0.0,0.0,1.0,0.0,1.0,0.0,13,1,5,41.7877089622,-87.7231546648,POINT (-87.723154664842 41.787708962187)
2065592,eaa3468719106540997be4ceeb7d9304d346627a9b6cec8b4f9975947500ea824336b2fecfcc5385c3763188bf31b9eb5f5453be4958fb4d0a324241595b45aa,2025-05-18T13:40:00.000,2,DRIVER,,1969032.0,,TOYOTA,COROLLA,IL,2005.0,NONE,PICKUP,PERSONAL,S,STRAIGHT AHEAD,,,1.0,,,,,,,Y,Y,Y,Y,,,,,,,REAR,,,,,,,,,,,,,,,,,,,,,,,,,,2025-05-18T13:40:00.000,30,NO CONTROLS,NO CONTROLS,CLEAR,DAYLIGHT,REAR END,NOT DIVIDED,STRAIGHT AND LEVEL,DRY,NO DEFECTS,NOT ON SCENE (DESK REPORT),INJURY AND / OR TOW DUE TO CRASH,,,,"OVER $1,500",2025-05-18T14:23:00.000,FOLLOWING TOO CLOSELY,NOT APPLICABLE,5800,S,PULASKI RD,813,,,,,,,2,NONINCAPACITATING INJURY,1.0,0.0,0.0,1.0,0.0,1.0,0.0,13,1,5,41.7877089622,-87.7231546648,POINT (-87.723154664842 41.787708962187)
2065613,12f038a43ba8ce6cec4920eb8ee57ae804ce7ae58155357e9d351a657f2da5594b7d5f8a3336404eb968432b62f814056d6d0a064ceee1d9118e21f4460618ce,2025-05-18T13:39:00.000,1,DRIVER,1.0,1969053.0,,HONDA,PILOT,IL,2012.0,UNKNOWN,SPORT UTILITY VEHICLE (SUV),PERSONAL,N,STRAIGHT AHEAD,,,2.0,,,,,,,,,,,,,Y,Y,,,FRONT-LEFT-CORNER,,,,,,,,,,,,,,,,,,,,,,,,,,2025-05-18T13:39:00.000,30,STOP SIGN/FLASHER,FUNCTIONING PROPERLY,CLEAR,DAYLIGHT,PEDALCYCLIST,NOT DIVIDED,STRAIGHT AND LEVEL,DRY,NO DEFECTS,ON SCENE,INJURY AND / OR TOW DUE TO CRASH,Y,,,"$501 - $1,500",2025-05-18T13:40:00.000,FAILING TO YIELD RIGHT-OF-WAY,FAILING TO REDUCE SPEED TO AVOID CRASH,4901,W,DIVERSEY AVE,2521,,,,,,,2,NONINCAPACITATING INJURY,1.0,0.0,0.0,1.0,0.0,2.0,0.0,13,1,5,41.9313885576,-87.7491755268,POINT (-87.749175526786 41.931388557612)
2065614,12f038a43ba8ce6cec4920eb8ee57ae804ce7ae58155357e9d351a657f2da5594b7d5f8a3336404eb968432b62f814056d6d0a064ceee1d9118e21f4460618ce,2025-05-18T13:39:00.000,2,BICYCLE,,,,,,,,,,,,,,,,,,,,,,,,,,,,,,,,,,,,,,,,,,,,,,,,,,,,,,,,,,2025-05-18T13:39:00.000,30,STOP SIGN/FLASHER,FUNCTIONING PROPERLY,CLEAR,DAYLIGHT,PEDALCYCLIST,NOT DIVIDED,STRAIGHT AND LEVEL,DRY,NO DEFECTS,ON SCENE,INJURY AND / OR TOW DUE TO CRASH,Y,,,"$501 - $1,500",2025-05-18T13:40:00.000,FAILING TO YIELD RIGHT-OF-WAY,FAILING TO REDUCE SPEED TO AVOID CRASH,4901,W,DIVERSEY AVE,2521,,,,,,,2,NONINCAPACITATING INJURY,1.0,0.0,0.0,1.0,0.0,2.0,0.0,13,1,5,41.9313885576,-87.7491755268,POINT (-87.749175526786 41.931388557612)
2066118,03be5dac0cfbcd8734dcbe82f4c6467979cbc2ea3a252698e8a30167f760ecf3ec7a4f78829c279666ccb9128105f064f6327a5ea28efe7f6f6e2c4ce95ca758,2025-05-18T13:35:00.000,1,DRIVER,,1969537.0,,FORD,EDGE,MN,2024.0,NONE,PASSENGER,PERSONAL,NW,CHANGING LANES,,,1.0,,,,Y,,,,,,,,,,,,,FRONT-RIGHT-CORNER,,,,,,,,,,,,,,,,,,,,,,,,,,2025-05-18T13:35:00.000,30,TRAFFIC SIGNAL,FUNCTIONING PROPERLY,CLEAR,DAYLIGHT,FIXED OBJECT,NOT DIVIDED,STRAIGHT AND LEVEL,DRY,NO DEFECTS,NOT ON SCENE (DESK REPORT),NO INJURY / DRIVE AWAY,,,,"$501 - $1,500",2025-05-19T10:30:00.000,UNABLE TO DETERMINE,UNABLE TO DETERMINE,301,S,COLUMBUS DR,114,,,,,,,1,NO INDICATION OF INJURY,0.0,0.0,0.0,0.0,0.0,1.0,0.0,13,1,5,41.8782699191,-87.620528612,POINT (-87.620528612011 41.87826991907)
2065761,e441b82e9bd83007bf43487a0df636f33c42cae9f4f4b71da611a214b6fab78c9a99401ad08667f9a5b5aa1861a004751f556749cb480e181bed90c673b3db00,2025-05-18T13:10:00.000,1,DRIVER,,1969208.0,,UNKNOWN,OTHER (EXPLAIN IN NARRATIVE),IL,,UNKNOWN,UNKNOWN/NA,UNKNOWN/NA,UNKNOWN,PASSING/OVERTAKING,,,1.0,,,,,,,,,,,,,,,,Y,UNKNOWN,,,,,,,,,,,,,,,,,,,,,,,,,,2025-05-18T13:10:00.000,30,NO CONTROLS,NO CONTROLS,CLEAR,DAYLIGHT,SIDESWIPE SAME DIRECTION,NOT DIVIDED,STRAIGHT AND LEVEL,DRY,NO DEFECTS,NOT ON SCENE (DESK REPORT),NO INJURY / DRIVE AWAY,,,Y,"OVER $1,500",2025-05-18T18:14:00.000,IMPROPER OVERTAKING/PASSING,IMPROPER OVERTAKING/PASSING,1647,N,LA SALLE DR,1814,,,,,,,2,NO INDICATION OF INJURY,0.0,0.0,0.0,0.0,0.0,2.0,0.0,13,1,5,41.9125032395,-87.6330119329,POINT (-87.633011932875 41.912503239452)
2065783,e441b82e9bd83007bf43487a0df636f33c42cae9f4f4b71da611a214b6fab78c9a99401ad08667f9a5b5aa1861a004751f556749cb480e181bed90c673b3db00,2025-05-18T13:10:00.000,2,DRIVER,,1969214.0,,HYUNDAI,SANTA FE,IL,2017.0,UNKNOWN,PASSENGER,PERSONAL,UNKNOWN,STRAIGHT AHEAD,,,1.0,,,,Y,Y,Y,Y,,,,,,,,,,SIDE-RIGHT,,,,,,,,,,,,,,,,,,,,,,,,,,2025-05-18T13:10:00.000,30,NO CONTROLS,NO CONTROLS,CLEAR,DAYLIGHT,SIDESWIPE SAME DIRECTION,NOT DIVIDED,STRAIGHT AND LEVEL,DRY,NO DEFECTS,NOT ON SCENE (DESK REPORT),NO INJURY / DRIVE AWAY,,,Y,"OVER $1,500",2025-05-18T18:14:00.000,IMPROPER OVERTAKING/PASSING,IMPROPER OVERTAKING/PASSING,1647,N,LA SALLE DR,1814,,,,,,,2,NO INDICATION OF INJURY,0.0,0.0,0.0,0.0,0.0,2.0,0.0,13,1,5,41.9125032395,-87.6330119329,POINT (-87.633011932875 41.912503239452)
2065660,d9d93e8877be91596e850d4ddc7a3f0eebf19764664bf95542b5e3847f240ce31b8749a1fa04ca74935552982e449a95b3d0479afe9543d05386d886976d48f1,2025-05-18T13:05:00.000,1,PARKED,1.0,1969097.0,,VOLVO,XC90,IL,2007.0,NONE,PASSENGER,NOT IN USE,N,PARKED,,,1.0,,,,,,,,,,,,,,,,,NONE,,,,,,,,,,,,,,,,,,,,,,,,,,2025-05-18T13:05:00.000,30,NO CONTROLS,NO CONTROLS,CLEAR,DAYLIGHT,PARKED MOTOR VEHICLE,NOT DIVIDED,STRAIGHT AND LEVEL,DRY,NO DEFECTS,ON SCENE,NO INJURY / DRIVE AWAY,,,,"$501 - $1,500",2025-05-18T14:54:00.000,FAILING TO YIELD RIGHT-OF-WAY,NOT APPLICABLE,3021,N,KOSTNER AVE,2523,,,,,,,2,NO INDICATION OF INJURY,0.0,0.0,0.0,0.0,0.0,2.0,0.0,13,1,5,41.9359857039,-87.7367912732,POINT (-87.736791273187 41.935985703889)
2065661,d9d93e8877be91596e850d4ddc7a3f0eebf19764664bf95542b5e3847f240ce31b8749a1fa04ca74935552982e449a95b3d0479afe9543d05386d886976d48f1,2025-05-18T13:05:00.000,2,DRIVER,,1969102.0,,TOYOTA,PRIUS,IL,2012.0,NONE,PASSENGER,PERSONAL,N,STRAIGHT AHEAD,,,1.0,,,,,Y,Y,,,,,,,,,,,SIDE-RIGHT,,,,,,,,,,,,,,,,,,,,,,,,,,2025-05-18T13:05:00.000,30,NO CONTROLS,NO CONTROLS,CLEAR,DAYLIGHT,PARKED MOTOR VEHICLE,NOT DIVIDED,STRAIGHT AND LEVEL,DRY,NO DEFECTS,ON SCENE,NO INJURY / DRIVE AWAY,,,,"$501 - $1,500",2025-05-18T14:54:00.000,FAILING TO YIELD RIGHT-OF-WAY,NOT APPLICABLE,3021,N,KOSTNER AVE,2523,,,,,,,2,NO INDICATION OF INJURY,0.0,0.0,0.0,0.0,0.0,2.0,0.0,13,1,5,41.9359857039,-87.7367912732,POINT (-87.736791273187 41.935985703889)
2065752,784426712c47d1c83c8f2de3b73b028ca5d65200096f22fc85f61533a0753adb60fb0a287404d5699c0d53df7174bb2e82206829d96b7d4111b8c660c6de3ee3,2025-05-18T13:00:00.000,1,DRIVER,1.0,1969192.0,,NISSAN,ROGUE,IL,2023.0,UNKNOWN,SPORT UTILITY VEHICLE (SUV),UNKNOWN/NA,N,STRAIGHT AHEAD,,,2.0,,,,,,,,,,,,,,,,Y,SIDE-LEFT,,,,,,,,,,,,,,,,,,,,,,,,,,2025-05-18T13:00:00.000,35,NO CONTROLS,NO CONTROLS,CLEAR,DAYLIGHT,SIDESWIPE SAME DIRECTION,DIVIDED - W/MEDIAN (NOT RAISED),STRAIGHT AND LEVEL,DRY,NO DEFECTS,NOT ON SCENE (DESK REPORT),NO INJURY / DRIVE AWAY,,,,$500 OR LESS,2025-05-18T16:27:00.000,UNABLE TO DETERMINE,UNABLE TO DETERMINE,6001,N,CLARK ST,2433,,,,,,,2,NO INDICATION OF INJURY,0.0,0.0,0.0,0.0,0.0,4.0,0.0,13,1,5,41.9908457233,-87.6698787824,POINT (-87.669878782439 41.990845723305)
2065753,784426712c47d1c83c8f2de3b73b028ca5d65200096f22fc85f61533a0753adb60fb0a287404d5699c0d53df7174bb2e82206829d96b7d4111b8c660c6de3ee3,2025-05-18T13:00:00.000,2,DRIVER,1.0,1969198.0,,NISSAN,SENTRA,IL,2008.0,UNKNOWN,PASSENGER,PERSONAL,N,STRAIGHT AHEAD,,,2.0,,,,,,,,,,,,,Y,,,,SIDE-LEFT-FRONT,,,,,,,,,,,,,,,,,,,,,,,,,,2025-05-18T13:00:00.000,35,NO CONTROLS,NO CONTROLS,CLEAR,DAYLIGHT,SIDESWIPE SAME DIRECTION,DIVIDED - W/MEDIAN (NOT RAISED),STRAIGHT AND LEVEL,DRY,NO DEFECTS,NOT ON SCENE (DESK REPORT),NO INJURY / DRIVE AWAY,,,,$500 OR LESS,2025-05-18T16:27:00.000,UNABLE TO DETERMINE,UNABLE TO DETERMINE,6001,N,CLARK ST,2433,,,,,,,2,NO INDICATION OF INJURY,0.0,0.0,0.0,0.0,0.0,4.0,0.0,13,1,5,41.9908457233,-87.6698787824,POINT (-87.669878782439 41.990845723305)
2065716,f38de42814f32a2f8f6a4c5d9de70e047ab9c726badea54fb3479fb548a48fc62162d3670839e041b19b0d3073d7f7053276b9dff613f49c5075bf8522e300f9,2025-05-18T13:00:00.000,1,DRIVER,,1969166.0,N,FORD,OTHER (EXPLAIN IN NARRATIVE),IL,2021.0,UNKNOWN,TRUCK - SINGLE UNIT,COMMERCIAL - SINGLE UNIT,W,STRAIGHT AHEAD,,,1.0,,,,,,,,,,Y,Y,,,,,,SIDE-LEFT-REAR,,,,,,,,,,,,,,,,,,,,,,,,,,2025-05-18T13:00:00.000,30,STOP SIGN/FLASHER,FUNCTIONING PROPERLY,CLEAR,DAYLIGHT,PARKED MOTOR VEHICLE,NOT DIVIDED,STRAIGHT AND LEVEL,DRY,NO DEFECTS,ON SCENE,NO INJURY / DRIVE AWAY,,,,"$501 - $1,500",2025-05-18T13:03:00.000,UNABLE TO DETERMINE,FAILING TO REDUCE SPEED TO AVOID CRASH,3651,W,85TH ST,834,,,,,,,2,NO INDICATION OF INJURY,0.0,0.0,0.0,0.0,0.0,1.0,0.0,13,1,5,41.7385346512,-87.7141449348,POINT (-87.714144934793 41.738534651245)
2065717,f38de42814f32a2f8f6a4c5d9de70e047ab9c726badea54fb3479fb548a48fc62162d3670839e041b19b0d3073d7f7053276b9dff613f49c5075bf8522e300f9,2025-05-18T13:00:00.000,2,PARKED,,1969169.0,,HONDA,CR-V,IL,2012.0,NONE,SPORT UTILITY VEHICLE (SUV),PERSONAL,E,PARKED,,,0.0,,,,,,,,,,Y,Y,Y,,,,,SIDE-LEFT,,,,,,,,,,,,,,,,,,,,,,,,,,2025-05-18T13:00:00.000,30,STOP SIGN/FLASHER,FUNCTIONING PROPERLY,CLEAR,DAYLIGHT,PARKED MOTOR VEHICLE,NOT DIVIDED,STRAIGHT AND LEVEL,DRY,NO DEFECTS,ON SCENE,NO INJURY / DRIVE AWAY,,,,"$501 - $1,500",2025-05-18T13:03:00.000,UNABLE TO DETERMINE,FAILING TO REDUCE SPEED TO AVOID CRASH,3651,W,85TH ST,834,,,,,,,2,NO INDICATION OF INJURY,0.0,0.0,0.0,0.0,0.0,1.0,0.0,13,1,5,41.7385346512,-87.7141449348,POINT (-87.714144934793 41.738534651245)
2065577,55f2f5143b1237034d92e941b477882e36ec2253acfc322068a3f851ef59e789eccaa2f35a240328435d9ffbd7b27a652aac7fee4f4ba5352395c012b650eb86,2025-05-18T12:55:00.000,1,DRIVER,,1969066.0,,TOYOTA,CAMRY,IL,2011.0,UNKNOWN,PASSENGER,PERSONAL,S,STRAIGHT AHEAD,Y,,1.0,OWNER,,,Y,,,,,,,,,,Y,Y,,FRONT,,,,,,,,,,,,,,,,,,,,,,,,,,2025-05-18T12:55:00.000,45,NO CONTROLS,NO CONTROLS,CLEAR,DAYLIGHT,REAR END,DIVIDED - W/MEDIAN BARRIER,STRAIGHT AND LEVEL,DRY,NO DEFECTS,ON SCENE,INJURY AND / OR TOW DUE TO CRASH,,,,"OVER $1,500",2025-05-18T12:57:00.000,UNABLE TO DETERMINE,UNABLE TO DETERMINE,4658,S,LAKE SHORE DR SB,222,,,,,,,3,"REPORTED, NOT EVIDENT",1.0,0.0,0.0,0.0,1.0,2.0,0.0,12,1,5,41.8108282806,-87.5895354104,POINT (-87.58953541043 41.810828280637)
2065578,55f2f5143b1237034d92e941b477882e36ec2253acfc322068a3f851ef59e789eccaa2f35a240328435d9ffbd7b27a652aac7fee4f4ba5352395c012b650eb86,2025-05-18T12:55:00.000,2,DRIVER,,1969070.0,,TOYOTA,RAV4,IL,2021.0,UNKNOWN,PASSENGER,OTHER,S,STRAIGHT AHEAD,Y,,1.0,OWNER,,,Y,N,,,Y,Y,Y,,,,,,,REAR,,,,,,,,,,,,,,,,,,,,,,,,,,2025-05-18T12:55:00.000,45,NO CONTROLS,NO CONTROLS,CLEAR,DAYLIGHT,REAR END,DIVIDED - W/MEDIAN BARRIER,STRAIGHT AND LEVEL,DRY,NO DEFECTS,ON SCENE,INJURY AND / OR TOW DUE TO CRASH,,,,"OVER $1,500",2025-05-18T12:57:00.000,UNABLE TO DETERMINE,UNABLE TO DETERMINE,4658,S,LAKE SHORE DR SB,222,,,,,,,3,"REPORTED, NOT EVIDENT",1.0,0.0,0.0,0.0,1.0,2.0,0.0,12,1,5,41.8108282806,-87.5895354104,POINT (-87.58953541043 41.810828280637)
2065579,55f2f5143b1237034d92e941b477882e36ec2253acfc322068a3f851ef59e789eccaa2f35a240328435d9ffbd7b27a652aac7fee4f4ba5352395c012b650eb86,2025-05-18T12:55:00.000,3,DRIVER,,1969075.0,,TOYOTA,COROLLA,IL,2023.0,UNKNOWN,PASSENGER,PERSONAL,S,STRAIGHT AHEAD,,,1.0,,,,,,,,,,,Y,Y,,,,,REAR-LEFT-CORNER,,,,,,,,,,,,,,,,,,,,,,,,,,2025-05-18T12:55:00.000,45,NO CONTROLS,NO CONTROLS,CLEAR,DAYLIGHT,REAR END,DIVIDED - W/MEDIAN BARRIER,STRAIGHT AND LEVEL,DRY,NO DEFECTS,ON SCENE,INJURY AND / OR TOW DUE TO CRASH,,,,"OVER $1,500",2025-05-18T12:57:00.000,UNABLE TO DETERMINE,UNABLE TO DETERMINE,4658,S,LAKE SHORE DR SB,222,,,,,,,3,"REPORTED, NOT EVIDENT",1.0,0.0,0.0,0.0,1.0,2.0,0.0,12,1,5,41.8108282806,-87.5895354104,POINT (-87.58953541043 41.810828280637)