crash_unit_id,crash_record_id,crash_date_left,unit_no,unit_type,num_passengers,vehicle_id,cmrc_veh_i,make,model,lic_plate_state,vehicle_year,vehicle_defect,vehicle_type,vehicle_use,travel_direction,maneuver,towed_i,fire_i,occupant_cnt,towed_by,towed_to,area_00_i,area_01_i,area_02_i,area_03_i,area_04_i,area_05_i,area_06_i,area_07_i,area_08_i,area_09_i,area_10_i,area_11_i,area_12_i,area_99_i,first_contact_point,cmv_id,usdot_no,commercial_src,gvwr,carrier_name,carrier_state,carrier_city,hazmat_placards_i,hazmat_present_i,hazmat_report_i,mcs_report_i,hazmat_vio_cause_crash_i,mcs_vio_cause_crash_i,idot_permit_no,trailer1_width,trailer2_width,trailer1_length,axle_cnt,vehicle_config,cargo_body_type,load_type,hazmat_out_of_service_i,mcs_out_of_service_i,hazmat_class,crash_date_est_i,crash_date_right,posted_speed_limit,traffic_control_device,device_condition,weather_condition,lighting_condition,first_crash_type,trafficway_type,alignment,roadway_surface_cond,road_defect,report_type,crash_type,intersection_related_i,private_property_i,hit_and_run_i,damage,date_police_notified,prim_contributory_cause,sec_contributory_cause,street_no,street_direction,street_name,beat_of_occurrence,photos_taken_i,statements_taken_i,dooring_i,work_zone_i,work_zone_type,workers_present_i,num_units,most_severe_injury,injuries_total,injuries_fatal,injuries_incapacitating,injuries_non_incapacitating,injuries_reported_not_evident,injuries_no_indication,injuries_unknown,crash_hour,crash_day_of_week,crash_month,latitude,longitude,location
2065563,373e4ca1e8018f043bf5912408473a089b07af70eb181cfc91d224577931b1a1a571c52294e725169e88b4d82a63a03a7fce051fe4a4bd4db0056f91be94dc80,2025-05-18T12:54:00.000,1,DRIVER,,1969020.0,,AUDI,A3,IL,2025.0,UNKNOWN,PASSENGER,PERSONAL,S,TURNING LEFT,,,1.0,,,,,,,,,,,,,Y,Y,,,FRONT-LEFT-CORNER,,,,,,,,,,,,,,,,,,,,,,,,,,2025-05-18T12:54:00.000,30,TRAFFIC SIGNAL,FUNCTIONING PROPERLY,CLEAR,DAYLIGHT,TURNING,CENTER TURN LANE,STRAIGHT AND LEVEL,DRY,NO DEFECTS,ON SCENE,NO INJURY / DRIVE AWAY,,,,"OVER $1,500",2025-05-18T12:54:00.000,IMPROPER TURNING/NO SIGNAL,IMPROPER TURNING/NO SIGNAL,1645,N,WESTERN AVE,1434,,,,,,,2,NO INDICATION OF INJURY,0.0,0.0,0.0,0.0,0.0,4.0,0.0,12,1,5,41.9115706093,-87.6871065394,POINT (-87.687106539414 41.911570609305)
2065564,373e4ca1e8018f043bf5912408473a089b07af70eb181cfc91d224577931b1a1a571c52294e725169e88b4d82a63a03a7fce051fe4a4bd4db0056f91be94dc80,2025-05-18T12:54:00.000,2,DRIVER,2.0,1969026.0,,FORD,EXPLORER,IL,2017.0,NONE,PASSENGER,POLICE,N,STRAIGHT AHEAD,,,3.0,,,,Y,,,,,,,,,,Y,Y,,FRONT,,,,,,,,,,,,,,,,,,,,,,,,,,2025-05-18T12:54:00.000,30,TRAFFIC SIGNAL,FUNCTIONING PROPERLY,CLEAR,DAYLIGHT,TURNING,CENTER TURN LANE,STRAIGHT AND LEVEL,DRY,NO DEFECTS,ON SCENE,NO INJURY / DRIVE AWAY,,,,"OVER $1,500",2025-05-18T12:54:00.000,IMPROPER TURNING/NO SIGNAL,IMPROPER TURNING/NO SIGNAL,1645,N,WESTERN AVE,1434,,,,,,,2,NO INDICATION OF INJURY,0.0,0.0,0.0,0.0,0.0,4.0,0.0,12,1,5,41.9115706093,-87.6871065394,POINT (-87.687106539414 41.911570609305)
2065669,882030b36bc9b2beb68aa66e8413c393ab3bcbc689949c85a2c13089467233b4caac69de8ed50c6d78fd09db4c6dfef574906501cc13f5ff5288e4d4a25b43d0,2025-05-18T12:50:00.000,1,DRIVER,,1969121.0,,UNKNOWN,OTHER (EXPLAIN IN NARRATIVE),IL,,UNKNOWN,UNKNOWN/NA,UNKNOWN/NA,E,UNKNOWN/NA,,,1.0,,,,,,,,,,,,,,,,,UNKNOWN,,,,,,,,,,,,,,,,,,,,,,,,,Y,2025-05-18T12:50:00.000,25,NO CONTROLS,NO CONTROLS,CLEAR,DAYLIGHT,PARKED MOTOR VEHICLE,DIVIDED - W/MEDIAN (NOT RAISED),STRAIGHT AND LEVEL,DRY,UNKNOWN,ON SCENE,NO INJURY / DRIVE AWAY,,,Y,$500 OR LESS,2025-05-18T14:37:00.000,NOT APPLICABLE,NOT APPLICABLE,725,W,MONTROSE AVE,1915,,,,,,,2,NO INDICATION OF INJURY,0.0,0.0,0.0,0.0,0.0,1.0,0.0,12,1,5,41.9617548035,-87.648543725,POINT (-87.648543724977 41.961754803528)
2065670,882030b36bc9b2beb68aa66e8413c393ab3bcbc689949c85a2c13089467233b4caac69de8ed50c6d78fd09db4c6dfef574906501cc13f5ff5288e4d4a25b43d0,2025-05-18T12:50:00.000,2,PARKED,,1969125.0,,HARLEY-DAVIDSON,HARLEY-DAVIDSON,IL,2023.0,UNKNOWN,MOTORCYCLE (OVER 150CC),UNKNOWN/NA,W,PARKED,,,0.0,,,,,,,,,,,,,,,,,UNKNOWN,,,,,,,,,,,,,,,,,,,,,,,,,Y,2025-05-18T12:50:00.000,25,NO CONTROLS,NO CONTROLS,CLEAR,DAYLIGHT,PARKED MOTOR VEHICLE,DIVIDED - W/MEDIAN (NOT RAISED),STRAIGHT AND LEVEL,DRY,UNKNOWN,ON SCENE,NO INJURY / DRIVE AWAY,,,Y,$500 OR LESS,2025-05-18T14:37:00.000,NOT APPLICABLE,NOT APPLICABLE,725,W,MONTROSE AVE,1915,,,,,,,2,NO INDICATION OF INJURY,0.0,0.0,0.0,0.0,0.0,1.0,0.0,12,1,5,41.9617548035,-87.648543725,POINT (-87.648543724977 41.961754803528)
2065565,1742b3b3391f3e8910217325ff2c99a388cc24ae2613027fb2c19b91003c7b9e94098cf446dd84416ffb82f9b62511801cda603c37ca145b20b541f840a24d62,2025-05-18T12:45:00.000,1,DRIVER,,1969024.0,,NISSAN,ALTIMA,IL,,UNKNOWN,PASSENGER,UNKNOWN/NA,S,MERGING,,,1.0,,,,Y,Y,,,,,,,,,,Y,,FRONT-RIGHT-CORNER,,,,,,,,,,,,,,,,,,,,,,,,,,2025-05-18T12:45:00.000,30,TRAFFIC SIGNAL,FUNCTIONING PROPERLY,CLEAR,DAYLIGHT,SIDESWIPE OPPOSITE DIRECTION,FOUR WAY,STRAIGHT AND LEVEL,DRY,NO DEFECTS,NOT ON SCENE (DESK REPORT),NO INJURY / DRIVE AWAY,,,,"OVER $1,500",2025-05-18T13:30:00.000,UNABLE TO DETERMINE,NOT APPLICABLE,79,N,HOMAN BLVD,1123,,,,,,,2,NO INDICATION OF INJURY,0.0,0.0,0.0,0.0,0.0,2.0,0.0,12,1,5,41.8826982186,-87.7109127375,POINT (-87.710912737474 41.882698218633)
2065566,1742b3b3391f3e8910217325ff2c99a388cc24ae2613027fb2c19b91003c7b9e94098cf446dd84416ffb82f9b62511801cda603c37ca145b20b541f840a24d62,2025-05-18T12:45:00.000,2,DRIVER,,1969010.0,,CHEVROLET,EQUINOX,IL,2017.0,NONE,SPORT UTILITY VEHICLE (SUV),PERSONAL,N,SLOW/STOP IN TRAFFIC,,,1.0,,,,,,,Y,Y,Y,N,N,,,,,,REAR-LEFT-CORNER,,,,,,,,,,,,,,,,,,,,,,,,,,2025-05-18T12:45:00.000,30,TRAFFIC SIGNAL,FUNCTIONING PROPERLY,CLEAR,DAYLIGHT,SIDESWIPE OPPOSITE DIRECTION,FOUR WAY,STRAIGHT AND LEVEL,DRY,NO DEFECTS,NOT ON SCENE (DESK REPORT),NO INJURY / DRIVE AWAY,,,,"OVER $1,500",2025-05-18T13:30:00.000,UNABLE TO DETERMINE,NOT APPLICABLE,79,N,HOMAN BLVD,1123,,,,,,,2,NO INDICATION OF INJURY,0.0,0.0,0.0,0.0,0.0,2.0,0.0,12,1,5,41.8826982186,-87.7109127375,POINT (-87.710912737474 41.882698218633)
2066097,6ecf51f1c9713043a5bfd43e2bf22bb01033628cc50f43fbe05f1d2a07554e8d509dd642ec8cf0213adb8d13e124f3e0f8ba3e0cd063667fc64b2ca186245803,2025-05-18T12:45:00.000,1,DRIVER,,1969515.0,,CHEVROLET,MALIBU,IL,2021.0,UNKNOWN,PASSENGER,UNKNOWN/NA,W,BACKING,,,1.0,,,,,,,,,,,,,,,,Y,UNKNOWN,,,,,,,,,,,,,,,,,,,,,,,,,,2025-05-18T12:45:00.000,30,NO CONTROLS,NO CONTROLS,CLEAR,DAYLIGHT,REAR TO SIDE,NOT DIVIDED,STRAIGHT AND LEVEL,UNKNOWN,UNKNOWN,NOT ON SCENE (DESK REPORT),NO INJURY / DRIVE AWAY,,,,"OVER $1,500",2025-05-19T09:45:00.000,UNABLE TO DETERMINE,UNABLE TO DETERMINE,3701,N,RACINE AVE,1923,,,,,,,2,NO INDICATION OF INJURY,0.0,0.0,0.0,0.0,0.0,4.0,0.0,12,1,5,41.9490521226,-87.6590666932,POINT (-87.659066693205 41.949052122587)
2066098,6ecf51f1c9713043a5bfd43e2bf22bb01033628cc50f43fbe05f1d2a07554e8d509dd642ec8cf0213adb8d13e124f3e0f8ba3e0cd063667fc64b2ca186245803,2025-05-18T12:45:00.000,2,DRIVER,2.0,1969521.0,,HYUNDAI,ELANTRA,,2013.0,UNKNOWN,PASSENGER,PERSONAL,N,STRAIGHT AHEAD,,,3.0,,,,,,Y,Y,,,,,,,,,,SIDE-RIGHT,,,,,,,,,,,,,,,,,,,,,,,,,,2025-05-18T12:45:00.000,30,NO CONTROLS,NO CONTROLS,CLEAR,DAYLIGHT,REAR TO SIDE,NOT DIVIDED,STRAIGHT AND LEVEL,UNKNOWN,UNKNOWN,NOT ON SCENE (DESK REPORT),NO INJURY / DRIVE AWAY,,,,"OVER $1,500",2025-05-19T09:45:00.000,UNABLE TO DETERMINE,UNABLE TO DETERMINE,3701,N,RACINE AVE,1923,,,,,,,2,NO INDICATION OF INJURY,0.0,0.0,0.0,0.0,0.0,4.0,0.0,12,1,5,41.9490521226,-87.6590666932,POINT (-87.659066693205 41.949052122587)
2065567,0e71b24f63161916e5efa64ab5ab921e46b95528d62532f44b1fb8ef2819fac83f3588ebb6cb3109e92a8cb5784c8372ac66fcd0e2eb21f0cb1766397beac2ec,2025-05-18T12:40:00.000,1,DRIVER,,1969019.0,N,FREIGHTLINER CORPORATION,FREIGHTLINER CORP.,FL,2021.0,NONE,TRUCK - SINGLE UNIT,OTHER,SE,AVOIDING VEHICLES/OBJECTS,,,1.0,,,,,,,,,Y,,,,,,,,REAR,,,,,,,,,,,,,,,,,,,,,,,,,,2025-05-18T12:40:00.000,30,NO CONTROLS,NO CONTROLS,CLEAR,DAYLIGHT,PARKED MOTOR VEHICLE,NOT DIVIDED,STRAIGHT AND LEVEL,DRY,NO DEFECTS,ON SCENE,NO INJURY / DRIVE AWAY,,,,"OVER $1,500",2025-05-18T12:55:00.000,DRIVING SKILLS/KNOWLEDGE/EXPERIENCE,UNABLE TO DETERMINE,2568,N,MILWAUKEE AVE,1414,,,,,,,2,NO INDICATION OF INJURY,0.0,0.0,0.0,0.0,0.0,1.0,0.0,12,1,5,41.9279089071,-87.7057394213,POINT (-87.705739421333 41.927908907092)
2065568,0e71b24f63161916e5efa64ab5ab921e46b95528d62532f44b1fb8ef2819fac83f3588ebb6cb3109e92a8cb5784c8372ac66fcd0e2eb21f0cb1766397beac2ec,2025-05-18T12:40:00.000,2,PARKED,,1969023.0,,NISSAN,ALTIMA,IL,2013.0,NONE,PASSENGER,PERSONAL,UNKNOWN,PARKED,,,0.0,,,,,,,,,,,,,,,Y,,FRONT,,,,,,,,,,,,,,,,,,,,,,,,,,2025-05-18T12:40:00.000,30,NO CONTROLS,NO CONTROLS,CLEAR,DAYLIGHT,PARKED MOTOR VEHICLE,NOT DIVIDED,STRAIGHT AND LEVEL,DRY,NO DEFECTS,ON SCENE,NO INJURY / DRIVE AWAY,,,,"OVER $1,500",2025-05-18T12:55:00.000,DRIVING SKILLS/KNOWLEDGE/EXPERIENCE,UNABLE TO DETERMINE,2568,N,MILWAUKEE AVE,1414,,,,,,,2,NO INDICATION OF INJURY,0.0,0.0,0.0,0.0,0.0,1.0,0.0,12,1,5,41.9279089071,-87.7057394213,POINT (-87.705739421333 41.927908907092)
2065597,9e6605aead2c61baf0b895a1aee6742b5bb297bbd8f978e9eda77a4d7a7b12e42de21956996e225409dfc0fdc9f6fbbd7c2550bdc3493d8057b203efec3985ed,2025-05-18T12:40:00.000,2,DRIVER,1.0,1969036.0,,FORD,TRANSIT,IL,2020.0,UNKNOWN,OTHER,OTHER,W,OTHER,,,2.0,,,,,,,,,,Y,,,,,,,REAR-LEFT-CORNER,,,,,,,,,,,,,,,,,,,,,,,,,,2025-05-18T12:40:00.000,30,NO CONTROLS,NO CONTROLS,CLEAR,DAYLIGHT,SIDESWIPE SAME DIRECTION,NOT DIVIDED,STRAIGHT AND LEVEL,DRY,NO DEFECTS,NOT ON SCENE (DESK REPORT),NO INJURY / DRIVE AWAY,,,Y,"OVER $1,500",2025-05-18T14:30:00.000,UNABLE TO DETERMINE,UNABLE TO DETERMINE,1210,W,78TH ST,612,,,,,,,2,NO INDICATION OF INJURY,0.0,0.0,0.0,0.0,0.0,4.0,0.0,12,1,5,41.7524203758,-87.6542500982,POINT (-87.654250098169 41.752420375798)
2065598,9e6605aead2c61baf0b895a1aee6742b5bb297bbd8f978e9eda77a4d7a7b12e42de21956996e225409dfc0fdc9f6fbbd7c2550bdc3493d8057b203efec3985ed,2025-05-18T12:40:00.000,1,DRIVER,1.0,1969040.0,,CHEVROLET,MALIBU,,,UNKNOWN,PASSENGER,PERSONAL,W,UNKNOWN/NA,,,2.0,,,,,,,,,,,,,,,,Y,UNKNOWN,,,,,,,,,,,,,,,,,,,,,,,,,,2025-05-18T12:40:00.000,30,NO CONTROLS,NO CONTROLS,CLEAR,DAYLIGHT,SIDESWIPE SAME DIRECTION,NOT DIVIDED,STRAIGHT AND LEVEL,DRY,NO DEFECTS,NOT ON SCENE (DESK REPORT),NO INJURY / DRIVE AWAY,,,Y,"OVER $1,500",2025-05-18T14:30:00.000,UNABLE TO DETERMINE,UNABLE TO DETERMINE,1210,W,78TH ST,612,,,,,,,2,NO INDICATION OF INJURY,0.0,0.0,0.0,0.0,0.0,4.0,0.0,12,1,5,41.7524203758,-87.6542500982,POINT (-87.654250098169 41.752420375798)
2065625,6a646fc3502cee71924e190cad21e0929b052c059dcb1d893d959a64ba15620ed55a2294451a2bf5ee671b784614091d2a5e09d5a1646784b51e411d35ba47b6,2025-05-18T12:36:00.000,1,DRIVER,,1969069.0,,UNKNOWN,OTHER (EXPLAIN IN NARRATIVE),TN,,NONE,TRACTOR W/ SEMI-TRAILER,OTHER,N,TURNING LEFT,,,1.0,,,,,,,,,,,,,,,,Y,UNKNOWN,,,,,,,,,,,,,,,,,,,,,,,,,,2025-05-18T12:36:00.000,30,NO CONTROLS,NO CONTROLS,CLEAR,DAYLIGHT,TURNING,NOT DIVIDED,STRAIGHT AND LEVEL,DRY,NO DEFECTS,NOT ON SCENE (DESK REPORT),NO INJURY / DRIVE AWAY,,,,"OVER $1,500",2025-05-18T14:54:00.000,IMPROPER TURNING/NO SIGNAL,NOT APPLICABLE,5501,S,HARLEM AVE,811,,,,,,,2,NO INDICATION OF INJURY,0.0,0.0,0.0,0.0,0.0,3.0,0.0,12,1,5,41.7918520654,-87.8013777989,POINT (-87.801377798929 41.79185206544)
2065626,6a646fc3502cee71924e190cad21e0929b052c059dcb1d893d959a64ba15620ed55a2294451a2bf5ee671b784614091d2a5e09d5a1646784b51e411d35ba47b6,2025-05-18T12:36:00.000,2,DRIVER,1.0,1969063.0,,HONDA,CR-V,IL,2007.0,NONE,SPORT UTILITY VEHICLE (SUV),PERSONAL,N,SLOW/STOP IN TRAFFIC,,,2.0,,,,,,,,,,,,,Y,,,,SIDE-LEFT,,,,,,,,,,,,,,,,,,,,,,,,,,2025-05-18T12:36:00.000,30,NO CONTROLS,NO CONTROLS,CLEAR,DAYLIGHT,TURNING,NOT DIVIDED,STRAIGHT AND LEVEL,DRY,NO DEFECTS,NOT ON SCENE (DESK REPORT),NO INJURY / DRIVE AWAY,,,,"OVER $1,500",2025-05-18T14:54:00.000,IMPROPER TURNING/NO SIGNAL,NOT APPLICABLE,5501,S,HARLEM AVE,811,,,,,,,2,NO INDICATION OF INJURY,0.0,0.0,0.0,0.0,0.0,3.0,0.0,12,1,5,41.7918520654,-87.8013777989,POINT (-87.801377798929 41.79185206544)
2065655,a89ba8545d2a64cf59d6d952ab89838f1ca483758d8ae539e1baa7599dd924d97faf01ed2b6833a6d89d9213539b4bb67c87b98f16d4c555cdf86f969d2eebf1,2025-05-18T12:33:00.000,1,DRIVER,,1969095.0,,LEXUS,ES250,IL,2017.0,NONE,PASSENGER,PERSONAL,W,UNKNOWN/NA,,,1.0,,,,,,,,,Y,,,,,,,,REAR,,,,,,,,,,,,,,,,,,,,,,,,,,2025-05-18T12:33:00.000,30,STOP SIGN/FLASHER,FUNCTIONING PROPERLY,CLEAR,DAYLIGHT,REAR TO FRONT,NOT DIVIDED,STRAIGHT AND LEVEL,DRY,NO DEFECTS,NOT ON SCENE (DESK REPORT),NO INJURY / DRIVE AWAY,Y,,Y,"$501 - $1,500",2025-05-18T15:36:00.000,IMPROPER BACKING,NOT APPLICABLE,2400,W,BALMORAL AVE,2011,,,,,,,2,NO INDICATION OF INJURY,0.0,0.0,0.0,0.0,0.0,3.0,0.0,12,1,5,41.9796335932,-87.6893592059,POINT (-87.689359205893 41.97963359316)
2065656,a89ba8545d2a64cf59d6d952ab89838f1ca483758d8ae539e1baa7599dd924d97faf01ed2b6833a6d89d9213539b4bb67c87b98f16d4c555cdf86f969d2eebf1,2025-05-18T12:33:00.000,2,DRIVER,1.0,1969106.0,,LEXUS,RX400H,IL,2008.0,NONE,PASSENGER,PERSONAL,E,STRAIGHT AHEAD,,,2.0,,,,Y,,,,,,,,,,Y,Y,,FRONT,,,,,,,,,,,,,,,,,,,,,,,,,,2025-05-18T12:33:00.000,30,STOP SIGN/FLASHER,FUNCTIONING PROPERLY,CLEAR,DAYLIGHT,REAR TO FRONT,NOT DIVIDED,STRAIGHT AND LEVEL,DRY,NO DEFECTS,NOT ON SCENE (DESK REPORT),NO INJURY / DRIVE AWAY,Y,,Y,"$501 - $1,500",2025-05-18T15:36:00.000,IMPROPER BACKING,NOT APPLICABLE,2400,W,BALMORAL AVE,2011,,,,,,,2,NO INDICATION OF INJURY,0.0,0.0,0.0,0.0,0.0,3.0,0.0,12,1,5,41.9796335932,-87.6893592059,POINT (-87.689359205893 41.97963359316)
2065582,873bd2dd3473678813e5782dac5a972cfa1eb4032fad7e786ea1e6e94b681418f6eaace806980700019bc5b041f21605547dc7bc0817983cd2c7e3a6e9d45bd6,2025-05-18T12:30:00.000,1,DRIVER,,1969031.0,,CHRYSLER,300,IL,,UNKNOWN,PASSENGER,PERSONAL,W,STRAIGHT AHEAD,,,1.0,,,,Y,,,,N,N,N,,,,Y,Y,,FRONT,,,,,,,,,,,,,,,,,,,,,,,,,,2025-05-18T12:30:00.000,30,STOP SIGN/FLASHER,FUNCTIONING PROPERLY,CLEAR,DAYLIGHT,REAR END,NOT DIVIDED,STRAIGHT AND LEVEL,DRY,NO DEFECTS,NOT ON SCENE (DESK REPORT),INJURY AND / OR TOW DUE TO CRASH,,,Y,"OVER $1,500",2025-05-18T13:30:00.000,FOLLOWING TOO CLOSELY,NOT APPLICABLE,1600,E,130TH ST,434,,,,,,,2,"REPORTED, NOT EVIDENT",1.0,0.0,0.0,0.0,1.0,1.0,0.0,12,1,5,41.6604228106,-87.5863917935,POINT (-87.586391793459 41.660422810648)
2065583,873bd2dd3473678813e5782dac5a972cfa1eb4032fad7e786ea1e6e94b681418f6eaace806980700019bc5b041f21605547dc7bc0817983cd2c7e3a6e9d45bd6,2025-05-18T12:30:00.000,2,DRIVER,,1969067.0,,DODGE,CHALLENGER,IL,2016.0,NONE,PASSENGER,PERSONAL,W,SLOW/STOP IN TRAFFIC,,,1.0,,,,,,,,Y,Y,Y,,,,,,,REAR,,,,,,,,,,,,,,,,,,,,,,,,,,2025-05-18T12:30:00.000,30,STOP SIGN/FLASHER,FUNCTIONING PROPERLY,CLEAR,DAYLIGHT,REAR END,NOT DIVIDED,STRAIGHT AND LEVEL,DRY,NO DEFECTS,NOT ON SCENE (DESK REPORT),INJURY AND / OR TOW DUE TO CRASH,,,Y,"OVER $1,500",2025-05-18T13:30:00.000,FOLLOWING TOO CLOSELY,NOT APPLICABLE,1600,E,130TH ST,434,,,,,,,2,"REPORTED, NOT EVIDENT",1.0,0.0,0.0,0.0,1.0,1.0,0.0,12,1,5,41.6604228106,-87.5863917935,POINT (-87.586391793459 41.660422810648)
2065550,0c61b769f2baadd281e599bcf51d695bb1965309f05ef90c632e6f2bcbbcd3300ce6fe8afe2960a681ac92aca759c0c24b706a5fcdc9f27ccfd6be9a69ab5ce8,2025-05-18T12:25:00.000,2,DRIVER,1.0,1969003.0,,SUBARU,OUTBACK,IL,2016.0,UNKNOWN,PASSENGER,PERSONAL,W,STRAIGHT AHEAD,,,2.0,,,,N,,,,Y,Y,,,,,,N,,REAR,,,,,,,,,,,,,,,,,,,,,,,,,,2025-05-18T12:25:00.000,30,NO CONTROLS,NO CONTROLS,CLEAR,DAYLIGHT,REAR END,DIVIDED - W/MEDIAN (NOT RAISED),STRAIGHT AND LEVEL,DRY,NO DEFECTS,ON SCENE,NO INJURY / DRIVE AWAY,,,,"OVER $1,500",2025-05-18T12:30:00.000,FOLLOWING TOO CLOSELY,NOT APPLICABLE,1658,W,LAWRENCE AVE,2032,,,,,,,2,NO INDICATION OF INJURY,0.0,0.0,0.0,0.0,0.0,3.0,0.0,12,1,5,41.9689736413,-87.6709436353,POINT (-87.670943635318 41.968973641303)
2065551,0c61b769f2baadd281e599bcf51d695bb1965309f05ef90c632e6f2bcbbcd3300ce6fe8afe2960a681ac92aca759c0c24b706a5fcdc9f27ccfd6be9a69ab5ce8,2025-05-18T12:25:00.000,1,DRIVER,,1969006.0,,ACURA,ADX,IL,2004.0,UNKNOWN,PASSENGER,PERSONAL,W,STRAIGHT AHEAD,,,1.0,,,,N,,,,,,,,,,,Y,,FRONT,,,,,,,,,,,,,,,,,,,,,,,,,,2025-05-18T12:25:00.000,30,NO CONTROLS,NO CONTROLS,CLEAR,DAYLIGHT,REAR END,DIVIDED - W/MEDIAN (NOT RAISED),STRAIGHT AND LEVEL,DRY,NO DEFECTS,ON SCENE,NO INJURY / DRIVE AWAY,,,,"OVER $1,500",2025-05-18T12:30:00.000,FOLLOWING TOO CLOSELY,NOT APPLICABLE,1658,W,LAWRENCE AVE,2032,,,,,,,2,NO INDICATION OF INJURY,0.0,0.0,0.0,0.0,0.0,3.0,0.0,12,1,5,41.9689736413,-87.6709436353,POINT (-87.670943635318 41.968973641303)
2065552,c24921d93bec694bced41a9c02ae391a44a3b59c7049c2aa322de93e70f4d089b68ca2d4a855d06e750e49b6a85ba5f5a977b5647b520da3cdfd806291aa53d2,2025-05-18T12:20:00.000,1,DRIVER,,1969004.0,,CADILLAC,SRX,IL,2013.0,NONE,PASSENGER,PERSONAL,N,BACKING,,,1.0,,,Y,,,,,,,,,,,,,,REAR,,,,,,,,,,,,,,,,,,,,,,,,,,2025-05-18T12:20:00.000,15,NO CONTROLS,NO CONTROLS,CLEAR,DAYLIGHT,REAR TO SIDE,PARKING LOT,STRAIGHT AND LEVEL,UNKNOWN,UNKNOWN,NOT ON SCENE (DESK REPORT),NO INJURY / DRIVE AWAY,,Y,,"OVER $1,500",2025-05-18T13:05:00.000,DRIVING SKILLS/KNOWLEDGE/EXPERIENCE,NOT APPLICABLE,4433,S,PULASKI RD,821,,,,,,,2,NO INDICATION OF INJURY,0.0,0.0,0.0,0.0,0.0,3.0,0.0,12,1,5,41.8123747103,-87.7236084038,POINT (-87.723608403774 41.812374710327)
2065553,c24921d93bec694bced41a9c02ae391a44a3b59c7049c2aa322de93e70f4d089b68ca2d4a855d06e750e49b6a85ba5f5a977b5647b520da3cdfd806291aa53d2,2025-05-18T12:20:00.000,2,DRIVER,1.0,1969007.0,,HONDA,ACCORD,IL,2019.0,NONE,PASSENGER,PERSONAL,E,SLOW/STOP IN TRAFFIC,,,2.0,,,,,,,,Y,,,,,,,,,REAR-RIGHT-CORNER,,,,,,,,,,,,,,,,,,,,,,,,,,2025-05-18T12:20:00.000,15,NO CONTROLS,NO CONTROLS,CLEAR,DAYLIGHT,REAR TO SIDE,PARKING LOT,STRAIGHT AND LEVEL,UNKNOWN,UNKNOWN,NOT ON SCENE (DESK REPORT),NO INJURY / DRIVE AWAY,,Y,,"OVER $1,500",2025-05-18T13:05:00.000,DRIVING SKILLS/KNOWLEDGE/EXPERIENCE,NOT APPLICABLE,4433,S,PULASKI RD,821,,,,,,,2,NO INDICATION OF INJURY,0.0,0.0,0.0,0.0,0.0,3.0,0.0,12,1,5,41.8123747103,-87.7236084038,POINT (-87.723608403774 41.812374710327)
2065595,57483c1111456a92fc8b019bcf83775bb30094a453df464a03cd5e7f752551ee6c427b533fe8b20ffdff3ccb469cb09d7ecbe351cb16d78fb9768c29621605fa,2025-05-18T12:15:00.000,1,DRIVER,,1969061.0,,HYUNDAI,ACCENT,IL,2006.0,UNKNOWN,PASSENGER,PERSONAL,N,STRAIGHT AHEAD,,,1.0,,,,Y,,,,,,,,,,Y,Y,,FRONT,,,,,,,,,,,,,,,,,,,,,,,,,,2025-05-18T12:15:00.000,35,NO CONTROLS,NO CONTROLS,CLEAR,DAYLIGHT,REAR END,NOT DIVIDED,STRAIGHT AND LEVEL,UNKNOWN,UNKNOWN,NOT ON SCENE (DESK REPORT),NO INJURY / DRIVE AWAY,,,,"OVER $1,500",2025-05-18T14:15:00.000,UNABLE TO DETERMINE,UNABLE TO DETERMINE,1920,N,PULASKI RD,2534,,,,,,,2,NO INDICATION OF INJURY,0.0,0.0,0.0,0.0,0.0,2.0,0.0,12,1,5,41.915999224,-87.7266726699,POINT (-87.726672669937 41.915999223977)
2065596,57483c1111456a92fc8b019bcf83775bb30094a453df464a03cd5e7f752551ee6c427b533fe8b20ffdff3ccb469cb09d7ecbe351cb16d78fb9768c29621605fa,2025-05-18T12:15:00.000,2,DRIVER,,1969051.0,,NISSAN,PATHFINDER,IL,2019.0,UNKNOWN,PASSENGER,NOT IN USE,N,STRAIGHT AHEAD,,,1.0,,,,,,,,Y,Y,Y,,,,,,,REAR,,,,,,,,,,,,,,,,,,,,,,,,,,2025-05-18T12:15:00.000,35,NO CONTROLS,NO CONTROLS,CLEAR,DAYLIGHT,REAR END,NOT DIVIDED,STRAIGHT AND LEVEL,UNKNOWN,UNKNOWN,NOT ON SCENE (DESK REPORT),NO INJURY / DRIVE AWAY,,,,"OVER $1,500",2025-05-18T14:15:00.000,UNABLE TO DETERMINE,UNABLE TO DETERMINE,1920,N,PULASKI RD,2534,,,,,,,2,NO INDICATION OF INJURY,0.0,0.0,0.0,0.0,0.0,2.0,0.0,12,1,5,41.915999224,-87.7266726699,POINT (-87.726672669937 41.915999223977)