crash_unit_id,crash_record_id,crash_date_left,unit_no,unit_type,num_passengers,vehicle_id,cmrc_veh_i,make,model,lic_plate_state,vehicle_year,vehicle_defect,vehicle_type,vehicle_use,travel_direction,maneuver,towed_i,fire_i,occupant_cnt,towed_by,towed_to,area_00_i,area_01_i,area_02_i,area_03_i,area_04_i,area_05_i,area_06_i,area_07_i,area_08_i,area_09_i,area_10_i,area_11_i,area_12_i,area_99_i,first_contact_point,cmv_id,usdot_no,commercial_src,gvwr,carrier_name,carrier_state,carrier_city,hazmat_placards_i,hazmat_present_i,hazmat_report_i,mcs_report_i,hazmat_vio_cause_crash_i,mcs_vio_cause_crash_i,idot_permit_no,trailer1_width,trailer2_width,trailer1_length,axle_cnt,vehicle_config,cargo_body_type,load_type,hazmat_out_of_service_i,mcs_out_of_service_i,hazmat_class,crash_date_est_i,crash_date_right,posted_speed_limit,traffic_control_device,device_condition,weather_condition,lighting_condition,first_crash_type,trafficway_type,alignment,roadway_surface_cond,road_defect,report_type,crash_type,intersection_related_i,private_property_i,hit_and_run_i,damage,date_police_notified,prim_contributory_cause,sec_contributory_cause,street_no,street_direction,street_name,beat_of_occurrence,photos_taken_i,statements_taken_i,dooring_i,work_zone_i,work_zone_type,workers_present_i,num_units,most_severe_injury,injuries_total,injuries_fatal,injuries_incapacitating,injuries_non_incapacitating,injuries_reported_not_evident,injuries_no_indication,injuries_unknown,crash_hour,crash_day_of_week,crash_month,latitude,longitude,location
2065556,01653d73ca0974329b20f41db1f2fce4267e91bd95e66457f9a0c20762cf8800e6bfed89c35f5bd123b3d71066d156c8ca0fafd26576cd790c6efab9dc448868,2025-05-18T12:09:00.000,1,DRIVER,,1969008.0,,LEXUS,RX350,,,UNKNOWN,SPORT UTILITY VEHICLE (SUV),UNKNOWN/NA,W,PASSING/OVERTAKING,,,1.0,,,,Y,Y,Y,Y,Y,,,,,,,,,SIDE-RIGHT,,,,,,,,,,,,,,,,,,,,,,,,,,2025-05-18T12:09:00.000,30,NO CONTROLS,NO CONTROLS,CLEAR,DAYLIGHT,SIDESWIPE SAME DIRECTION,DIVIDED - W/MEDIAN (NOT RAISED),STRAIGHT AND LEVEL,DRY,NO DEFECTS,ON SCENE,INJURY AND / OR TOW DUE TO CRASH,,,,"OVER $1,500",2025-05-18T12:26:00.000,IMPROPER OVERTAKING/PASSING,UNABLE TO DETERMINE,2336,W,DIVERSEY AVE,1432,,,,,,,3,NO INDICATION OF INJURY,0.0,0.0,0.0,0.0,0.0,2.0,0.0,12,1,5,41.9322904268,-87.6869379561,POINT (-87.686937956093 41.93229042684)
2065557,01653d73ca0974329b20f41db1f2fce4267e91bd95e66457f9a0c20762cf8800e6bfed89c35f5bd123b3d71066d156c8ca0fafd26576cd790c6efab9dc448868,2025-05-18T12:09:00.000,2,DRIVER,,1969011.0,,DODGE,CARAVAN,IL,2007.0,UNKNOWN,VAN/MINI-VAN,PERSONAL,W,STRAIGHT AHEAD,Y,,1.0,unk,unk,,,,,,,,Y,Y,Y,Y,Y,,,SIDE-LEFT,,,,,,,,,,,,,,,,,,,,,,,,,,2025-05-18T12:09:00.000,30,NO CONTROLS,NO CONTROLS,CLEAR,DAYLIGHT,SIDESWIPE SAME DIRECTION,DIVIDED - W/MEDIAN (NOT RAISED),STRAIGHT AND LEVEL,DRY,NO DEFECTS,ON SCENE,INJURY AND / OR TOW DUE TO CRASH,,,,"OVER $1,500",2025-05-18T12:26:00.000,IMPROPER OVERTAKING/PASSING,UNABLE TO DETERMINE,2336,W,DIVERSEY AVE,1432,,,,,,,3,NO INDICATION OF INJURY,0.0,0.0,0.0,0.0,0.0,2.0,0.0,12,1,5,41.9322904268,-87.6869379561,POINT (-87.686937956093 41.93229042684)
2065558,01653d73ca0974329b20f41db1f2fce4267e91bd95e66457f9a0c20762cf8800e6bfed89c35f5bd123b3d71066d156c8ca0fafd26576cd790c6efab9dc448868,2025-05-18T12:09:00.000,3,PARKED,,1969013.0,,ACURA,ZDX,IL,2012.0,UNKNOWN,SPORT UTILITY VEHICLE (SUV),NOT IN USE,UNKNOWN,PARKED,,,0.0,,,,,,,,,,Y,Y,Y,Y,Y,,,SIDE-LEFT,,,,,,,,,,,,,,,,,,,,,,,,,,2025-05-18T12:09:00.000,30,NO CONTROLS,NO CONTROLS,CLEAR,DAYLIGHT,SIDESWIPE SAME DIRECTION,DIVIDED - W/MEDIAN (NOT RAISED),STRAIGHT AND LEVEL,DRY,NO DEFECTS,ON SCENE,INJURY AND / OR TOW DUE TO CRASH,,,,"OVER $1,500",2025-05-18T12:26:00.000,IMPROPER OVERTAKING/PASSING,UNABLE TO DETERMINE,2336,W,DIVERSEY AVE,1432,,,,,,,3,NO INDICATION OF INJURY,0.0,0.0,0.0,0.0,0.0,2.0,0.0,12,1,5,41.9322904268,-87.6869379561,POINT (-87.686937956093 41.93229042684)
2065545,291d94c0bd156622ee83ad8d0e43db1db33b01d3a28e6c63f1c9f9aac25fe6f20a5df18d620d7132d03a5e4f6aa8513295c11d2e676d2ba6cdcc65c7a0c5172d,2025-05-18T12:02:00.000,1,DRIVER,,1968996.0,,UNKNOWN,OTHER (EXPLAIN IN NARRATIVE),,,NONE,UNKNOWN/NA,UNKNOWN/NA,S,PASSING/OVERTAKING,,,1.0,,,,,,,,,,,,,,,,Y,UNKNOWN,,,,,,,,,,,,,,,,,,,,,,,,,,2025-05-18T12:02:00.000,30,NO CONTROLS,NO CONTROLS,CLOUDY/OVERCAST,DAYLIGHT,SIDESWIPE SAME DIRECTION,NOT DIVIDED,STRAIGHT AND LEVEL,DRY,NO DEFECTS,NOT ON SCENE (DESK REPORT),NO INJURY / DRIVE AWAY,,,Y,"$501 - $1,500",2025-05-18T12:40:00.000,IMPROPER OVERTAKING/PASSING,IMPROPER LANE USAGE,11542,S,VINCENNES AVE,2212,,,,,,,2,NO INDICATION OF INJURY,0.0,0.0,0.0,0.0,0.0,4.0,0.0,12,1,5,41.6835954243,-87.6685070245,POINT (-87.668507024511 41.683595424339)
2065546,291d94c0bd156622ee83ad8d0e43db1db33b01d3a28e6c63f1c9f9aac25fe6f20a5df18d620d7132d03a5e4f6aa8513295c11d2e676d2ba6cdcc65c7a0c5172d,2025-05-18T12:02:00.000,2,DRIVER,2.0,1968997.0,,FORD,ESCAPE,,2024.0,NONE,SPORT UTILITY VEHICLE (SUV),PERSONAL,SE,STRAIGHT AHEAD,,,3.0,,,,Y,Y,Y,Y,Y,,,,,,,,,SIDE-RIGHT,,,,,,,,,,,,,,,,,,,,,,,,,,2025-05-18T12:02:00.000,30,NO CONTROLS,NO CONTROLS,CLOUDY/OVERCAST,DAYLIGHT,SIDESWIPE SAME DIRECTION,NOT DIVIDED,STRAIGHT AND LEVEL,DRY,NO DEFECTS,NOT ON SCENE (DESK REPORT),NO INJURY / DRIVE AWAY,,,Y,"$501 - $1,500",2025-05-18T12:40:00.000,IMPROPER OVERTAKING/PASSING,IMPROPER LANE USAGE,11542,S,VINCENNES AVE,2212,,,,,,,2,NO INDICATION OF INJURY,0.0,0.0,0.0,0.0,0.0,4.0,0.0,12,1,5,41.6835954243,-87.6685070245,POINT (-87.668507024511 41.683595424339)
2066114,6d9c9dcdc005e9429bbe0ae7514286c7bfa615de45e9cceebf5b4bde2a4596fafc3c76d8f3c7cad45df72027851bb897ebe1b1bec580e393ec718b7253f67ebd,2025-05-18T12:00:00.000,1,DRIVER,,1969535.0,,JEEP,CHEROKEE,IL,2018.0,NONE,PASSENGER,PERSONAL,N,STRAIGHT AHEAD,,,1.0,,,,Y,,,,,,,,,,Y,Y,,FRONT,,,,,,,,,,,,,,,,,,,,,,,,,,2025-05-18T12:00:00.000,30,NO CONTROLS,NO CONTROLS,CLEAR,"DARKNESS, LIGHTED ROAD",REAR END,DIVIDED - W/MEDIAN (NOT RAISED),STRAIGHT AND LEVEL,DRY,NO DEFECTS,NOT ON SCENE (DESK REPORT),NO INJURY / DRIVE AWAY,Y,,,"$501 - $1,500",2025-05-19T10:15:00.000,FOLLOWING TOO CLOSELY,NOT APPLICABLE,9554,S,HALSTED ST,2223,,,,,,,2,NO INDICATION OF INJURY,0.0,0.0,0.0,0.0,0.0,2.0,0.0,12,1,5,41.719898458,-87.6433185653,POINT (-87.643318565306 41.719898457977)
2066115,6d9c9dcdc005e9429bbe0ae7514286c7bfa615de45e9cceebf5b4bde2a4596fafc3c76d8f3c7cad45df72027851bb897ebe1b1bec580e393ec718b7253f67ebd,2025-05-18T12:00:00.000,2,DRIVER,,1969538.0,,FORD,F150,IL,2004.0,NONE,PICKUP,PERSONAL,N,SLOW/STOP IN TRAFFIC,,,1.0,,,,,,,,,,,,,,,,Y,REAR,,,,,,,,,,,,,,,,,,,,,,,,,,2025-05-18T12:00:00.000,30,NO CONTROLS,NO CONTROLS,CLEAR,"DARKNESS, LIGHTED ROAD",REAR END,DIVIDED - W/MEDIAN (NOT RAISED),STRAIGHT AND LEVEL,DRY,NO DEFECTS,NOT ON SCENE (DESK REPORT),NO INJURY / DRIVE AWAY,Y,,,"$501 - $1,500",2025-05-19T10:15:00.000,FOLLOWING TOO CLOSELY,NOT APPLICABLE,9554,S,HALSTED ST,2223,,,,,,,2,NO INDICATION OF INJURY,0.0,0.0,0.0,0.0,0.0,2.0,0.0,12,1,5,41.719898458,-87.6433185653,POINT (-87.643318565306 41.719898457977)
2066137,9076818c5cf0288c1efb98b781d88a2c1d93e07ba4525fbd6c4631949a99bcc4ffa32bb74ba7bb780c3fb5d06dd7af450408c697728eabe750af680cbb97805d,2025-05-18T12:00:00.000,1,DRIVER,,1969568.0,,FORD,TAURUS,IL,2019.0,NONE,PASSENGER,UNKNOWN/NA,S,STARTING IN TRAFFIC,,,1.0,,,,,,,,,,,,Y,Y,Y,,,FRONT-LEFT-CORNER,,,,,,,,,,,,,,,,,,,,,,,,,,2025-05-18T12:00:00.000,30,NO CONTROLS,NO CONTROLS,CLEAR,DAYLIGHT,SIDESWIPE SAME DIRECTION,DIVIDED - W/MEDIAN (NOT RAISED),STRAIGHT AND LEVEL,DRY,UNKNOWN,NOT ON SCENE (DESK REPORT),INJURY AND / OR TOW DUE TO CRASH,,,,"OVER $1,500",2025-05-19T11:00:00.000,UNABLE TO DETERMINE,NOT APPLICABLE,7452,S,YATES BLVD,334,,,,,,,2,"REPORTED, NOT EVIDENT",3.0,0.0,0.0,0.0,3.0,2.0,0.0,12,1,5,41.7592458937,-87.5665250107,POINT (-87.56652501071 41.759245893745)
2066138,9076818c5cf0288c1efb98b781d88a2c1d93e07ba4525fbd6c4631949a99bcc4ffa32bb74ba7bb780c3fb5d06dd7af450408c697728eabe750af680cbb97805d,2025-05-18T12:00:00.000,2,DRIVER,3.0,1969555.0,,MERCEDES-BENZ,CLA,IL,2017.0,NONE,PASSENGER,PERSONAL,S,STRAIGHT AHEAD,,,4.0,,,,Y,Y,Y,Y,,,Y,,,,,Y,,FRONT-RIGHT-CORNER,,,,,,,,,,,,,,,,,,,,,,,,,,2025-05-18T12:00:00.000,30,NO CONTROLS,NO CONTROLS,CLEAR,DAYLIGHT,SIDESWIPE SAME DIRECTION,DIVIDED - W/MEDIAN (NOT RAISED),STRAIGHT AND LEVEL,DRY,UNKNOWN,NOT ON SCENE (DESK REPORT),INJURY AND / OR TOW DUE TO CRASH,,,,"OVER $1,500",2025-05-19T11:00:00.000,UNABLE TO DETERMINE,NOT APPLICABLE,7452,S,YATES BLVD,334,,,,,,,2,"REPORTED, NOT EVIDENT",3.0,0.0,0.0,0.0,3.0,2.0,0.0,12,1,5,41.7592458937,-87.5665250107,POINT (-87.56652501071 41.759245893745)
2066201,5006beb7beb866cddfc9853634ce02726c47a342fff7ec3a69f350a013403a82e0803928a4a3061a5c4b39a1bd8c0df688492b6a20ae34cff59f10ba7efb18eb,2025-05-18T11:51:00.000,1,DRIVER,,1969618.0,,VOLKSWAGEN,OTHER (EXPLAIN IN NARRATIVE),,,NONE,PASSENGER,UNKNOWN/NA,E,STRAIGHT AHEAD,,,1.0,,,,,,,,,,,,,,,Y,,FRONT,,,,,,,,,,,,,,,,,,,,,,,,,,2025-05-18T11:51:00.000,35,TRAFFIC SIGNAL,FUNCTIONING PROPERLY,CLEAR,DAYLIGHT,REAR END,DIVIDED - W/MEDIAN (NOT RAISED),STRAIGHT AND LEVEL,DRY,NO DEFECTS,ON SCENE,NO INJURY / DRIVE AWAY,Y,,Y,"$501 - $1,500",2025-05-18T11:58:00.000,UNABLE TO DETERMINE,NOT APPLICABLE,4401,W,DIVISION ST,1111,,,,,,,2,NO INDICATION OF INJURY,0.0,0.0,0.0,0.0,0.0,2.0,0.0,11,1,5,41.9023999816,-87.7362637847,POINT (-87.736263784708 41.902399981646)
2066202,5006beb7beb866cddfc9853634ce02726c47a342fff7ec3a69f350a013403a82e0803928a4a3061a5c4b39a1bd8c0df688492b6a20ae34cff59f10ba7efb18eb,2025-05-18T11:51:00.000,2,DRIVER,,1969638.0,,TOYOTA,COROLLA,IL,2021.0,NONE,PASSENGER,PERSONAL,E,SLOW/STOP IN TRAFFIC,,,1.0,,,,,,,,,Y,,,,,,,,REAR,,,,,,,,,,,,,,,,,,,,,,,,,,2025-05-18T11:51:00.000,35,TRAFFIC SIGNAL,FUNCTIONING PROPERLY,CLEAR,DAYLIGHT,REAR END,DIVIDED - W/MEDIAN (NOT RAISED),STRAIGHT AND LEVEL,DRY,NO DEFECTS,ON SCENE,NO INJURY / DRIVE AWAY,Y,,Y,"$501 - $1,500",2025-05-18T11:58:00.000,UNABLE TO DETERMINE,NOT APPLICABLE,4401,W,DIVISION ST,1111,,,,,,,2,NO INDICATION OF INJURY,0.0,0.0,0.0,0.0,0.0,2.0,0.0,11,1,5,41.9023999816,-87.7362637847,POINT (-87.736263784708 41.902399981646)
2065535,e824ed4f3b9333927aa79dc237d547febf46fd6a31b231acea87323d4cb03cfc7bb0a5930509c53dbacbae96f4f12f6521b51e72c5a5f098dafb6ba404334869,2025-05-18T11:50:00.000,1,DRIVER,,1968986.0,,PORSCHE,MACAN,IL,2023.0,NONE,PASSENGER,PERSONAL,E,STRAIGHT AHEAD,,,1.0,,,,Y,,,,,,,,,,,,,FRONT-RIGHT-CORNER,,,,,,,,,,,,,,,,,,,,,,,,,,2025-05-18T11:50:00.000,30,TRAFFIC SIGNAL,FUNCTIONING PROPERLY,CLOUDY/OVERCAST,DAYLIGHT,PARKED MOTOR VEHICLE,NOT DIVIDED,STRAIGHT AND LEVEL,DRY,NO DEFECTS,NOT ON SCENE (DESK REPORT),NO INJURY / DRIVE AWAY,,,,"$501 - $1,500",2025-05-18T11:50:00.000,PHYSICAL CONDITION OF DRIVER,NOT APPLICABLE,100,W,OAK ST,1824,,,,,,,2,NO INDICATION OF INJURY,0.0,0.0,0.0,0.0,0.0,1.0,0.0,11,1,5,41.9006613386,-87.631427622,POINT (-87.631427621996 41.900661338588)
2065536,e824ed4f3b9333927aa79dc237d547febf46fd6a31b231acea87323d4cb03cfc7bb0a5930509c53dbacbae96f4f12f6521b51e72c5a5f098dafb6ba404334869,2025-05-18T11:50:00.000,2,PARKED,,1968988.0,,BMW,X5,IL,2021.0,UNKNOWN,PASSENGER,UNKNOWN/NA,E,PARKED,,,0.0,,,,,,,,,,Y,,,,,,,REAR-LEFT-CORNER,,,,,,,,,,,,,,,,,,,,,,,,,,2025-05-18T11:50:00.000,30,TRAFFIC SIGNAL,FUNCTIONING PROPERLY,CLOUDY/OVERCAST,DAYLIGHT,PARKED MOTOR VEHICLE,NOT DIVIDED,STRAIGHT AND LEVEL,DRY,NO DEFECTS,NOT ON SCENE (DESK REPORT),NO INJURY / DRIVE AWAY,,,,"$501 - $1,500",2025-05-18T11:50:00.000,PHYSICAL CONDITION OF DRIVER,NOT APPLICABLE,100,W,OAK ST,1824,,,,,,,2,NO INDICATION OF INJURY,0.0,0.0,0.0,0.0,0.0,1.0,0.0,11,1,5,41.9006613386,-87.631427622,POINT (-87.631427621996 41.900661338588)
2065584,1aa06049ed8db7e9dd4f01500d9f61f1392756a0938547b83f848b460d8fb1434335756acfdc10cc851d6407dc46e35c16658c41f3ffa7d186267dc1f731f691,2025-05-18T11:48:00.000,1,DRIVER,,1969027.0,,UNKNOWN,OTHER (EXPLAIN IN NARRATIVE),,,UNKNOWN,SPORT UTILITY VEHICLE (SUV),UNKNOWN/NA,N,UNKNOWN/NA,,,1.0,,,,N,N,N,,,,,,,,,,Y,SIDE-RIGHT,,,,,,,,,,,,,,,,,,,,,,,,,,2025-05-18T11:48:00.000,30,NO CONTROLS,NO CONTROLS,CLEAR,DAYLIGHT,PARKED MOTOR VEHICLE,NOT DIVIDED,STRAIGHT AND LEVEL,DRY,NO DEFECTS,ON SCENE,INJURY AND / OR TOW DUE TO CRASH,,,Y,"$501 - $1,500",2025-05-18T11:50:00.000,UNABLE TO DETERMINE,UNABLE TO DETERMINE,7229,S,MORGAN ST,733,,N,,,,,3,NONINCAPACITATING INJURY,1.0,0.0,0.0,1.0,0.0,1.0,0.0,11,1,5,41.762429258,-87.6490491335,POINT (-87.649049133504 41.762429257959)
2065585,1aa06049ed8db7e9dd4f01500d9f61f1392756a0938547b83f848b460d8fb1434335756acfdc10cc851d6407dc46e35c16658c41f3ffa7d186267dc1f731f691,2025-05-18T11:48:00.000,2,PARKED,,1969029.0,,MITSUBISHI,OUTLANDER,IL,2020.0,UNKNOWN,PASSENGER,NOT IN USE,S,PARKED,,,0.0,,,,Y,,,,,,,Y,Y,Y,Y,,,SIDE-LEFT,,,,,,,,,,,,,,,,,,,,,,,,,,2025-05-18T11:48:00.000,30,NO CONTROLS,NO CONTROLS,CLEAR,DAYLIGHT,PARKED MOTOR VEHICLE,NOT DIVIDED,STRAIGHT AND LEVEL,DRY,NO DEFECTS,ON SCENE,INJURY AND / OR TOW DUE TO CRASH,,,Y,"$501 - $1,500",2025-05-18T11:50:00.000,UNABLE TO DETERMINE,UNABLE TO DETERMINE,7229,S,MORGAN ST,733,,N,,,,,3,NONINCAPACITATING INJURY,1.0,0.0,0.0,1.0,0.0,1.0,0.0,11,1,5,41.762429258,-87.6490491335,POINT (-87.649049133504 41.762429257959)
2065586,1aa06049ed8db7e9dd4f01500d9f61f1392756a0938547b83f848b460d8fb1434335756acfdc10cc851d6407dc46e35c16658c41f3ffa7d186267dc1f731f691,2025-05-18T11:48:00.000,3,PEDESTRIAN,,,,,,,,,,,,,,,,,,,,,,,,,,,,,,,,,,,,,,,,,,,,,,,,,,,,,,,,,,2025-05-18T11:48:00.000,30,NO CONTROLS,NO CONTROLS,CLEAR,DAYLIGHT,PARKED MOTOR VEHICLE,NOT DIVIDED,STRAIGHT AND LEVEL,DRY,NO DEFECTS,ON SCENE,INJURY AND / OR TOW DUE TO CRASH,,,Y,"$501 - $1,500",2025-05-18T11:50:00.000,UNABLE TO DETERMINE,UNABLE TO DETERMINE,7229,S,MORGAN ST,733,,N,,,,,3,NONINCAPACITATING INJURY,1.0,0.0,0.0,1.0,0.0,1.0,0.0,11,1,5,41.762429258,-87.6490491335,POINT (-87.649049133504 41.762429257959)
2066270,24dfaad0a72ed9556c55a435675b1c9b0fc49c85ebd82ff1db25cd2e6345e420bb2a408f24441a88bc7d46e6f7ee1c37d8857ce2a376d8082d5bc0bfeae49a64,2025-05-18T11:45:00.000,1,DRIVER,,1969684.0,,HONDA,HR-V,IL,2016.0,UNKNOWN,PASSENGER,PERSONAL,N,CHANGING LANES,,,1.0,,,,,,,,,,,,,,,,Y,UNKNOWN,,,,,,,,,,,,,,,,,,,,,,,,,,2025-05-18T11:45:00.000,30,NO CONTROLS,NO CONTROLS,CLEAR,DAYLIGHT,REAR END,NOT DIVIDED,STRAIGHT AND LEVEL,DRY,NO DEFECTS,NOT ON SCENE (DESK REPORT),NO INJURY / DRIVE AWAY,,,,"$501 - $1,500",2025-05-19T14:55:00.000,IMPROPER OVERTAKING/PASSING,IMPROPER OVERTAKING/PASSING,5643,N,HARLEM AVE,1612,,,,,,,2,NO INDICATION OF INJURY,0.0,0.0,0.0,0.0,0.0,2.0,0.0,11,1,5,41.9840044778,-87.8067827157,POINT (-87.806782715731 41.984004477791)
2066271,24dfaad0a72ed9556c55a435675b1c9b0fc49c85ebd82ff1db25cd2e6345e420bb2a408f24441a88bc7d46e6f7ee1c37d8857ce2a376d8082d5bc0bfeae49a64,2025-05-18T11:45:00.000,2,DRIVER,,1969685.0,,HONDA,ACCORD,IL,2009.0,NONE,PASSENGER,PERSONAL,N,STRAIGHT AHEAD,,,1.0,,,,,,,,,,Y,Y,,,,N,,SIDE-LEFT-REAR,,,,,,,,,,,,,,,,,,,,,,,,,,2025-05-18T11:45:00.000,30,NO CONTROLS,NO CONTROLS,CLEAR,DAYLIGHT,REAR END,NOT DIVIDED,STRAIGHT AND LEVEL,DRY,NO DEFECTS,NOT ON SCENE (DESK REPORT),NO INJURY / DRIVE AWAY,,,,"$501 - $1,500",2025-05-19T14:55:00.000,IMPROPER OVERTAKING/PASSING,IMPROPER OVERTAKING/PASSING,5643,N,HARLEM AVE,1612,,,,,,,2,NO INDICATION OF INJURY,0.0,0.0,0.0,0.0,0.0,2.0,0.0,11,1,5,41.9840044778,-87.8067827157,POINT (-87.806782715731 41.984004477791)
2065525,59495e262822f0fe0bbba61fe225da8fd8673f8bf0e718eb8c541dc3c8fc66408da83255e40cc4f77529b4e9f12da6976044dfd7eebae3cb7353643c52fa6e70,2025-05-18T11:41:00.000,1,DRIVER,,1968976.0,,HYUNDAI,OTHER (EXPLAIN IN NARRATIVE),IL,2022.0,UNKNOWN,PASSENGER,PERSONAL,N,STRAIGHT AHEAD,,,1.0,,,,,,,,,,,Y,Y,,,,,SIDE-LEFT,,,,,,,,,,,,,,,,,,,,,,,,,,2025-05-18T11:41:00.000,30,NO CONTROLS,NO CONTROLS,CLEAR,DAYLIGHT,SIDESWIPE SAME DIRECTION,NOT DIVIDED,STRAIGHT AND LEVEL,DRY,NO DEFECTS,NOT ON SCENE (DESK REPORT),NO INJURY / DRIVE AWAY,,,,"OVER $1,500",2025-05-18T12:07:00.000,IMPROPER OVERTAKING/PASSING,NOT APPLICABLE,2026,S,CLARK ST,131,,,,,,,2,NO INDICATION OF INJURY,0.0,0.0,0.0,0.0,0.0,2.0,0.0,11,1,5,41.8545508013,-87.6302897164,POINT (-87.630289716366 41.854550801342)
2065526,59495e262822f0fe0bbba61fe225da8fd8673f8bf0e718eb8c541dc3c8fc66408da83255e40cc4f77529b4e9f12da6976044dfd7eebae3cb7353643c52fa6e70,2025-05-18T11:41:00.000,2,DRIVER,,1968975.0,,KIA,SOUL,IL,2015.0,NONE,PASSENGER,PERSONAL,N,CHANGING LANES,,,1.0,,,,Y,Y,,,,,,,,,,,,FRONT-RIGHT-CORNER,,,,,,,,,,,,,,,,,,,,,,,,,,2025-05-18T11:41:00.000,30,NO CONTROLS,NO CONTROLS,CLEAR,DAYLIGHT,SIDESWIPE SAME DIRECTION,NOT DIVIDED,STRAIGHT AND LEVEL,DRY,NO DEFECTS,NOT ON SCENE (DESK REPORT),NO INJURY / DRIVE AWAY,,,,"OVER $1,500",2025-05-18T12:07:00.000,IMPROPER OVERTAKING/PASSING,NOT APPLICABLE,2026,S,CLARK ST,131,,,,,,,2,NO INDICATION OF INJURY,0.0,0.0,0.0,0.0,0.0,2.0,0.0,11,1,5,41.8545508013,-87.6302897164,POINT (-87.630289716366 41.854550801342)
2065529,60d2896c3b5c8de53c89428577c7bdda863db04114b5ecab2f89f74635bb1f99ab3349725a7a575cbbf66e74964b4fb587bf5a08a7f6ec76c247928abe1e598f,2025-05-18T11:40:00.000,1,DRIVER,,1968982.0,,KIA,SOUL,IL,2015.0,UNKNOWN,SPORT UTILITY VEHICLE (SUV),UNKNOWN/NA,N,CHANGING LANES,,,1.0,,,,Y,,,,,,,,,,,,,FRONT-RIGHT-CORNER,,,,,,,,,,,,,,,,,,,,,,,,,,2025-05-18T11:40:00.000,30,NO CONTROLS,NO CONTROLS,CLEAR,DAYLIGHT,SIDESWIPE SAME DIRECTION,NOT DIVIDED,STRAIGHT AND LEVEL,DRY,NO DEFECTS,NOT ON SCENE (DESK REPORT),NO INJURY / DRIVE AWAY,,,Y,"OVER $1,500",2025-05-18T12:10:00.000,IMPROPER LANE USAGE,NOT APPLICABLE,1900,S,CLARK ST,131,,,,,,,2,NO INDICATION OF INJURY,0.0,0.0,0.0,0.0,0.0,2.0,0.0,11,1,5,41.8565257243,-87.630342886,POINT (-87.630342885975 41.856525724267)
2065530,60d2896c3b5c8de53c89428577c7bdda863db04114b5ecab2f89f74635bb1f99ab3349725a7a575cbbf66e74964b4fb587bf5a08a7f6ec76c247928abe1e598f,2025-05-18T11:40:00.000,2,DRIVER,,1968989.0,,HYUNDAI,KONA,IL,2022.0,NONE,SPORT UTILITY VEHICLE (SUV),PERSONAL,N,STRAIGHT AHEAD,,,1.0,,,,,,,,,,Y,Y,,,,,,REAR-LEFT-CORNER,,,,,,,,,,,,,,,,,,,,,,,,,,2025-05-18T11:40:00.000,30,NO CONTROLS,NO CONTROLS,CLEAR,DAYLIGHT,SIDESWIPE SAME DIRECTION,NOT DIVIDED,STRAIGHT AND LEVEL,DRY,NO DEFECTS,NOT ON SCENE (DESK REPORT),NO INJURY / DRIVE AWAY,,,Y,"OVER $1,500",2025-05-18T12:10:00.000,IMPROPER LANE USAGE,NOT APPLICABLE,1900,S,CLARK ST,131,,,,,,,2,NO INDICATION OF INJURY,0.0,0.0,0.0,0.0,0.0,2.0,0.0,11,1,5,41.8565257243,-87.630342886,POINT (-87.630342885975 41.856525724267)
2065667,f108146af41f1bad67a81cae42c69c405bbe5d797fda9b34979aaae7b7905670d9df45500188d64636811a061298ba5988a4c551bd738047064326d46bc07cf1,2025-05-18T11:30:00.000,1,DRIVER,,1969107.0,,CHEVROLET,EXPRESS,IL,2016.0,UNKNOWN,VAN/MINI-VAN,PERSONAL,E,STRAIGHT AHEAD,,,1.0,,,,,,,,,,,,,,,N,Y,UNKNOWN,,,,,,,,,,,,,,,,,,,,,,,,,,2025-05-18T11:30:00.000,30,TRAFFIC SIGNAL,FUNCTIONING PROPERLY,CLEAR,DAYLIGHT,REAR END,T-INTERSECTION,STRAIGHT AND LEVEL,DRY,UNKNOWN,NOT ON SCENE (DESK REPORT),INJURY AND / OR TOW DUE TO CRASH,Y,,,"OVER $1,500",2025-05-18T15:50:00.000,FAILING TO REDUCE SPEED TO AVOID CRASH,NOT APPLICABLE,1827,E,79TH ST,414,,,,,,,2,"REPORTED, NOT EVIDENT",1.0,0.0,0.0,0.0,1.0,1.0,0.0,11,1,5,41.751448031,-87.579848249,POINT (-87.579848248977 41.751448030976)