crash_unit_id,crash_record_id,crash_date_left,unit_no,unit_type,num_passengers,vehicle_id,cmrc_veh_i,make,model,lic_plate_state,vehicle_year,vehicle_defect,vehicle_type,vehicle_use,travel_direction,maneuver,towed_i,fire_i,occupant_cnt,towed_by,towed_to,area_00_i,area_01_i,area_02_i,area_03_i,area_04_i,area_05_i,area_06_i,area_07_i,area_08_i,area_09_i,area_10_i,area_11_i,area_12_i,area_99_i,first_contact_point,cmv_id,usdot_no,commercial_src,gvwr,carrier_name,carrier_state,carrier_city,hazmat_placards_i,hazmat_present_i,hazmat_report_i,mcs_report_i,hazmat_vio_cause_crash_i,mcs_vio_cause_crash_i,idot_permit_no,trailer1_width,trailer2_width,trailer1_length,axle_cnt,vehicle_config,cargo_body_type,load_type,hazmat_out_of_service_i,mcs_out_of_service_i,hazmat_class,crash_date_est_i,crash_date_right,posted_speed_limit,traffic_control_device,device_condition,weather_condition,lighting_condition,first_crash_type,trafficway_type,alignment,roadway_surface_cond,road_defect,report_type,crash_type,intersection_related_i,private_property_i,hit_and_run_i,damage,date_police_notified,prim_contributory_cause,sec_contributory_cause,street_no,street_direction,street_name,beat_of_occurrence,photos_taken_i,statements_taken_i,dooring_i,work_zone_i,work_zone_type,workers_present_i,num_units,most_severe_injury,injuries_total,injuries_fatal,injuries_incapacitating,injuries_non_incapacitating,injuries_reported_not_evident,injuries_no_indication,injuries_unknown,crash_hour,crash_day_of_week,crash_month,latitude,longitude,location
2065668,f108146af41f1bad67a81cae42c69c405bbe5d797fda9b34979aaae7b7905670d9df45500188d64636811a061298ba5988a4c551bd738047064326d46bc07cf1,2025-05-18T11:30:00.000,2,DRIVER,,1969110.0,,TOYOTA,CAMRY,IL,2011.0,UNKNOWN,PASSENGER,PERSONAL,E,SLOW/STOP IN TRAFFIC,,,1.0,,,,,,,,,Y,,,,,,,,REAR,,,,,,,,,,,,,,,,,,,,,,,,,,2025-05-18T11:30:00.000,30,TRAFFIC SIGNAL,FUNCTIONING PROPERLY,CLEAR,DAYLIGHT,REAR END,T-INTERSECTION,STRAIGHT AND LEVEL,DRY,UNKNOWN,NOT ON SCENE (DESK REPORT),INJURY AND / OR TOW DUE TO CRASH,Y,,,"OVER $1,500",2025-05-18T15:50:00.000,FAILING TO REDUCE SPEED TO AVOID CRASH,NOT APPLICABLE,1827,E,79TH ST,414,,,,,,,2,"REPORTED, NOT EVIDENT",1.0,0.0,0.0,0.0,1.0,1.0,0.0,11,1,5,41.751448031,-87.579848249,POINT (-87.579848248977 41.751448030976)
2065547,f7a17b779201ed2273da946dd602d88506e89e01d84457bafbc49da808d571ad8b42e0d2860d87ff8d392ae841868063a61b9145dba2f509fa5a6b3d82b6d0f3,2025-05-18T11:30:00.000,1,DRIVER,,1969005.0,,TOYOTA,COROLLA,IL,2008.0,NONE,PASSENGER,PERSONAL,UNKNOWN,UNKNOWN/NA,Y,,1.0,PRIVATE TOW,PRIVATE LOCATION,,Y,,,,,,,,,N,Y,Y,,FRONT-LEFT-CORNER,,,,,,,,,,,,,,,,,,,,,,,,,,2025-05-18T11:30:00.000,30,TRAFFIC SIGNAL,FUNCTIONING PROPERLY,CLEAR,DAYLIGHT,FIXED OBJECT,DIVIDED - W/MEDIAN (NOT RAISED),STRAIGHT AND LEVEL,UNKNOWN,UNKNOWN,ON SCENE,INJURY AND / OR TOW DUE TO CRASH,,,,"OVER $1,500",2025-05-18T11:52:00.000,PHYSICAL CONDITION OF DRIVER,PHYSICAL CONDITION OF DRIVER,9500,S,COMMERCIAL AVE,431,,,,,,,1,NONINCAPACITATING INJURY,1.0,0.0,0.0,1.0,0.0,0.0,0.0,11,1,5,41.7226729025,-87.5512219798,POINT (-87.551221979784 41.722672902536)
2065541,f7f87f4ac4fadb1f02064881746d1e1cc2fccd44c7e5f8e5537593a337ab43add54991e9fbab9184622396fa5d6b7beae506cdd82ed34316ac67aa6e2fe2e1f7,2025-05-18T11:20:00.000,1,DRIVER,,1968995.0,,HONDA,ACCORD,IL,2021.0,UNKNOWN,PASSENGER,PERSONAL,S,TURNING LEFT,,,1.0,,,,,,,,,,,,,,,Y,,FRONT,,,,,,,,,,,,,,,,,,,,,,,,,,2025-05-18T11:20:00.000,10,NO CONTROLS,NO CONTROLS,CLEAR,DAYLIGHT,TURNING,ALLEY,STRAIGHT AND LEVEL,DRY,UNKNOWN,NOT ON SCENE (DESK REPORT),NO INJURY / DRIVE AWAY,,,,"OVER $1,500",2025-05-18T12:40:00.000,UNABLE TO DETERMINE,UNABLE TO DETERMINE,2949,W,63RD ST,823,,,,,,,2,NO INDICATION OF INJURY,0.0,0.0,0.0,0.0,0.0,2.0,0.0,11,1,5,41.7789421208,-87.6977804979,POINT (-87.697780497871 41.778942120768)
2065542,f7f87f4ac4fadb1f02064881746d1e1cc2fccd44c7e5f8e5537593a337ab43add54991e9fbab9184622396fa5d6b7beae506cdd82ed34316ac67aa6e2fe2e1f7,2025-05-18T11:20:00.000,2,DRIVER,,1969000.0,,NISSAN,ALTIMA,AZ,2023.0,UNKNOWN,PASSENGER,PERSONAL,W,STRAIGHT AHEAD,,,1.0,,,,,,,,,,,Y,Y,Y,Y,,,SIDE-LEFT,,,,,,,,,,,,,,,,,,,,,,,,,,2025-05-18T11:20:00.000,10,NO CONTROLS,NO CONTROLS,CLEAR,DAYLIGHT,TURNING,ALLEY,STRAIGHT AND LEVEL,DRY,UNKNOWN,NOT ON SCENE (DESK REPORT),NO INJURY / DRIVE AWAY,,,,"OVER $1,500",2025-05-18T12:40:00.000,UNABLE TO DETERMINE,UNABLE TO DETERMINE,2949,W,63RD ST,823,,,,,,,2,NO INDICATION OF INJURY,0.0,0.0,0.0,0.0,0.0,2.0,0.0,11,1,5,41.7789421208,-87.6977804979,POINT (-87.697780497871 41.778942120768)
2065537,5b3bacdbf3d5265bbd7280e7f62b3efb75cc87798727965f58df44e1c274aa354bb2d8cc146d1284a2945b8f6099a7cd9545cf8928eece45d1fdc8b0f7eaf0ab,2025-05-18T11:19:00.000,1,DRIVER,,1968998.0,,TOYOTA,CAMRY,IL,2011.0,UNKNOWN,PASSENGER,PERSONAL,S,TURNING LEFT,,,1.0,,,,,,,,,,,,,,Y,Y,,FRONT-LEFT-CORNER,,,,,,,,,,,,,,,,,,,,,,,,,,2025-05-18T11:19:00.000,30,TRAFFIC SIGNAL,FUNCTIONING PROPERLY,CLEAR,DAYLIGHT,TURNING,CENTER TURN LANE,STRAIGHT AND LEVEL,DRY,NO DEFECTS,ON SCENE,INJURY AND / OR TOW DUE TO CRASH,Y,,,"OVER $1,500",2025-05-18T11:21:00.000,FAILING TO YIELD RIGHT-OF-WAY,UNABLE TO DETERMINE,4400,N,CUMBERLAND AVE,1614,,,,,,,2,NO INDICATION OF INJURY,0.0,0.0,0.0,0.0,0.0,2.0,0.0,11,1,5,41.959386457,-87.8368459205,POINT (-87.836845920456 41.959386456978)
2065538,5b3bacdbf3d5265bbd7280e7f62b3efb75cc87798727965f58df44e1c274aa354bb2d8cc146d1284a2945b8f6099a7cd9545cf8928eece45d1fdc8b0f7eaf0ab,2025-05-18T11:19:00.000,2,DRIVER,,1969002.0,,FORD,EXPLORER,IL,1998.0,OTHER,SPORT UTILITY VEHICLE (SUV),PERSONAL,N,STRAIGHT AHEAD,Y,,1.0,UNK,UNK,,Y,,,,,,Y,,,,,,,REAR-LEFT-CORNER,,,,,,,,,,,,,,,,,,,,,,,,,,2025-05-18T11:19:00.000,30,TRAFFIC SIGNAL,FUNCTIONING PROPERLY,CLEAR,DAYLIGHT,TURNING,CENTER TURN LANE,STRAIGHT AND LEVEL,DRY,NO DEFECTS,ON SCENE,INJURY AND / OR TOW DUE TO CRASH,Y,,,"OVER $1,500",2025-05-18T11:21:00.000,FAILING TO YIELD RIGHT-OF-WAY,UNABLE TO DETERMINE,4400,N,CUMBERLAND AVE,1614,,,,,,,2,NO INDICATION OF INJURY,0.0,0.0,0.0,0.0,0.0,2.0,0.0,11,1,5,41.959386457,-87.8368459205,POINT (-87.836845920456 41.959386456978)
2065520,46074c2b10630739cf95cd043ad977cb62c3d397b8470c091a93e10786a3ed1e311c93bc16b9e9efabcd6ef01cb37f1d26ae4f0be17ad392d65bf39232c4fbe5,2025-05-18T11:15:00.000,1,DRIVER,,1968969.0,,HONDA,ACCORD,IL,2017.0,NONE,PASSENGER,PERSONAL,E,TURNING LEFT,,,1.0,,,,,,,,,,Y,Y,,,,,,SIDE-LEFT-REAR,,,,,,,,,,,,,,,,,,,,,,,,,,2025-05-18T11:15:00.000,30,NO CONTROLS,NO CONTROLS,CLEAR,DAYLIGHT,PARKED MOTOR VEHICLE,ONE-WAY,STRAIGHT AND LEVEL,DRY,NO DEFECTS,ON SCENE,NO INJURY / DRIVE AWAY,,,,"$501 - $1,500",2025-05-18T11:15:00.000,UNABLE TO DETERMINE,UNABLE TO DETERMINE,132,W,104TH ST,512,,,,,,,2,NO INDICATION OF INJURY,0.0,0.0,0.0,0.0,0.0,1.0,0.0,11,1,5,41.7054033196,-87.6271907926,POINT (-87.627190792559 41.705403319613)
2065521,46074c2b10630739cf95cd043ad977cb62c3d397b8470c091a93e10786a3ed1e311c93bc16b9e9efabcd6ef01cb37f1d26ae4f0be17ad392d65bf39232c4fbe5,2025-05-18T11:15:00.000,2,PARKED,,1968973.0,,BUICK,ENCLAVE,IL,2019.0,NONE,PASSENGER,PERSONAL,E,PARKED,,,0.0,,,,Y,,,,,,,,,,,,,FRONT-RIGHT-CORNER,,,,,,,,,,,,,,,,,,,,,,,,,,2025-05-18T11:15:00.000,30,NO CONTROLS,NO CONTROLS,CLEAR,DAYLIGHT,PARKED MOTOR VEHICLE,ONE-WAY,STRAIGHT AND LEVEL,DRY,NO DEFECTS,ON SCENE,NO INJURY / DRIVE AWAY,,,,"$501 - $1,500",2025-05-18T11:15:00.000,UNABLE TO DETERMINE,UNABLE TO DETERMINE,132,W,104TH ST,512,,,,,,,2,NO INDICATION OF INJURY,0.0,0.0,0.0,0.0,0.0,1.0,0.0,11,1,5,41.7054033196,-87.6271907926,POINT (-87.627190792559 41.705403319613)
2065508,02bee466fbab5ff9111750e1d2a342507efc999e553feaaa2475785d0ff4d80c5bcd161ed8abace60d564b514ed8d77f4c1d45a3a808ab28b709da4584e5ff13,2025-05-18T11:12:00.000,1,DRIVER,,1968977.0,,AUDI,OTHER (EXPLAIN IN NARRATIVE),IL,2023.0,UNKNOWN,PASSENGER,PERSONAL,NW,PASSING/OVERTAKING,,,1.0,,,,Y,Y,,,,,,,,,,Y,Y,FRONT-RIGHT-CORNER,,,,,,,,,,,,,,,,,,,,,,,,,,2025-05-18T11:12:00.000,30,NO CONTROLS,NO CONTROLS,CLOUDY/OVERCAST,DAYLIGHT,ANGLE,NOT DIVIDED,STRAIGHT AND LEVEL,DRY,NO DEFECTS,ON SCENE,INJURY AND / OR TOW DUE TO CRASH,,,,"OVER $1,500",2025-05-18T11:13:00.000,IMPROPER OVERTAKING/PASSING,IMPROPER TURNING/NO SIGNAL,3000,W,GRAND AVE,1211,,,,,,,2,NONINCAPACITATING INJURY,2.0,0.0,0.0,1.0,1.0,0.0,0.0,11,1,5,41.8966610612,-87.7021775244,POINT (-87.702177524363 41.896661061228)
2065509,02bee466fbab5ff9111750e1d2a342507efc999e553feaaa2475785d0ff4d80c5bcd161ed8abace60d564b514ed8d77f4c1d45a3a808ab28b709da4584e5ff13,2025-05-18T11:12:00.000,2,DRIVER,,1968958.0,,HONDA,OTHER (EXPLAIN IN NARRATIVE),IL,2017.0,NONE,PASSENGER,PERSONAL,W,STRAIGHT AHEAD,,,1.0,,,,,,,N,N,,,,Y,Y,Y,,,FRONT-LEFT-CORNER,,,,,,,,,,,,,,,,,,,,,,,,,,2025-05-18T11:12:00.000,30,NO CONTROLS,NO CONTROLS,CLOUDY/OVERCAST,DAYLIGHT,ANGLE,NOT DIVIDED,STRAIGHT AND LEVEL,DRY,NO DEFECTS,ON SCENE,INJURY AND / OR TOW DUE TO CRASH,,,,"OVER $1,500",2025-05-18T11:13:00.000,IMPROPER OVERTAKING/PASSING,IMPROPER TURNING/NO SIGNAL,3000,W,GRAND AVE,1211,,,,,,,2,NONINCAPACITATING INJURY,2.0,0.0,0.0,1.0,1.0,0.0,0.0,11,1,5,41.8966610612,-87.7021775244,POINT (-87.702177524363 41.896661061228)
2065518,9f1d9375a2696d1c21599150f8097a018ca99c7c1fcfe11cbfe53502d0d98c58e038cbe3a63b8a9433ac32ac0433f1a1be3c2d46537da7803ab8ce559634c398,2025-05-18T11:05:00.000,1,DRIVER,,1968967.0,,TOYOTA,SIENNA,IL,2011.0,UNKNOWN,PASSENGER,PERSONAL,N,STRAIGHT AHEAD,,,1.0,,,,Y,,,,,,,Y,Y,Y,Y,Y,,FRONT,,,,,,,,,,,,,,,,,,,,,,,,,,2025-05-18T11:05:00.000,35,UNKNOWN,UNKNOWN,CLEAR,DAYLIGHT,TURNING,NOT DIVIDED,STRAIGHT AND LEVEL,DRY,NO DEFECTS,NOT ON SCENE (DESK REPORT),NO INJURY / DRIVE AWAY,,,,"OVER $1,500",2025-05-18T11:35:00.000,UNABLE TO DETERMINE,UNABLE TO DETERMINE,2500,N,WESTERN AVE,1431,,,,,,,2,NO INDICATION OF INJURY,0.0,0.0,0.0,0.0,0.0,2.0,0.0,11,1,5,41.9267258501,-87.6878562871,POINT (-87.687856287102 41.926725850088)
2065519,9f1d9375a2696d1c21599150f8097a018ca99c7c1fcfe11cbfe53502d0d98c58e038cbe3a63b8a9433ac32ac0433f1a1be3c2d46537da7803ab8ce559634c398,2025-05-18T11:05:00.000,2,DRIVER,,1968972.0,,HONDA,ODYSSEY,IL,2019.0,NONE,PASSENGER,PERSONAL,S,TURNING LEFT,,,1.0,,,,Y,Y,Y,Y,,,,,,,Y,Y,,FRONT,,,,,,,,,,,,,,,,,,,,,,,,,,2025-05-18T11:05:00.000,35,UNKNOWN,UNKNOWN,CLEAR,DAYLIGHT,TURNING,NOT DIVIDED,STRAIGHT AND LEVEL,DRY,NO DEFECTS,NOT ON SCENE (DESK REPORT),NO INJURY / DRIVE AWAY,,,,"OVER $1,500",2025-05-18T11:35:00.000,UNABLE TO DETERMINE,UNABLE TO DETERMINE,2500,N,WESTERN AVE,1431,,,,,,,2,NO INDICATION OF INJURY,0.0,0.0,0.0,0.0,0.0,2.0,0.0,11,1,5,41.9267258501,-87.6878562871,POINT (-87.687856287102 41.926725850088)
2065513,a4c393f0458f4fa126f8a363ac7e17cf30d6346ca54b0d98af81d6985ce45a28a9823b55ff0a0c95de3d51755536abeafab3e91597ea63e5a7fe76e22d81a608,2025-05-18T11:02:00.000,1,PARKED,1.0,1968961.0,,TOYOTA,TACOMA,IL,2017.0,NONE,PICKUP,NOT IN USE,S,PARKED,,,1.0,,,,,,,,,,,,Y,,,,,SIDE-LEFT,,,,,,,,,,,,,,,,,,,,,,,,,,2025-05-18T11:02:00.000,20,NO CONTROLS,NO CONTROLS,CLEAR,DAYLIGHT,PEDALCYCLIST,NOT DIVIDED,STRAIGHT AND LEVEL,DRY,NO DEFECTS,NOT ON SCENE (DESK REPORT),INJURY AND / OR TOW DUE TO CRASH,,,,"OVER $1,500",2025-05-18T11:30:00.000,UNABLE TO DETERMINE,UNABLE TO DETERMINE,5728,S,MOZART ST,824,,,Y,,,,2,"REPORTED, NOT EVIDENT",1.0,0.0,0.0,0.0,1.0,1.0,0.0,11,1,5,41.7891437772,-87.6950391068,POINT (-87.695039106835 41.789143777219)
2065514,a4c393f0458f4fa126f8a363ac7e17cf30d6346ca54b0d98af81d6985ce45a28a9823b55ff0a0c95de3d51755536abeafab3e91597ea63e5a7fe76e22d81a608,2025-05-18T11:02:00.000,2,BICYCLE,,,,,,,,,,,,,,,,,,,,,,,,,,,,,,,,,,,,,,,,,,,,,,,,,,,,,,,,,,2025-05-18T11:02:00.000,20,NO CONTROLS,NO CONTROLS,CLEAR,DAYLIGHT,PEDALCYCLIST,NOT DIVIDED,STRAIGHT AND LEVEL,DRY,NO DEFECTS,NOT ON SCENE (DESK REPORT),INJURY AND / OR TOW DUE TO CRASH,,,,"OVER $1,500",2025-05-18T11:30:00.000,UNABLE TO DETERMINE,UNABLE TO DETERMINE,5728,S,MOZART ST,824,,,Y,,,,2,"REPORTED, NOT EVIDENT",1.0,0.0,0.0,0.0,1.0,1.0,0.0,11,1,5,41.7891437772,-87.6950391068,POINT (-87.695039106835 41.789143777219)
2066050,39c56fb3ef9545a47ebbec783445d0760fe7d66fd88fbf3470140e64762728fd54ece57ef2053b4a40d13d6035fcde0367a9914a5dc6451cbf58852145ffc38b,2025-05-18T11:00:00.000,1,DRIVER,,1969464.0,,UNKNOWN,WHEELS ONLY,,,NONE,UNKNOWN/NA,PERSONAL,UNKNOWN,UNKNOWN/NA,,,1.0,,,,,,,,,,,,,,,,Y,UNKNOWN,,,,,,,,,,,,,,,,,,,,,,,,,,2025-05-18T11:00:00.000,15,NO CONTROLS,NO CONTROLS,CLEAR,DAYLIGHT,PARKED MOTOR VEHICLE,PARKING LOT,STRAIGHT AND LEVEL,DRY,NO DEFECTS,ON SCENE,NO INJURY / DRIVE AWAY,,,Y,"$501 - $1,500",2025-05-18T11:15:00.000,FAILING TO YIELD RIGHT-OF-WAY,NOT APPLICABLE,2020,N,SHEFFIELD AVE,1811,,,,,,,2,NO INDICATION OF INJURY,0.0,0.0,0.0,0.0,0.0,1.0,0.0,11,1,5,41.9187570316,-87.6535381733,POINT (-87.653538173325 41.918757031634)
2066051,39c56fb3ef9545a47ebbec783445d0760fe7d66fd88fbf3470140e64762728fd54ece57ef2053b4a40d13d6035fcde0367a9914a5dc6451cbf58852145ffc38b,2025-05-18T11:00:00.000,2,PARKED,,1969469.0,,TOYOTA,CAMRY,WI,2025.0,NONE,PASSENGER,PERSONAL,S,PARKED,,,0.0,,,,,,,,,,,,,,Y,,,FRONT-LEFT-CORNER,,,,,,,,,,,,,,,,,,,,,,,,,,2025-05-18T11:00:00.000,15,NO CONTROLS,NO CONTROLS,CLEAR,DAYLIGHT,PARKED MOTOR VEHICLE,PARKING LOT,STRAIGHT AND LEVEL,DRY,NO DEFECTS,ON SCENE,NO INJURY / DRIVE AWAY,,,Y,"$501 - $1,500",2025-05-18T11:15:00.000,FAILING TO YIELD RIGHT-OF-WAY,NOT APPLICABLE,2020,N,SHEFFIELD AVE,1811,,,,,,,2,NO INDICATION OF INJURY,0.0,0.0,0.0,0.0,0.0,1.0,0.0,11,1,5,41.9187570316,-87.6535381733,POINT (-87.653538173325 41.918757031634)
2065981,e928b10ba3c06e5a8b966ed30038cdadfd011a1d472e8114521546a9785a8843d7fce294896be7a1b15653b6e2d659a39973435037a760292df19fe5b98de260,2025-05-18T11:00:00.000,1,DRIVER,,1969408.0,,TOYOTA,OTHER (EXPLAIN IN NARRATIVE),IL,2006.0,NONE,PASSENGER,PERSONAL,S,STRAIGHT AHEAD,,,1.0,,,,Y,,,,,,,,,,Y,Y,,FRONT,,,,,,,,,,,,,,,,,,,,,,,,,,2025-05-18T11:00:00.000,30,NO CONTROLS,NO CONTROLS,CLEAR,DAYLIGHT,REAR END,NOT DIVIDED,STRAIGHT AND LEVEL,DRY,NO DEFECTS,NOT ON SCENE (DESK REPORT),NO INJURY / DRIVE AWAY,,,,"OVER $1,500",2025-05-18T12:30:00.000,UNABLE TO DETERMINE,UNABLE TO DETERMINE,4070,N,CLARK ST,1912,,,,,,,3,NO INDICATION OF INJURY,0.0,0.0,0.0,0.0,0.0,2.0,0.0,11,1,5,41.9562503996,-87.6635729203,POINT (-87.663572920316 41.956250399624)
2065982,e928b10ba3c06e5a8b966ed30038cdadfd011a1d472e8114521546a9785a8843d7fce294896be7a1b15653b6e2d659a39973435037a760292df19fe5b98de260,2025-05-18T11:00:00.000,2,,,,,,,,,,,,,,,,,,,,,,,,,,,,,,,,,,,,,,,,,,,,,,,,,,,,,,,,,,,2025-05-18T11:00:00.000,30,NO CONTROLS,NO CONTROLS,CLEAR,DAYLIGHT,REAR END,NOT DIVIDED,STRAIGHT AND LEVEL,DRY,NO DEFECTS,NOT ON SCENE (DESK REPORT),NO INJURY / DRIVE AWAY,,,,"OVER $1,500",2025-05-18T12:30:00.000,UNABLE TO DETERMINE,UNABLE TO DETERMINE,4070,N,CLARK ST,1912,,,,,,,3,NO INDICATION OF INJURY,0.0,0.0,0.0,0.0,0.0,2.0,0.0,11,1,5,41.9562503996,-87.6635729203,POINT (-87.663572920316 41.956250399624)
2065983,e928b10ba3c06e5a8b966ed30038cdadfd011a1d472e8114521546a9785a8843d7fce294896be7a1b15653b6e2d659a39973435037a760292df19fe5b98de260,2025-05-18T11:00:00.000,2,DRIVER,,1969409.0,,TOYOTA,ECHO,IL,2003.0,NONE,PASSENGER,PERSONAL,S,STRAIGHT AHEAD,,,1.0,,,,,,,,Y,Y,Y,,,,,,,REAR,,,,,,,,,,,,,,,,,,,,,,,,,,2025-05-18T11:00:00.000,30,NO CONTROLS,NO CONTROLS,CLEAR,DAYLIGHT,REAR END,NOT DIVIDED,STRAIGHT AND LEVEL,DRY,NO DEFECTS,NOT ON SCENE (DESK REPORT),NO INJURY / DRIVE AWAY,,,,"OVER $1,500",2025-05-18T12:30:00.000,UNABLE TO DETERMINE,UNABLE TO DETERMINE,4070,N,CLARK ST,1912,,,,,,,3,NO INDICATION OF INJURY,0.0,0.0,0.0,0.0,0.0,2.0,0.0,11,1,5,41.9562503996,-87.6635729203,POINT (-87.663572920316 41.956250399624)
2065527,a678fb4e9b422d4b5575c4521b7318fa86707f4505c08a290c5b2ae0bbd34a02d2f07bf7246de01bbc216a5f40a8b2ae4f3c1fbb3940278bf4a3f1e16e78f082,2025-05-18T10:52:00.000,1,DRIVER,,1968987.0,,LINCOLN,NAVIGATOR,IL,2020.0,UNKNOWN,PASSENGER,UNKNOWN/NA,S,STRAIGHT AHEAD,,,1.0,,,,,Y,,,,,,,,,,,,SIDE-RIGHT-FRONT,,,,,,,,,,,,,,,,,,,,,,,,,,2025-05-18T10:52:00.000,30,TRAFFIC SIGNAL,FUNCTIONING PROPERLY,CLEAR,DAYLIGHT,SIDESWIPE SAME DIRECTION,ONE-WAY,STRAIGHT AND LEVEL,DRY,NO DEFECTS,ON SCENE,NO INJURY / DRIVE AWAY,,,,"OVER $1,500",2025-05-18T11:11:00.000,IMPROPER LANE USAGE,NOT APPLICABLE,285,S,CLARK ST,113,,,,,,,2,NO INDICATION OF INJURY,0.0,0.0,0.0,0.0,0.0,2.0,0.0,10,1,5,41.8781820851,-87.6306393088,POINT (-87.630639308832 41.87818208507)
2065528,a678fb4e9b422d4b5575c4521b7318fa86707f4505c08a290c5b2ae0bbd34a02d2f07bf7246de01bbc216a5f40a8b2ae4f3c1fbb3940278bf4a3f1e16e78f082,2025-05-18T10:52:00.000,2,DRIVER,,1968992.0,,NEW FLYER,OTHER (EXPLAIN IN NARRATIVE),IL,2012.0,NONE,BUS OVER 15 PASS.,CTA,S,STARTING IN TRAFFIC,,,1.0,,,,,,,,,,,,,Y,,,,SIDE-LEFT-FRONT,,,,,,,,,,,,,,,,,,,,,,,,,,2025-05-18T10:52:00.000,30,TRAFFIC SIGNAL,FUNCTIONING PROPERLY,CLEAR,DAYLIGHT,SIDESWIPE SAME DIRECTION,ONE-WAY,STRAIGHT AND LEVEL,DRY,NO DEFECTS,ON SCENE,NO INJURY / DRIVE AWAY,,,,"OVER $1,500",2025-05-18T11:11:00.000,IMPROPER LANE USAGE,NOT APPLICABLE,285,S,CLARK ST,113,,,,,,,2,NO INDICATION OF INJURY,0.0,0.0,0.0,0.0,0.0,2.0,0.0,10,1,5,41.8781820851,-87.6306393088,POINT (-87.630639308832 41.87818208507)
2065505,8f0d9c5e1b0aafc2cca3bf29907197b8038cd9a00b86963dae2c9106f07d1a1db895d0948ce7e6e16ed200061c2082cadbbc9710c007c812af1c14931ff8ed1e,2025-05-18T10:47:00.000,1,DRIVER,2.0,1968956.0,,TOYOTA,CAMRY,IL,2010.0,UNKNOWN,PASSENGER,PERSONAL,N,TURNING LEFT,,,3.0,,,Y,,,,,,,,,,,,,,FRONT,,,,,,,,,,,,,,,,,,,,,,,,,,2025-05-18T10:47:00.000,30,TRAFFIC SIGNAL,FUNCTIONING PROPERLY,CLEAR,DAYLIGHT,PEDESTRIAN,FOUR WAY,STRAIGHT AND LEVEL,DRY,NO DEFECTS,ON SCENE,INJURY AND / OR TOW DUE TO CRASH,Y,,,$500 OR LESS,2025-05-18T10:47:00.000,"VISION OBSCURED (SIGNS, TREE LIMBS, BUILDINGS, ETC.)",NOT APPLICABLE,4400,W,MADISON ST,1113,,,,,,,2,"REPORTED, NOT EVIDENT",1.0,0.0,0.0,0.0,1.0,3.0,0.0,10,1,5,41.8807189579,-87.735600609,POINT (-87.735600609006 41.880718957876)
2065511,8f0d9c5e1b0aafc2cca3bf29907197b8038cd9a00b86963dae2c9106f07d1a1db895d0948ce7e6e16ed200061c2082cadbbc9710c007c812af1c14931ff8ed1e,2025-05-18T10:47:00.000,2,PEDESTRIAN,,,,,,,,,,,,,,,,,,,,,,,,,,,,,,,,,,,,,,,,,,,,,,,,,,,,,,,,,,2025-05-18T10:47:00.000,30,TRAFFIC SIGNAL,FUNCTIONING PROPERLY,CLEAR,DAYLIGHT,PEDESTRIAN,FOUR WAY,STRAIGHT AND LEVEL,DRY,NO DEFECTS,ON SCENE,INJURY AND / OR TOW DUE TO CRASH,Y,,,$500 OR LESS,2025-05-18T10:47:00.000,"VISION OBSCURED (SIGNS, TREE LIMBS, BUILDINGS, ETC.)",NOT APPLICABLE,4400,W,MADISON ST,1113,,,,,,,2,"REPORTED, NOT EVIDENT",1.0,0.0,0.0,0.0,1.0,3.0,0.0,10,1,5,41.8807189579,-87.735600609,POINT (-87.735600609006 41.880718957876)
2065604,0d60699954176e370bdcfa8aeeafe1413a9ab997869da80a6397eb2bb839f5b592c8c01393ba47bf47e80f5f9f4abfc211f343f8b02179ac8f8a5afa1c3b1b4a,2025-05-18T10:35:00.000,1,DRIVER,,1969044.0,,DODGE,RAM 1500 PU,IL,2017.0,NONE,PICKUP,PERSONAL,N,STRAIGHT AHEAD,,,1.0,,,,Y,,,,,,,,,,Y,Y,,FRONT,,,,,,,,,,,,,,,,,,,,,,,,,,2025-05-18T10:35:00.000,30,STOP SIGN/FLASHER,NO CONTROLS,CLEAR,DAYLIGHT,REAR END,DIVIDED - W/MEDIAN (NOT RAISED),STRAIGHT AND LEVEL,DRY,NO DEFECTS,NOT ON SCENE (DESK REPORT),NO INJURY / DRIVE AWAY,,,,"OVER $1,500",2025-05-18T14:30:00.000,UNABLE TO DETERMINE,UNABLE TO DETERMINE,9301,S,COLFAX AVE,423,,,,,,,2,NO INDICATION OF INJURY,0.0,0.0,0.0,0.0,0.0,2.0,0.0,10,1,5,41.7262127062,-87.560669873,POINT (-87.560669873002 41.726212706192)
2065605,0d60699954176e370bdcfa8aeeafe1413a9ab997869da80a6397eb2bb839f5b592c8c01393ba47bf47e80f5f9f4abfc211f343f8b02179ac8f8a5afa1c3b1b4a,2025-05-18T10:35:00.000,2,DRIVER,,1969058.0,,NISSAN,ALTIMA,IL,2025.0,NONE,PASSENGER,PERSONAL,N,SLOW/STOP IN TRAFFIC,,,1.0,,,,,,,,Y,Y,Y,,,,,,,REAR,,,,,,,,,,,,,,,,,,,,,,,,,,2025-05-18T10:35:00.000,30,STOP SIGN/FLASHER,NO CONTROLS,CLEAR,DAYLIGHT,REAR END,DIVIDED - W/MEDIAN (NOT RAISED),STRAIGHT AND LEVEL,DRY,NO DEFECTS,NOT ON SCENE (DESK REPORT),NO INJURY / DRIVE AWAY,,,,"OVER $1,500",2025-05-18T14:30:00.000,UNABLE TO DETERMINE,UNABLE TO DETERMINE,9301,S,COLFAX AVE,423,,,,,,,2,NO INDICATION OF INJURY,0.0,0.0,0.0,0.0,0.0,2.0,0.0,10,1,5,41.7262127062,-87.560669873,POINT (-87.560669873002 41.726212706192)