crash_unit_id,crash_record_id,crash_date_left,unit_no,unit_type,num_passengers,vehicle_id,cmrc_veh_i,make,model,lic_plate_state,vehicle_year,vehicle_defect,vehicle_type,vehicle_use,travel_direction,maneuver,towed_i,fire_i,occupant_cnt,towed_by,towed_to,area_00_i,area_01_i,area_02_i,area_03_i,area_04_i,area_05_i,area_06_i,area_07_i,area_08_i,area_09_i,area_10_i,area_11_i,area_12_i,area_99_i,first_contact_point,cmv_id,usdot_no,commercial_src,gvwr,carrier_name,carrier_state,carrier_city,hazmat_placards_i,hazmat_present_i,hazmat_report_i,mcs_report_i,hazmat_vio_cause_crash_i,mcs_vio_cause_crash_i,idot_permit_no,trailer1_width,trailer2_width,trailer1_length,axle_cnt,vehicle_config,cargo_body_type,load_type,hazmat_out_of_service_i,mcs_out_of_service_i,hazmat_class,crash_date_est_i,crash_date_right,posted_speed_limit,traffic_control_device,device_condition,weather_condition,lighting_condition,first_crash_type,trafficway_type,alignment,roadway_surface_cond,road_defect,report_type,crash_type,intersection_related_i,private_property_i,hit_and_run_i,damage,date_police_notified,prim_contributory_cause,sec_contributory_cause,street_no,street_direction,street_name,beat_of_occurrence,photos_taken_i,statements_taken_i,dooring_i,work_zone_i,work_zone_type,workers_present_i,num_units,most_severe_injury,injuries_total,injuries_fatal,injuries_incapacitating,injuries_non_incapacitating,injuries_reported_not_evident,injuries_no_indication,injuries_unknown,crash_hour,crash_day_of_week,crash_month,latitude,longitude,location
2065495,7be6d4634857f9ed754179636274d6849c9313a980063000a4db2fc8bff7a37ca7aad8908160affce9a26c04e6dbdcd8b18bc85e343d97da651003cc5fb41fa8,2025-05-18T10:34:00.000,1,DRIVER,,1968945.0,,UNKNOWN,OTHER (EXPLAIN IN NARRATIVE),,,UNKNOWN,UNKNOWN/NA,UNKNOWN/NA,UNKNOWN,UNKNOWN/NA,,,1.0,,,,Y,,,,,,,,,N,Y,Y,,FRONT,,,,,,,,,,,,,,,,,,,,,,,,,,2025-05-18T10:34:00.000,30,TRAFFIC SIGNAL,FUNCTIONING PROPERLY,CLEAR,DAYLIGHT,PEDESTRIAN,FOUR WAY,STRAIGHT AND LEVEL,DRY,NO DEFECTS,ON SCENE,INJURY AND / OR TOW DUE TO CRASH,Y,,Y,"OVER $1,500",2025-05-18T10:34:00.000,UNABLE TO DETERMINE,NOT APPLICABLE,3200,W,59TH ST,822,,,,,,,3,"REPORTED, NOT EVIDENT",2.0,0.0,0.0,0.0,2.0,1.0,0.0,10,1,5,41.7863573187,-87.7034123861,POINT (-87.70341238607 41.786357318651)
2065510,7be6d4634857f9ed754179636274d6849c9313a980063000a4db2fc8bff7a37ca7aad8908160affce9a26c04e6dbdcd8b18bc85e343d97da651003cc5fb41fa8,2025-05-18T10:34:00.000,2,PEDESTRIAN,,,,,,,,,,,,,,,,,,,,,,,,,,,,,,,,,,,,,,,,,,,,,,,,,,,,,,,,,,2025-05-18T10:34:00.000,30,TRAFFIC SIGNAL,FUNCTIONING PROPERLY,CLEAR,DAYLIGHT,PEDESTRIAN,FOUR WAY,STRAIGHT AND LEVEL,DRY,NO DEFECTS,ON SCENE,INJURY AND / OR TOW DUE TO CRASH,Y,,Y,"OVER $1,500",2025-05-18T10:34:00.000,UNABLE TO DETERMINE,NOT APPLICABLE,3200,W,59TH ST,822,,,,,,,3,"REPORTED, NOT EVIDENT",2.0,0.0,0.0,0.0,2.0,1.0,0.0,10,1,5,41.7863573187,-87.7034123861,POINT (-87.70341238607 41.786357318651)
2065512,7be6d4634857f9ed754179636274d6849c9313a980063000a4db2fc8bff7a37ca7aad8908160affce9a26c04e6dbdcd8b18bc85e343d97da651003cc5fb41fa8,2025-05-18T10:34:00.000,3,PEDESTRIAN,,,,,,,,,,,,,,,,,,,,,,,,,,,,,,,,,,,,,,,,,,,,,,,,,,,,,,,,,,2025-05-18T10:34:00.000,30,TRAFFIC SIGNAL,FUNCTIONING PROPERLY,CLEAR,DAYLIGHT,PEDESTRIAN,FOUR WAY,STRAIGHT AND LEVEL,DRY,NO DEFECTS,ON SCENE,INJURY AND / OR TOW DUE TO CRASH,Y,,Y,"OVER $1,500",2025-05-18T10:34:00.000,UNABLE TO DETERMINE,NOT APPLICABLE,3200,W,59TH ST,822,,,,,,,3,"REPORTED, NOT EVIDENT",2.0,0.0,0.0,0.0,2.0,1.0,0.0,10,1,5,41.7863573187,-87.7034123861,POINT (-87.70341238607 41.786357318651)
2065515,85c9178dc13469f8bbef3912d13a8ea5c13d43fce693db07e5b17bba9f766b7c9102bf38106b5e3a398b68b7f38932083714f748eea5b642e14aed7a44bc1f2d,2025-05-18T10:22:00.000,1,DRIVER,,1968971.0,,TOYOTA,COROLLA,IL,2007.0,UNKNOWN,PASSENGER,PERSONAL,S,BACKING,,,1.0,,,,,,,,Y,Y,,,,,,,,SIDE-RIGHT-REAR,,,,,,,,,,,,,,,,,,,,,,,,,,2025-05-18T10:22:00.000,25,NO CONTROLS,NO CONTROLS,CLEAR,DAYLIGHT,ANGLE,NOT DIVIDED,STRAIGHT AND LEVEL,DRY,NO DEFECTS,ON SCENE,NO INJURY / DRIVE AWAY,,,,"$501 - $1,500",2025-05-18T10:47:00.000,IMPROPER BACKING,IMPROPER BACKING,1114,W,CARROLL AVE,1214,,N,,,,,2,NO INDICATION OF INJURY,0.0,0.0,0.0,0.0,0.0,2.0,0.0,10,1,5,41.8878319778,-87.6552068561,POINT (-87.655206856123 41.887831977798)
2065516,85c9178dc13469f8bbef3912d13a8ea5c13d43fce693db07e5b17bba9f766b7c9102bf38106b5e3a398b68b7f38932083714f748eea5b642e14aed7a44bc1f2d,2025-05-18T10:22:00.000,2,DRIVER,,1968978.0,,AUDI,Q5,TN,2022.0,UNKNOWN,PASSENGER,PERSONAL,W,SLOW/STOP IN TRAFFIC,,,1.0,,,,,,,,,,Y,Y,,,,,,REAR-LEFT-CORNER,,,,,,,,,,,,,,,,,,,,,,,,,,2025-05-18T10:22:00.000,25,NO CONTROLS,NO CONTROLS,CLEAR,DAYLIGHT,ANGLE,NOT DIVIDED,STRAIGHT AND LEVEL,DRY,NO DEFECTS,ON SCENE,NO INJURY / DRIVE AWAY,,,,"$501 - $1,500",2025-05-18T10:47:00.000,IMPROPER BACKING,IMPROPER BACKING,1114,W,CARROLL AVE,1214,,N,,,,,2,NO INDICATION OF INJURY,0.0,0.0,0.0,0.0,0.0,2.0,0.0,10,1,5,41.8878319778,-87.6552068561,POINT (-87.655206856123 41.887831977798)
2065888,000bc0c75b604b142b1de7bb8e6c2f6391d370eb5ded9ecb9ce91059c6bbaa4777c97f9032503129547750dae8f1a809f1a48c9bc9b5fb2f924517018df56e1f,2025-05-18T10:15:00.000,1,DRIVER,,1969317.0,,UNKNOWN,OTHER (EXPLAIN IN NARRATIVE),,,UNKNOWN,PASSENGER,PERSONAL,S,STRAIGHT AHEAD,,,1.0,,,,,,,,Y,,,,,,,,,SIDE-RIGHT-REAR,,,,,,,,,,,,,,,,,,,,,,,,,,2025-05-18T10:15:00.000,30,NO CONTROLS,NO CONTROLS,CLEAR,DUSK,SIDESWIPE SAME DIRECTION,NOT DIVIDED,STRAIGHT AND LEVEL,DRY,NO DEFECTS,NOT ON SCENE (DESK REPORT),NO INJURY / DRIVE AWAY,,,,"$501 - $1,500",2025-05-18T22:30:00.000,IMPROPER LANE USAGE,UNABLE TO DETERMINE,8101,S,STONY ISLAND AVE,411,,,,,,,2,NO INDICATION OF INJURY,0.0,0.0,0.0,0.0,0.0,2.0,0.0,10,1,5,41.7477588544,-87.5853002355,POINT (-87.585300235514 41.747758854371)
2065889,000bc0c75b604b142b1de7bb8e6c2f6391d370eb5ded9ecb9ce91059c6bbaa4777c97f9032503129547750dae8f1a809f1a48c9bc9b5fb2f924517018df56e1f,2025-05-18T10:15:00.000,2,DRIVER,,1969315.0,,NISSAN,SENTRA,IL,2024.0,NONE,PASSENGER,PERSONAL,S,STRAIGHT AHEAD,,,1.0,,,,,,,,,,Y,,,,,,,SIDE-LEFT-REAR,,,,,,,,,,,,,,,,,,,,,,,,,,2025-05-18T10:15:00.000,30,NO CONTROLS,NO CONTROLS,CLEAR,DUSK,SIDESWIPE SAME DIRECTION,NOT DIVIDED,STRAIGHT AND LEVEL,DRY,NO DEFECTS,NOT ON SCENE (DESK REPORT),NO INJURY / DRIVE AWAY,,,,"$501 - $1,500",2025-05-18T22:30:00.000,IMPROPER LANE USAGE,UNABLE TO DETERMINE,8101,S,STONY ISLAND AVE,411,,,,,,,2,NO INDICATION OF INJURY,0.0,0.0,0.0,0.0,0.0,2.0,0.0,10,1,5,41.7477588544,-87.5853002355,POINT (-87.585300235514 41.747758854371)
2065478,986e25a45f2346c657663f7b87e9b0715577136b8566d4c0f47a130d84f5a8ec5370047c566afa5b8ccc2b4f615f6fb529495d8aefdd16148059b67ed5996d64,2025-05-18T10:15:00.000,1,DRIVER,,1968935.0,,UNKNOWN,OTHER (EXPLAIN IN NARRATIVE),,,UNKNOWN,UNKNOWN/NA,UNKNOWN/NA,UNKNOWN,UNKNOWN/NA,,,1.0,,,,,,,,,,,,,,,,Y,UNKNOWN,,,,,,,,,,,,,,,,,,,,,,,,,,2025-05-18T10:15:00.000,10,NO CONTROLS,NO CONTROLS,CLEAR,DAYLIGHT,PARKED MOTOR VEHICLE,PARKING LOT,STRAIGHT AND LEVEL,DRY,NO DEFECTS,NOT ON SCENE (DESK REPORT),NO INJURY / DRIVE AWAY,,,Y,"$501 - $1,500",2025-05-18T10:45:00.000,UNABLE TO DETERMINE,NOT APPLICABLE,4626,W,DIVERSEY AVE,2521,,,,,,,2,NO INDICATION OF INJURY,0.0,0.0,0.0,0.0,0.0,1.0,0.0,10,1,5,41.9316889194,-87.7430169468,POINT (-87.743016946831 41.931688919351)
2065479,986e25a45f2346c657663f7b87e9b0715577136b8566d4c0f47a130d84f5a8ec5370047c566afa5b8ccc2b4f615f6fb529495d8aefdd16148059b67ed5996d64,2025-05-18T10:15:00.000,2,PARKED,,1968943.0,,JEEP,GRAND CHEROKEE,IL,2021.0,NONE,SPORT UTILITY VEHICLE (SUV),NOT IN USE,W,PARKED,,,0.0,,,,,,,,,,,,,Y,Y,,,FRONT-LEFT-CORNER,,,,,,,,,,,,,,,,,,,,,,,,,,2025-05-18T10:15:00.000,10,NO CONTROLS,NO CONTROLS,CLEAR,DAYLIGHT,PARKED MOTOR VEHICLE,PARKING LOT,STRAIGHT AND LEVEL,DRY,NO DEFECTS,NOT ON SCENE (DESK REPORT),NO INJURY / DRIVE AWAY,,,Y,"$501 - $1,500",2025-05-18T10:45:00.000,UNABLE TO DETERMINE,NOT APPLICABLE,4626,W,DIVERSEY AVE,2521,,,,,,,2,NO INDICATION OF INJURY,0.0,0.0,0.0,0.0,0.0,1.0,0.0,10,1,5,41.9316889194,-87.7430169468,POINT (-87.743016946831 41.931688919351)
2065548,999dd5f24ed8550a1ea90d889955868b71a3c37ea79d2215973a80dfee4726a4a81c7f396277263fb443e99df4df7efca2a95f475abcf32eac7e3571ae33c2d8,2025-05-18T10:15:00.000,1,DRIVER,,1968999.0,,UNKNOWN,OTHER (EXPLAIN IN NARRATIVE),IL,,NONE,VAN/MINI-VAN,PERSONAL,UNKNOWN,LEAVING TRAFFIC LANE TO PARK,,,1.0,,,,,,,,,,,,,,,,Y,REAR,,,,,,,,,,,,,,,,,,,,,,,,,,2025-05-18T10:15:00.000,30,NO CONTROLS,NO CONTROLS,CLOUDY/OVERCAST,DAYLIGHT,PARKED MOTOR VEHICLE,DIVIDED - W/MEDIAN (NOT RAISED),STRAIGHT AND LEVEL,DRY,NO DEFECTS,NOT ON SCENE (DESK REPORT),NO INJURY / DRIVE AWAY,,,Y,"OVER $1,500",2025-05-18T12:56:00.000,FOLLOWING TOO CLOSELY,DRIVING SKILLS/KNOWLEDGE/EXPERIENCE,600,W,MADISON ST,121,,,,,,,2,NO INDICATION OF INJURY,0.0,0.0,0.0,0.0,0.0,1.0,0.0,10,1,5,41.8819465715,-87.6427363689,POINT (-87.642736368861 41.881946571519)
2065549,999dd5f24ed8550a1ea90d889955868b71a3c37ea79d2215973a80dfee4726a4a81c7f396277263fb443e99df4df7efca2a95f475abcf32eac7e3571ae33c2d8,2025-05-18T10:15:00.000,2,PARKED,,1969001.0,,KAWASAKI,MOTORCYCLE,IL,2009.0,NONE,MOTORCYCLE (OVER 150CC),NOT IN USE,E,PARKED,,,0.0,,,,,,,,,,,,,,,,,TOTAL (ALL AREAS),,,,,,,,,,,,,,,,,,,,,,,,,,2025-05-18T10:15:00.000,30,NO CONTROLS,NO CONTROLS,CLOUDY/OVERCAST,DAYLIGHT,PARKED MOTOR VEHICLE,DIVIDED - W/MEDIAN (NOT RAISED),STRAIGHT AND LEVEL,DRY,NO DEFECTS,NOT ON SCENE (DESK REPORT),NO INJURY / DRIVE AWAY,,,Y,"OVER $1,500",2025-05-18T12:56:00.000,FOLLOWING TOO CLOSELY,DRIVING SKILLS/KNOWLEDGE/EXPERIENCE,600,W,MADISON ST,121,,,,,,,2,NO INDICATION OF INJURY,0.0,0.0,0.0,0.0,0.0,1.0,0.0,10,1,5,41.8819465715,-87.6427363689,POINT (-87.642736368861 41.881946571519)
2065571,5fb7fa5a6bfed6a370a8cc38a56a4e16b474df586af83155432380be0e03c785539ff6415cf487bc746f7f657590277bfedbc530462b885960460c95951533dc,2025-05-18T10:00:00.000,1,DRIVER,,1969018.0,,UNKNOWN,OTHER (EXPLAIN IN NARRATIVE),IL,,UNKNOWN,PASSENGER,PERSONAL,E,LEAVING TRAFFIC LANE TO PARK,,,1.0,,,,,,,,,,Y,Y,Y,Y,Y,,,SIDE-LEFT,,,,,,,,,,,,,,,,,,,,,,,,,,2025-05-18T10:00:00.000,35,NO CONTROLS,NO CONTROLS,CLEAR,DAYLIGHT,PARKED MOTOR VEHICLE,ONE-WAY,STRAIGHT AND LEVEL,UNKNOWN,UNKNOWN,NOT ON SCENE (DESK REPORT),NO INJURY / DRIVE AWAY,,,Y,"OVER $1,500",2025-05-18T13:30:00.000,UNABLE TO DETERMINE,UNABLE TO DETERMINE,5201,W,SCHUBERT AVE,2514,,,,,,,2,NO INDICATION OF INJURY,0.0,0.0,0.0,0.0,0.0,1.0,0.0,10,1,5,41.9294768228,-87.7564717232,POINT (-87.756471723189 41.929476822815)
2065572,5fb7fa5a6bfed6a370a8cc38a56a4e16b474df586af83155432380be0e03c785539ff6415cf487bc746f7f657590277bfedbc530462b885960460c95951533dc,2025-05-18T10:00:00.000,2,PARKED,,1969022.0,,HONDA,OTHER (EXPLAIN IN NARRATIVE),IL,2019.0,UNKNOWN,PASSENGER,PERSONAL,E,PARKED,,,0.0,,,,Y,Y,Y,,,,,,,,,,,SIDE-RIGHT-FRONT,,,,,,,,,,,,,,,,,,,,,,,,,,2025-05-18T10:00:00.000,35,NO CONTROLS,NO CONTROLS,CLEAR,DAYLIGHT,PARKED MOTOR VEHICLE,ONE-WAY,STRAIGHT AND LEVEL,UNKNOWN,UNKNOWN,NOT ON SCENE (DESK REPORT),NO INJURY / DRIVE AWAY,,,Y,"OVER $1,500",2025-05-18T13:30:00.000,UNABLE TO DETERMINE,UNABLE TO DETERMINE,5201,W,SCHUBERT AVE,2514,,,,,,,2,NO INDICATION OF INJURY,0.0,0.0,0.0,0.0,0.0,1.0,0.0,10,1,5,41.9294768228,-87.7564717232,POINT (-87.756471723189 41.929476822815)
2065480,608c2e018a832628658f784789fa75045140c9147a72885d495e423de71310f437959ee86e08a3c109cadfb25ce6dcf17667086412ef18b99b2944aa9ac75dab,2025-05-18T10:00:00.000,1,DRIVER,,1968937.0,,MITSUBISHI,OUTLANDER,IL,2007.0,NONE,PASSENGER,PERSONAL,N,BACKING,,,1.0,,,,,,,,,Y,,,,,,,,REAR,,,,,,,,,,,,,,,,,,,,,,,,,,2025-05-18T10:00:00.000,30,NO CONTROLS,NO CONTROLS,CLEAR,DAYLIGHT,ANGLE,ONE-WAY,STRAIGHT AND LEVEL,DRY,NO DEFECTS,ON SCENE,INJURY AND / OR TOW DUE TO CRASH,,,,"OVER $1,500",2025-05-18T10:10:00.000,FAILING TO YIELD RIGHT-OF-WAY,NOT APPLICABLE,1945,W,WAVELAND AVE,1922,,,,,,,2,NO INDICATION OF INJURY,0.0,0.0,0.0,0.0,0.0,3.0,0.0,10,1,5,41.9485854064,-87.6779537652,POINT (-87.677953765205 41.948585406363)
2065481,608c2e018a832628658f784789fa75045140c9147a72885d495e423de71310f437959ee86e08a3c109cadfb25ce6dcf17667086412ef18b99b2944aa9ac75dab,2025-05-18T10:00:00.000,2,DRIVER,1.0,1968939.0,,TESLA,MODEL S,IL,2020.0,NONE,PASSENGER,PERSONAL,E,STRAIGHT AHEAD,Y,,2.0,,,,Y,Y,Y,Y,,,,,,,,,,SIDE-RIGHT,,,,,,,,,,,,,,,,,,,,,,,,,,2025-05-18T10:00:00.000,30,NO CONTROLS,NO CONTROLS,CLEAR,DAYLIGHT,ANGLE,ONE-WAY,STRAIGHT AND LEVEL,DRY,NO DEFECTS,ON SCENE,INJURY AND / OR TOW DUE TO CRASH,,,,"OVER $1,500",2025-05-18T10:10:00.000,FAILING TO YIELD RIGHT-OF-WAY,NOT APPLICABLE,1945,W,WAVELAND AVE,1922,,,,,,,2,NO INDICATION OF INJURY,0.0,0.0,0.0,0.0,0.0,3.0,0.0,10,1,5,41.9485854064,-87.6779537652,POINT (-87.677953765205 41.948585406363)
2066073,cc124398fa8e28653309fcd90d4e2e9968df37a6ddca6507013b5a20b42549e47d7e7089d3c3458baf8a2bb2ac39be7449c78c5f33a8d77521fc3cd2854a6ba7,2025-05-18T09:55:00.000,1,DRIVER,,1969490.0,,UNKNOWN,OTHER (EXPLAIN IN NARRATIVE),IL,,UNKNOWN,UNKNOWN/NA,UNKNOWN/NA,S,STRAIGHT AHEAD,,,1.0,,,,,,,,,,,,,,,,Y,UNKNOWN,,,,,,,,,,,,,,,,,,,,,,,,,,2025-05-18T09:55:00.000,30,TRAFFIC SIGNAL,FUNCTIONING PROPERLY,CLEAR,DAYLIGHT,ANGLE,NOT DIVIDED,STRAIGHT AND LEVEL,DRY,NO DEFECTS,ON SCENE,INJURY AND / OR TOW DUE TO CRASH,Y,,Y,"OVER $1,500",2025-05-18T09:59:00.000,UNABLE TO DETERMINE,UNABLE TO DETERMINE,302,S,CENTRAL PARK BLVD,1133,,,,,,,2,"REPORTED, NOT EVIDENT",1.0,0.0,0.0,0.0,1.0,1.0,0.0,9,1,5,41.8770695209,-87.7159160951,POINT (-87.715916095103 41.877069520878)
2066074,cc124398fa8e28653309fcd90d4e2e9968df37a6ddca6507013b5a20b42549e47d7e7089d3c3458baf8a2bb2ac39be7449c78c5f33a8d77521fc3cd2854a6ba7,2025-05-18T09:55:00.000,2,DRIVER,,1969497.0,,CHEVROLET,EQUINOX,IL,2019.0,NONE,PASSENGER,PERSONAL,W,STRAIGHT AHEAD,,,1.0,,,,Y,Y,,,,,,,,,Y,Y,,FRONT,,,,,,,,,,,,,,,,,,,,,,,,,,2025-05-18T09:55:00.000,30,TRAFFIC SIGNAL,FUNCTIONING PROPERLY,CLEAR,DAYLIGHT,ANGLE,NOT DIVIDED,STRAIGHT AND LEVEL,DRY,NO DEFECTS,ON SCENE,INJURY AND / OR TOW DUE TO CRASH,Y,,Y,"OVER $1,500",2025-05-18T09:59:00.000,UNABLE TO DETERMINE,UNABLE TO DETERMINE,302,S,CENTRAL PARK BLVD,1133,,,,,,,2,"REPORTED, NOT EVIDENT",1.0,0.0,0.0,0.0,1.0,1.0,0.0,9,1,5,41.8770695209,-87.7159160951,POINT (-87.715916095103 41.877069520878)
2065482,9fc9e527589ce54528192e8f4d74cdaf2c088d655f3cff6baebbef7dc49a33c3c556b3e045d4010681f915421c6d31a0862e4cdbb88bd4c2731df120530419e6,2025-05-18T09:54:00.000,1,DRIVER,,1968955.0,,JEEP,COMPASS,IL,2016.0,UNKNOWN,PASSENGER,PERSONAL,E,OTHER,,,1.0,,,,,,,,,,,,,,,Y,,FRONT,,,,,,,,,,,,,,,,,,,,,,,,,,2025-05-18T09:54:00.000,30,TRAFFIC SIGNAL,FUNCTIONING PROPERLY,CLEAR,DAYLIGHT,REAR END,NOT DIVIDED,STRAIGHT AND LEVEL,WET,UNKNOWN,NOT ON SCENE (DESK REPORT),NO INJURY / DRIVE AWAY,,,,"OVER $1,500",2025-05-18T11:09:00.000,UNABLE TO DETERMINE,UNABLE TO DETERMINE,2411,W,55TH ST,824,,,,,,,2,NO INDICATION OF INJURY,0.0,0.0,0.0,0.0,0.0,4.0,0.0,9,1,5,41.7937492489,-87.6845129983,POINT (-87.684512998301 41.793749248855)
2065483,9fc9e527589ce54528192e8f4d74cdaf2c088d655f3cff6baebbef7dc49a33c3c556b3e045d4010681f915421c6d31a0862e4cdbb88bd4c2731df120530419e6,2025-05-18T09:54:00.000,2,DRIVER,2.0,1968964.0,,HONDA,ODYSSEY,IL,2006.0,UNKNOWN,PASSENGER,PERSONAL,E,OTHER,,,3.0,,,,,,,,,Y,,,,,,,,REAR,,,,,,,,,,,,,,,,,,,,,,,,,,2025-05-18T09:54:00.000,30,TRAFFIC SIGNAL,FUNCTIONING PROPERLY,CLEAR,DAYLIGHT,REAR END,NOT DIVIDED,STRAIGHT AND LEVEL,WET,UNKNOWN,NOT ON SCENE (DESK REPORT),NO INJURY / DRIVE AWAY,,,,"OVER $1,500",2025-05-18T11:09:00.000,UNABLE TO DETERMINE,UNABLE TO DETERMINE,2411,W,55TH ST,824,,,,,,,2,NO INDICATION OF INJURY,0.0,0.0,0.0,0.0,0.0,4.0,0.0,9,1,5,41.7937492489,-87.6845129983,POINT (-87.684512998301 41.793749248855)
2065491,512d6c77fea36f9b160a9a29cafde9293fb68bfa957f657fbd404e498e465aaea84f301a420a4d85bfe8c1cc5a0ded22f0863a3ac0c7a76a2c890afbeea2fccb,2025-05-18T09:45:00.000,1,DRIVER,,1968947.0,,HONDA,CR-V,IL,2003.0,NONE,SPORT UTILITY VEHICLE (SUV),PERSONAL,S,LEAVING TRAFFIC LANE TO PARK,,,1.0,,,,,,,,,,,,Y,,,,,SIDE-LEFT,,,,,,,,,,,,,,,,,,,,,,,,,,2025-05-18T09:45:00.000,25,TRAFFIC SIGNAL,FUNCTIONING PROPERLY,CLOUDY/OVERCAST,DAYLIGHT,PEDALCYCLIST,NOT DIVIDED,STRAIGHT AND LEVEL,DRY,NO DEFECTS,ON SCENE,INJURY AND / OR TOW DUE TO CRASH,,,,"$501 - $1,500",2025-05-18T09:48:00.000,UNABLE TO DETERMINE,UNABLE TO DETERMINE,6978,N,CLARK ST,2424,,,Y,,,,2,NONINCAPACITATING INJURY,1.0,0.0,0.0,1.0,0.0,1.0,0.0,9,1,5,42.0088564722,-87.674080374,POINT (-87.674080373962 42.008856472241)
2065492,512d6c77fea36f9b160a9a29cafde9293fb68bfa957f657fbd404e498e465aaea84f301a420a4d85bfe8c1cc5a0ded22f0863a3ac0c7a76a2c890afbeea2fccb,2025-05-18T09:45:00.000,2,BICYCLE,,,,,,,,,,,,,,,,,,,,,,,,,,,,,,,,,,,,,,,,,,,,,,,,,,,,,,,,,,2025-05-18T09:45:00.000,25,TRAFFIC SIGNAL,FUNCTIONING PROPERLY,CLOUDY/OVERCAST,DAYLIGHT,PEDALCYCLIST,NOT DIVIDED,STRAIGHT AND LEVEL,DRY,NO DEFECTS,ON SCENE,INJURY AND / OR TOW DUE TO CRASH,,,,"$501 - $1,500",2025-05-18T09:48:00.000,UNABLE TO DETERMINE,UNABLE TO DETERMINE,6978,N,CLARK ST,2424,,,Y,,,,2,NONINCAPACITATING INJURY,1.0,0.0,0.0,1.0,0.0,1.0,0.0,9,1,5,42.0088564722,-87.674080374,POINT (-87.674080373962 42.008856472241)
2065496,75ccf684018d8cedc69ed4be876d226c42f3c85d42e6badb7733dd4b828683530f3c2e073a812d385dce0ec38240d15be4efe6f295d2f2a1c3005159247e1dec,2025-05-18T09:45:00.000,1,DRIVER,,1968959.0,,JEEP,COMPASS,IL,2017.0,UNKNOWN,SPORT UTILITY VEHICLE (SUV),PERSONAL,N,CHANGING LANES,,,1.0,,,,Y,Y,,,,,,,,,,,,SIDE-RIGHT-FRONT,,,,,,,,,,,,,,,,,,,,,,,,,,2025-05-18T09:45:00.000,30,TRAFFIC SIGNAL,FUNCTIONING PROPERLY,CLEAR,DAYLIGHT,SIDESWIPE SAME DIRECTION,NOT DIVIDED,STRAIGHT AND LEVEL,DRY,NO DEFECTS,NOT ON SCENE (DESK REPORT),NO INJURY / DRIVE AWAY,,,,"$501 - $1,500",2025-05-18T10:30:00.000,UNABLE TO DETERMINE,UNABLE TO DETERMINE,8301,S,COTTAGE GROVE AVE,632,,,,,,,2,NO INDICATION OF INJURY,0.0,0.0,0.0,0.0,0.0,2.0,0.0,9,1,5,41.7438799131,-87.604883139,POINT (-87.604883138996 41.743879913061)
2065497,75ccf684018d8cedc69ed4be876d226c42f3c85d42e6badb7733dd4b828683530f3c2e073a812d385dce0ec38240d15be4efe6f295d2f2a1c3005159247e1dec,2025-05-18T09:45:00.000,2,DRIVER,,1968968.0,,FORD,FUSION,IL,2020.0,UNKNOWN,PASSENGER,PERSONAL,N,STRAIGHT AHEAD,,,1.0,,,,,,,,,,,,,Y,Y,,,SIDE-LEFT-FRONT,,,,,,,,,,,,,,,,,,,,,,,,,,2025-05-18T09:45:00.000,30,TRAFFIC SIGNAL,FUNCTIONING PROPERLY,CLEAR,DAYLIGHT,SIDESWIPE SAME DIRECTION,NOT DIVIDED,STRAIGHT AND LEVEL,DRY,NO DEFECTS,NOT ON SCENE (DESK REPORT),NO INJURY / DRIVE AWAY,,,,"$501 - $1,500",2025-05-18T10:30:00.000,UNABLE TO DETERMINE,UNABLE TO DETERMINE,8301,S,COTTAGE GROVE AVE,632,,,,,,,2,NO INDICATION OF INJURY,0.0,0.0,0.0,0.0,0.0,2.0,0.0,9,1,5,41.7438799131,-87.604883139,POINT (-87.604883138996 41.743879913061)
2065476,df94853790cb4a3d792334335e2c6583bbfa9e37b81cefc10b21d34387068ccb4f946eac4b8b273d524f9077835fa53b801c1b5f2341359594f40bd8829e63b4,2025-05-18T09:35:00.000,1,DRIVER,1.0,1968930.0,,TOYOTA,CAMRY,IL,2010.0,NONE,PASSENGER,RIDESHARE SERVICE,NW,STRAIGHT AHEAD,Y,,2.0,,,,Y,Y,,,,,,,,,Y,Y,,FRONT,,,,,,,,,,,,,,,,,,,,,,,,,,2025-05-18T09:35:00.000,30,STOP SIGN/FLASHER,FUNCTIONING PROPERLY,CLEAR,DAYLIGHT,ANGLE,NOT DIVIDED,STRAIGHT AND LEVEL,DRY,NO DEFECTS,ON SCENE,INJURY AND / OR TOW DUE TO CRASH,Y,,,"OVER $1,500",2025-05-18T09:35:00.000,DISREGARDING STOP SIGN,NOT APPLICABLE,6233,W,BRYN MAWR AVE,1622,,,,,,,2,NO INDICATION OF INJURY,0.0,0.0,0.0,0.0,0.0,3.0,0.0,9,1,5,41.9827921541,-87.7842510624,POINT (-87.784251062421 41.98279215407)