crash_unit_id,crash_record_id,crash_date_left,unit_no,unit_type,num_passengers,vehicle_id,cmrc_veh_i,make,model,lic_plate_state,vehicle_year,vehicle_defect,vehicle_type,vehicle_use,travel_direction,maneuver,towed_i,fire_i,occupant_cnt,towed_by,towed_to,area_00_i,area_01_i,area_02_i,area_03_i,area_04_i,area_05_i,area_06_i,area_07_i,area_08_i,area_09_i,area_10_i,area_11_i,area_12_i,area_99_i,first_contact_point,cmv_id,usdot_no,commercial_src,gvwr,carrier_name,carrier_state,carrier_city,hazmat_placards_i,hazmat_present_i,hazmat_report_i,mcs_report_i,hazmat_vio_cause_crash_i,mcs_vio_cause_crash_i,idot_permit_no,trailer1_width,trailer2_width,trailer1_length,axle_cnt,vehicle_config,cargo_body_type,load_type,hazmat_out_of_service_i,mcs_out_of_service_i,hazmat_class,crash_date_est_i,crash_date_right,posted_speed_limit,traffic_control_device,device_condition,weather_condition,lighting_condition,first_crash_type,trafficway_type,alignment,roadway_surface_cond,road_defect,report_type,crash_type,intersection_related_i,private_property_i,hit_and_run_i,damage,date_police_notified,prim_contributory_cause,sec_contributory_cause,street_no,street_direction,street_name,beat_of_occurrence,photos_taken_i,statements_taken_i,dooring_i,work_zone_i,work_zone_type,workers_present_i,num_units,most_severe_injury,injuries_total,injuries_fatal,injuries_incapacitating,injuries_non_incapacitating,injuries_reported_not_evident,injuries_no_indication,injuries_unknown,crash_hour,crash_day_of_week,crash_month,latitude,longitude,location
2065477,df94853790cb4a3d792334335e2c6583bbfa9e37b81cefc10b21d34387068ccb4f946eac4b8b273d524f9077835fa53b801c1b5f2341359594f40bd8829e63b4,2025-05-18T09:35:00.000,2,DRIVER,,1968940.0,,TOYOTA,PRIUS,WI,2023.0,NONE,PASSENGER,PERSONAL,E,STRAIGHT AHEAD,Y,,1.0,,,,Y,Y,Y,,,,,,,,,,,FRONT-RIGHT-CORNER,,,,,,,,,,,,,,,,,,,,,,,,,,2025-05-18T09:35:00.000,30,STOP SIGN/FLASHER,FUNCTIONING PROPERLY,CLEAR,DAYLIGHT,ANGLE,NOT DIVIDED,STRAIGHT AND LEVEL,DRY,NO DEFECTS,ON SCENE,INJURY AND / OR TOW DUE TO CRASH,Y,,,"OVER $1,500",2025-05-18T09:35:00.000,DISREGARDING STOP SIGN,NOT APPLICABLE,6233,W,BRYN MAWR AVE,1622,,,,,,,2,NO INDICATION OF INJURY,0.0,0.0,0.0,0.0,0.0,3.0,0.0,9,1,5,41.9827921541,-87.7842510624,POINT (-87.784251062421 41.98279215407)
2065539,276087b1378902b1e9404b346533150b5936659e4c46808970cd9682045de03cb3c42a011cda6cc2aa78ea6cd4bb71d0187f4aeb0c52865908f50605bef5a10c,2025-05-18T09:30:00.000,1,DRIVER,,1968990.0,,UNKNOWN,OTHER (EXPLAIN IN NARRATIVE),,,UNKNOWN,UNKNOWN/NA,OTHER,E,UNKNOWN/NA,,,1.0,,,,,,,,,,,,,,,,Y,UNKNOWN,,,,,,,,,,,,,,,,,,,,,,,,,Y,2025-05-18T09:30:00.000,30,NO CONTROLS,NO CONTROLS,UNKNOWN,UNKNOWN,PARKED MOTOR VEHICLE,ONE-WAY,STRAIGHT AND LEVEL,UNKNOWN,NO DEFECTS,ON SCENE,NO INJURY / DRIVE AWAY,,,Y,$500 OR LESS,2025-05-18T11:30:00.000,FAILING TO REDUCE SPEED TO AVOID CRASH,UNABLE TO DETERMINE,4551,W,WRIGHTWOOD AVE,2521,,,,,,,2,NO INDICATION OF INJURY,0.0,0.0,0.0,0.0,0.0,1.0,0.0,9,1,5,41.9281557006,-87.7410827478,POINT (-87.741082747782 41.928155700611)
2065540,276087b1378902b1e9404b346533150b5936659e4c46808970cd9682045de03cb3c42a011cda6cc2aa78ea6cd4bb71d0187f4aeb0c52865908f50605bef5a10c,2025-05-18T09:30:00.000,2,PARKED,,1968991.0,,TOYOTA,RAV4,IL,2022.0,NONE,SPORT UTILITY VEHICLE (SUV),NOT IN USE,E,PARKED,,,0.0,,,,Y,Y,Y,,,,,,,,,,,SIDE-RIGHT-FRONT,,,,,,,,,,,,,,,,,,,,,,,,,Y,2025-05-18T09:30:00.000,30,NO CONTROLS,NO CONTROLS,UNKNOWN,UNKNOWN,PARKED MOTOR VEHICLE,ONE-WAY,STRAIGHT AND LEVEL,UNKNOWN,NO DEFECTS,ON SCENE,NO INJURY / DRIVE AWAY,,,Y,$500 OR LESS,2025-05-18T11:30:00.000,FAILING TO REDUCE SPEED TO AVOID CRASH,UNABLE TO DETERMINE,4551,W,WRIGHTWOOD AVE,2521,,,,,,,2,NO INDICATION OF INJURY,0.0,0.0,0.0,0.0,0.0,1.0,0.0,9,1,5,41.9281557006,-87.7410827478,POINT (-87.741082747782 41.928155700611)
2065467,303e0ac34d75208526546597679d40dfca758e7bbac54e06b6123d21d4bb46af986a90cd2922707c68646aac0fa83f2f2e57c0a1e22fd9f0b2a23001e3357811,2025-05-18T09:20:00.000,1,DRIVER,,1968932.0,,NISSAN,MAXIMA,IL,,UNKNOWN,PASSENGER,OTHER,S,STRAIGHT AHEAD,,,1.0,,,,,,,,,,,,,,Y,,,FRONT-LEFT-CORNER,,,,,,,,,,,,,,,,,,,,,,,,,,2025-05-18T09:20:00.000,30,NO CONTROLS,NO CONTROLS,CLEAR,DAYLIGHT,SIDESWIPE SAME DIRECTION,DIVIDED - W/MEDIAN (NOT RAISED),STRAIGHT AND LEVEL,DRY,NO DEFECTS,NOT ON SCENE (DESK REPORT),NO INJURY / DRIVE AWAY,,,,"OVER $1,500",2025-05-18T10:25:00.000,UNABLE TO DETERMINE,NOT APPLICABLE,2300,S,DR MARTIN LUTHER KING JR DR,132,,,,,,,2,NO INDICATION OF INJURY,0.0,0.0,0.0,0.0,0.0,3.0,0.0,9,1,5,41.8511870637,-87.6191126112,POINT (-87.619112611242 41.851187063739)
2065468,303e0ac34d75208526546597679d40dfca758e7bbac54e06b6123d21d4bb46af986a90cd2922707c68646aac0fa83f2f2e57c0a1e22fd9f0b2a23001e3357811,2025-05-18T09:20:00.000,2,DRIVER,1.0,1968938.0,,LINCOLN,NAVIGATOR,IL,,UNKNOWN,PASSENGER,RIDESHARE SERVICE,S,STRAIGHT AHEAD,,,2.0,,,,,,,,Y,,,,,,,,,SIDE-RIGHT-REAR,,,,,,,,,,,,,,,,,,,,,,,,,,2025-05-18T09:20:00.000,30,NO CONTROLS,NO CONTROLS,CLEAR,DAYLIGHT,SIDESWIPE SAME DIRECTION,DIVIDED - W/MEDIAN (NOT RAISED),STRAIGHT AND LEVEL,DRY,NO DEFECTS,NOT ON SCENE (DESK REPORT),NO INJURY / DRIVE AWAY,,,,"OVER $1,500",2025-05-18T10:25:00.000,UNABLE TO DETERMINE,NOT APPLICABLE,2300,S,DR MARTIN LUTHER KING JR DR,132,,,,,,,2,NO INDICATION OF INJURY,0.0,0.0,0.0,0.0,0.0,3.0,0.0,9,1,5,41.8511870637,-87.6191126112,POINT (-87.619112611242 41.851187063739)
2065459,3382120c7837d34039a3b980e00f3be2621eeda38dd635b7e4577b1f5adc1aa2fb59976da89ca5c1b1390570a30f3dc793c4678415c2037dd0dc5a0a5e416d24,2025-05-18T09:17:00.000,1,DRIVER,,1968923.0,,FORD,EXPEDITION,IL,2024.0,NONE,PASSENGER,RIDESHARE SERVICE,E,TURNING RIGHT,,,1.0,,,,,,,,Y,,,,,,,,,SIDE-RIGHT,,,,,,,,,,,,,,,,,,,,,,,,,,2025-05-18T09:17:00.000,30,TRAFFIC SIGNAL,FUNCTIONING PROPERLY,CLEAR,DAYLIGHT,TURNING,ONE-WAY,STRAIGHT AND LEVEL,DRY,NO DEFECTS,NOT ON SCENE (DESK REPORT),NO INJURY / DRIVE AWAY,Y,,,"OVER $1,500",2025-05-18T10:19:00.000,IMPROPER TURNING/NO SIGNAL,NOT APPLICABLE,600,N,MICHIGAN AVE,1834,,,,,,,2,NO INDICATION OF INJURY,0.0,0.0,0.0,0.0,0.0,2.0,0.0,9,1,5,41.8925932255,-87.6243340479,POINT (-87.624334047949 41.892593225538)
2065460,3382120c7837d34039a3b980e00f3be2621eeda38dd635b7e4577b1f5adc1aa2fb59976da89ca5c1b1390570a30f3dc793c4678415c2037dd0dc5a0a5e416d24,2025-05-18T09:17:00.000,2,DRIVER,,1968933.0,,TOYOTA,COROLLA,IL,2021.0,NONE,PASSENGER,PERSONAL,E,TURNING LEFT,,,1.0,,,,,,,,,,,,,Y,Y,,,SIDE-LEFT,,,,,,,,,,,,,,,,,,,,,,,,,,2025-05-18T09:17:00.000,30,TRAFFIC SIGNAL,FUNCTIONING PROPERLY,CLEAR,DAYLIGHT,TURNING,ONE-WAY,STRAIGHT AND LEVEL,DRY,NO DEFECTS,NOT ON SCENE (DESK REPORT),NO INJURY / DRIVE AWAY,Y,,,"OVER $1,500",2025-05-18T10:19:00.000,IMPROPER TURNING/NO SIGNAL,NOT APPLICABLE,600,N,MICHIGAN AVE,1834,,,,,,,2,NO INDICATION OF INJURY,0.0,0.0,0.0,0.0,0.0,2.0,0.0,9,1,5,41.8925932255,-87.6243340479,POINT (-87.624334047949 41.892593225538)
2065506,aa73f04030689d2326af1d870b6d4b2e70da0f526d67ba530a04933e5cccbc277e7c53e462e4bc03d3f6774e0b9925ce3e5bc917b8a224994da79c33f6c7f295,2025-05-18T09:00:00.000,1,DRIVER,,1968951.0,,UNKNOWN,OTHER (EXPLAIN IN NARRATIVE),,,UNKNOWN,UNKNOWN/NA,UNKNOWN/NA,UNKNOWN,UNKNOWN/NA,,,1.0,,,,,,,,,,,,,,,,Y,UNKNOWN,,,,,,,,,,,,,,,,,,,,,,,,,Y,2025-05-18T09:00:00.000,30,NO CONTROLS,FUNCTIONING PROPERLY,UNKNOWN,UNKNOWN,PARKED MOTOR VEHICLE,NOT DIVIDED,STRAIGHT AND LEVEL,UNKNOWN,UNKNOWN,NOT ON SCENE (DESK REPORT),NO INJURY / DRIVE AWAY,,,Y,"$501 - $1,500",2025-05-18T11:26:00.000,UNABLE TO DETERMINE,NOT APPLICABLE,6245,S,WASHTENAW AVE,825,,,,,,,2,NO INDICATION OF INJURY,0.0,0.0,0.0,0.0,0.0,1.0,0.0,9,1,5,41.779642027,-87.6908253029,POINT (-87.690825302909 41.779642026951)
2065507,aa73f04030689d2326af1d870b6d4b2e70da0f526d67ba530a04933e5cccbc277e7c53e462e4bc03d3f6774e0b9925ce3e5bc917b8a224994da79c33f6c7f295,2025-05-18T09:00:00.000,2,PARKED,,1968953.0,,HONDA,CR-V,IL,2012.0,NONE,SPORT UTILITY VEHICLE (SUV),UNKNOWN/NA,N,PARKED,,,0.0,,,,Y,,,,,,,,,Y,Y,Y,,FRONT,,,,,,,,,,,,,,,,,,,,,,,,,Y,2025-05-18T09:00:00.000,30,NO CONTROLS,FUNCTIONING PROPERLY,UNKNOWN,UNKNOWN,PARKED MOTOR VEHICLE,NOT DIVIDED,STRAIGHT AND LEVEL,UNKNOWN,UNKNOWN,NOT ON SCENE (DESK REPORT),NO INJURY / DRIVE AWAY,,,Y,"$501 - $1,500",2025-05-18T11:26:00.000,UNABLE TO DETERMINE,NOT APPLICABLE,6245,S,WASHTENAW AVE,825,,,,,,,2,NO INDICATION OF INJURY,0.0,0.0,0.0,0.0,0.0,1.0,0.0,9,1,5,41.779642027,-87.6908253029,POINT (-87.690825302909 41.779642026951)
2065517,c737e0fcf8d20a2b9dbeaac925714df540330805ebb8b7c91d0d03009fc4f11dbedc6df804c929d7ebd1da69f888f707798f785cd82051646e04a5cfc5a2ebc9,2025-05-18T09:00:00.000,1,DRIVER,,1968979.0,,UNKNOWN,OTHER (EXPLAIN IN NARRATIVE),IL,,UNKNOWN,UNKNOWN/NA,UNKNOWN/NA,UNKNOWN,UNKNOWN/NA,,,1.0,,,,,,,,,,,,,,,,Y,UNKNOWN,,,,,,,,,,,,,,,,,,,,,,,,,Y,2025-05-18T09:00:00.000,30,NO CONTROLS,NO CONTROLS,UNKNOWN,UNKNOWN,FIXED OBJECT,NOT DIVIDED,STRAIGHT AND LEVEL,UNKNOWN,NO DEFECTS,ON SCENE,NO INJURY / DRIVE AWAY,,,Y,"$501 - $1,500",2025-05-18T11:03:00.000,UNABLE TO DETERMINE,UNABLE TO DETERMINE,4702,S,DR MARTIN LUTHER KING JR DR,224,,,,,,,1,NO INDICATION OF INJURY,0.0,0.0,0.0,0.0,0.0,1.0,0.0,9,1,5,41.8092343937,-87.6167315682,POINT (-87.61673156821 41.809234393733)
2065502,c3194012c5befe0f60ca48b5b215ff45d58960c1b32aee870eaf0618a397bf334ac332aabd5311136604f6709b132226f6b0aa75161dcf9224b6a829ee1df320,2025-05-18T08:45:00.000,1,DRIVER,,1968950.0,,TOYOTA,CAMRY,,2010.0,UNKNOWN,PASSENGER,PERSONAL,N,STRAIGHT AHEAD,,,1.0,,,,,,,,,,,,,,,Y,,FRONT,,,,,,,,,,,,,,,,,,,,,,,,,,2025-05-18T08:45:00.000,35,TRAFFIC SIGNAL,FUNCTIONING PROPERLY,CLEAR,DAYLIGHT,REAR END,DIVIDED - W/MEDIAN (NOT RAISED),STRAIGHT AND LEVEL,DRY,UNKNOWN,NOT ON SCENE (DESK REPORT),NO INJURY / DRIVE AWAY,,,,"OVER $1,500",2025-05-18T11:26:00.000,UNABLE TO DETERMINE,NOT APPLICABLE,5147,N,NAGLE AVE,1622,,,,,,,3,NO INDICATION OF INJURY,0.0,0.0,0.0,0.0,0.0,3.0,0.0,8,1,5,41.9752226864,-87.787735425,POINT (-87.787735424971 41.975222686405)
2065503,c3194012c5befe0f60ca48b5b215ff45d58960c1b32aee870eaf0618a397bf334ac332aabd5311136604f6709b132226f6b0aa75161dcf9224b6a829ee1df320,2025-05-18T08:45:00.000,2,DRIVER,,1968960.0,,CHEVROLET,COBALT,IL,2010.0,NONE,PASSENGER,PERSONAL,N,STRAIGHT AHEAD,,,1.0,,,,Y,,,,Y,Y,Y,,,,,,,REAR,,,,,,,,,,,,,,,,,,,,,,,,,,2025-05-18T08:45:00.000,35,TRAFFIC SIGNAL,FUNCTIONING PROPERLY,CLEAR,DAYLIGHT,REAR END,DIVIDED - W/MEDIAN (NOT RAISED),STRAIGHT AND LEVEL,DRY,UNKNOWN,NOT ON SCENE (DESK REPORT),NO INJURY / DRIVE AWAY,,,,"OVER $1,500",2025-05-18T11:26:00.000,UNABLE TO DETERMINE,NOT APPLICABLE,5147,N,NAGLE AVE,1622,,,,,,,3,NO INDICATION OF INJURY,0.0,0.0,0.0,0.0,0.0,3.0,0.0,8,1,5,41.9752226864,-87.787735425,POINT (-87.787735424971 41.975222686405)
2065504,c3194012c5befe0f60ca48b5b215ff45d58960c1b32aee870eaf0618a397bf334ac332aabd5311136604f6709b132226f6b0aa75161dcf9224b6a829ee1df320,2025-05-18T08:45:00.000,3,DRIVER,,1968952.0,,HONDA,HR-V,IL,2018.0,UNKNOWN,PASSENGER,PERSONAL,N,STRAIGHT AHEAD,,,1.0,,,,,,,,,,Y,,,,,,,REAR-LEFT-CORNER,,,,,,,,,,,,,,,,,,,,,,,,,,2025-05-18T08:45:00.000,35,TRAFFIC SIGNAL,FUNCTIONING PROPERLY,CLEAR,DAYLIGHT,REAR END,DIVIDED - W/MEDIAN (NOT RAISED),STRAIGHT AND LEVEL,DRY,UNKNOWN,NOT ON SCENE (DESK REPORT),NO INJURY / DRIVE AWAY,,,,"OVER $1,500",2025-05-18T11:26:00.000,UNABLE TO DETERMINE,NOT APPLICABLE,5147,N,NAGLE AVE,1622,,,,,,,3,NO INDICATION OF INJURY,0.0,0.0,0.0,0.0,0.0,3.0,0.0,8,1,5,41.9752226864,-87.787735425,POINT (-87.787735424971 41.975222686405)
2065453,a04acc7116c1ac3668c4248b152994d180a786e3b22a36a05ae5cc8a8ac7708178a9ab4f4cb063de7e50875e81ea33393ffda7433a564a05b6ae3e5324867fa0,2025-05-18T08:39:00.000,1,DRIVER,1.0,1968914.0,,CHEVROLET,TRAX,IL,2025.0,UNKNOWN,SPORT UTILITY VEHICLE (SUV),UNKNOWN/NA,N,PASSING/OVERTAKING,Y,,2.0,CITY OF CHICAGO,701 N SACRAMENTO,,,,,,,,,,,Y,Y,Y,,FRONT-LEFT-CORNER,,,,,,,,,,,,,,,,,,,,,,,,,,2025-05-18T08:39:00.000,35,TRAFFIC SIGNAL,FUNCTIONING PROPERLY,CLEAR,DAYLIGHT,REAR END,DIVIDED - W/MEDIAN (NOT RAISED),STRAIGHT AND LEVEL,UNKNOWN,UNKNOWN,ON SCENE,INJURY AND / OR TOW DUE TO CRASH,,,Y,"OVER $1,500",2025-05-18T08:42:00.000,UNABLE TO DETERMINE,UNABLE TO DETERMINE,2745,N,HARLEM AVE,2512,,,,,,,2,NO INDICATION OF INJURY,0.0,0.0,0.0,0.0,0.0,4.0,0.0,8,1,5,41.9303571347,-87.806330097,POINT (-87.806330097002 41.930357134746)
2065454,a04acc7116c1ac3668c4248b152994d180a786e3b22a36a05ae5cc8a8ac7708178a9ab4f4cb063de7e50875e81ea33393ffda7433a564a05b6ae3e5324867fa0,2025-05-18T08:39:00.000,2,DRIVER,1.0,1968918.0,,CHRYSLER,OTHER (EXPLAIN IN NARRATIVE),IL,2025.0,UNKNOWN,VAN/MINI-VAN,UNKNOWN/NA,N,STRAIGHT AHEAD,,,2.0,,,,,,Y,Y,Y,Y,,,,,,,,REAR-RIGHT-CORNER,,,,,,,,,,,,,,,,,,,,,,,,,,2025-05-18T08:39:00.000,35,TRAFFIC SIGNAL,FUNCTIONING PROPERLY,CLEAR,DAYLIGHT,REAR END,DIVIDED - W/MEDIAN (NOT RAISED),STRAIGHT AND LEVEL,UNKNOWN,UNKNOWN,ON SCENE,INJURY AND / OR TOW DUE TO CRASH,,,Y,"OVER $1,500",2025-05-18T08:42:00.000,UNABLE TO DETERMINE,UNABLE TO DETERMINE,2745,N,HARLEM AVE,2512,,,,,,,2,NO INDICATION OF INJURY,0.0,0.0,0.0,0.0,0.0,4.0,0.0,8,1,5,41.9303571347,-87.806330097,POINT (-87.806330097002 41.930357134746)
2065569,b80235ea7e3a3f583c4df42383261ba8a95d12558ad8953c13086f9447a6c52692b843a5640a0d553daa7509118a791e96216506be065212d7e52dde941db857,2025-05-18T08:00:00.000,1,DRIVER,,1969012.0,,UNKNOWN,OTHER (EXPLAIN IN NARRATIVE),,,UNKNOWN,UNKNOWN/NA,UNKNOWN/NA,E,STRAIGHT AHEAD,,,1.0,,,,,,,,,,,,,,,Y,,FRONT,,,,,,,,,,,,,,,,,,,,,,,,,,2025-05-18T08:00:00.000,30,NO CONTROLS,NO CONTROLS,CLOUDY/OVERCAST,DAYLIGHT,PARKED MOTOR VEHICLE,NOT DIVIDED,STRAIGHT AND LEVEL,DRY,NO DEFECTS,NOT ON SCENE (DESK REPORT),INJURY AND / OR TOW DUE TO CRASH,,,Y,"OVER $1,500",2025-05-18T13:00:00.000,IMPROPER OVERTAKING/PASSING,UNABLE TO DETERMINE,5699,W,MONTROSE AVE,1624,,,,,,,2,NO INDICATION OF INJURY,0.0,0.0,0.0,0.0,0.0,1.0,0.0,8,1,5,41.9603425317,-87.7696263942,POINT (-87.769626394222 41.960342531691)
2065570,b80235ea7e3a3f583c4df42383261ba8a95d12558ad8953c13086f9447a6c52692b843a5640a0d553daa7509118a791e96216506be065212d7e52dde941db857,2025-05-18T08:00:00.000,2,PARKED,,1969014.0,,KIA,OPTIMA / K5,IL,2012.0,NONE,PASSENGER,PERSONAL,E,PARKED,Y,,0.0,UNK,UNK,,Y,Y,,,Y,,,,,,,,,SIDE-RIGHT,,,,,,,,,,,,,,,,,,,,,,,,,,2025-05-18T08:00:00.000,30,NO CONTROLS,NO CONTROLS,CLOUDY/OVERCAST,DAYLIGHT,PARKED MOTOR VEHICLE,NOT DIVIDED,STRAIGHT AND LEVEL,DRY,NO DEFECTS,NOT ON SCENE (DESK REPORT),INJURY AND / OR TOW DUE TO CRASH,,,Y,"OVER $1,500",2025-05-18T13:00:00.000,IMPROPER OVERTAKING/PASSING,UNABLE TO DETERMINE,5699,W,MONTROSE AVE,1624,,,,,,,2,NO INDICATION OF INJURY,0.0,0.0,0.0,0.0,0.0,1.0,0.0,8,1,5,41.9603425317,-87.7696263942,POINT (-87.769626394222 41.960342531691)
2065469,6ac23ee44761509ad5ee5bc8df74039a6c936da3cedf2fbb0fd293ab158164a566403611e99ea223f3803e834938cabe9d3867e016506d9dc0a926423ffa8c64,2025-05-18T07:51:00.000,1,DRIVER,1.0,1968927.0,,TOYOTA,PRIUS,IL,2015.0,NONE,PASSENGER,OTHER,N,STRAIGHT AHEAD,Y,,2.0,UNKNOWN,UNKNOWN,,Y,Y,,,,,,,,,Y,Y,,FRONT,,,,,,,,,,,,,,,,,,,,,,,,,,2025-05-18T07:51:00.000,30,TRAFFIC SIGNAL,FUNCTIONING PROPERLY,CLEAR,DAYLIGHT,ANGLE,NOT DIVIDED,STRAIGHT AND LEVEL,DRY,NO DEFECTS,ON SCENE,INJURY AND / OR TOW DUE TO CRASH,Y,,,"OVER $1,500",2025-05-18T07:56:00.000,FAILING TO YIELD RIGHT-OF-WAY,NOT APPLICABLE,1600,S,HOMAN AVE,1021,,,,,,,2,NONINCAPACITATING INJURY,3.0,0.0,0.0,3.0,0.0,0.0,0.0,7,1,5,41.8589309616,-87.7104768787,POINT (-87.710476878738 41.858930961623)
2065470,6ac23ee44761509ad5ee5bc8df74039a6c936da3cedf2fbb0fd293ab158164a566403611e99ea223f3803e834938cabe9d3867e016506d9dc0a926423ffa8c64,2025-05-18T07:51:00.000,2,DRIVER,,1968934.0,,FORD,EXPLORER,IL,2018.0,NONE,SPORT UTILITY VEHICLE (SUV),POLICE,W,STRAIGHT AHEAD,,,1.0,,,,,,,,,,,Y,Y,,,,,SIDE-LEFT,,,,,,,,,,,,,,,,,,,,,,,,,,2025-05-18T07:51:00.000,30,TRAFFIC SIGNAL,FUNCTIONING PROPERLY,CLEAR,DAYLIGHT,ANGLE,NOT DIVIDED,STRAIGHT AND LEVEL,DRY,NO DEFECTS,ON SCENE,INJURY AND / OR TOW DUE TO CRASH,Y,,,"OVER $1,500",2025-05-18T07:56:00.000,FAILING TO YIELD RIGHT-OF-WAY,NOT APPLICABLE,1600,S,HOMAN AVE,1021,,,,,,,2,NONINCAPACITATING INJURY,3.0,0.0,0.0,3.0,0.0,0.0,0.0,7,1,5,41.8589309616,-87.7104768787,POINT (-87.710476878738 41.858930961623)
2065439,a848b180f8fd8c30641a635be273aacb7d7bdc54ded2e59a9fed7416ae9d05f76f6afe30d552f937d13ed99c979171f23f73b2e82b73407c5a0cf903e802b20b,2025-05-18T07:40:00.000,1,DRIVER,,1968902.0,,NISSAN,ROGUE,IL,2013.0,UNKNOWN,SPORT UTILITY VEHICLE (SUV),UNKNOWN/NA,E,STRAIGHT AHEAD,,,1.0,,,,,,,,,,,,,,,,Y,FRONT,,,,,,,,,,,,,,,,,,,,,,,,,,2025-05-18T07:40:00.000,30,TRAFFIC SIGNAL,FUNCTIONING PROPERLY,CLEAR,DAYLIGHT,REAR END,FOUR WAY,STRAIGHT AND LEVEL,DRY,NO DEFECTS,ON SCENE,NO INJURY / DRIVE AWAY,,,Y,$500 OR LESS,2025-05-18T07:43:00.000,FAILING TO REDUCE SPEED TO AVOID CRASH,UNABLE TO DETERMINE,1107,W,CHICAGO AVE,1215,,,,,,,2,NO INDICATION OF INJURY,0.0,0.0,0.0,0.0,0.0,3.0,0.0,7,1,5,41.896154671,-87.6555835494,POINT (-87.655583549448 41.896154670967)
2065440,a848b180f8fd8c30641a635be273aacb7d7bdc54ded2e59a9fed7416ae9d05f76f6afe30d552f937d13ed99c979171f23f73b2e82b73407c5a0cf903e802b20b,2025-05-18T07:40:00.000,2,DRIVER,1.0,1968903.0,,HONDA,CR-V,IL,2025.0,NONE,SPORT UTILITY VEHICLE (SUV),PERSONAL,E,SLOW/STOP IN TRAFFIC,,,2.0,,,Y,,,,,,,,,,,,,,REAR,,,,,,,,,,,,,,,,,,,,,,,,,,2025-05-18T07:40:00.000,30,TRAFFIC SIGNAL,FUNCTIONING PROPERLY,CLEAR,DAYLIGHT,REAR END,FOUR WAY,STRAIGHT AND LEVEL,DRY,NO DEFECTS,ON SCENE,NO INJURY / DRIVE AWAY,,,Y,$500 OR LESS,2025-05-18T07:43:00.000,FAILING TO REDUCE SPEED TO AVOID CRASH,UNABLE TO DETERMINE,1107,W,CHICAGO AVE,1215,,,,,,,2,NO INDICATION OF INJURY,0.0,0.0,0.0,0.0,0.0,3.0,0.0,7,1,5,41.896154671,-87.6555835494,POINT (-87.655583549448 41.896154670967)
2066376,0e9284373ec3b5e3f12bfa0f73023e0455aad6d5fcb92dd35d5f97f0edcf125a8c1b250eb4894a77f6be6b6eb347d5b700e6ee76201eff1369bcfbe81ad99160,2025-05-18T07:30:00.000,1,DRIVER,,1969780.0,,LEXUS,OTHER (EXPLAIN IN NARRATIVE),IL,2009.0,NONE,PASSENGER,UNKNOWN/NA,E,STRAIGHT AHEAD,,,1.0,,,,,,,,,,,,,,,,Y,UNKNOWN,,,,,,,,,,,,,,,,,,,,,,,,,,2025-05-18T07:30:00.000,30,TRAFFIC SIGNAL,FUNCTIONING PROPERLY,CLEAR,DAYLIGHT,REAR END,NOT DIVIDED,STRAIGHT AND LEVEL,UNKNOWN,UNKNOWN,NOT ON SCENE (DESK REPORT),NO INJURY / DRIVE AWAY,,,Y,$500 OR LESS,2025-05-19T16:59:00.000,UNABLE TO DETERMINE,NOT APPLICABLE,5401,W,DEVON AVE,1621,,,,,,,2,NO INDICATION OF INJURY,0.0,0.0,0.0,0.0,0.0,2.0,0.0,7,1,5,41.9972178998,-87.7638594791,POINT (-87.7638594791 41.99721789977)
2066377,0e9284373ec3b5e3f12bfa0f73023e0455aad6d5fcb92dd35d5f97f0edcf125a8c1b250eb4894a77f6be6b6eb347d5b700e6ee76201eff1369bcfbe81ad99160,2025-05-18T07:30:00.000,2,DRIVER,,1969790.0,,SUBARU,FORESTER,IL,2020.0,NONE,PASSENGER,PERSONAL,E,STRAIGHT AHEAD,,,1.0,,,,,,,,Y,Y,Y,,,,,,,REAR,,,,,,,,,,,,,,,,,,,,,,,,,,2025-05-18T07:30:00.000,30,TRAFFIC SIGNAL,FUNCTIONING PROPERLY,CLEAR,DAYLIGHT,REAR END,NOT DIVIDED,STRAIGHT AND LEVEL,UNKNOWN,UNKNOWN,NOT ON SCENE (DESK REPORT),NO INJURY / DRIVE AWAY,,,Y,$500 OR LESS,2025-05-19T16:59:00.000,UNABLE TO DETERMINE,NOT APPLICABLE,5401,W,DEVON AVE,1621,,,,,,,2,NO INDICATION OF INJURY,0.0,0.0,0.0,0.0,0.0,2.0,0.0,7,1,5,41.9972178998,-87.7638594791,POINT (-87.7638594791 41.99721789977)
2065573,9e1ecbcf3df1ff5079ed437c34af2b35d8331194dec914b8fdc037df6625e84c431dd739c011d40c61309b2efac3d0a3bf9580e470a4403e98f163c3b8518577,2025-05-18T07:00:00.000,1,DRIVER,,1969017.0,,UNKNOWN,OTHER (EXPLAIN IN NARRATIVE),,,UNKNOWN,UNKNOWN/NA,UNKNOWN/NA,UNKNOWN,UNKNOWN/NA,,,1.0,,,,,,,,,,,,,,,,Y,UNKNOWN,,,,,,,,,,,,,,,,,,,,,,,,,Y,2025-05-18T07:00:00.000,20,NO CONTROLS,NO CONTROLS,CLEAR,DAYLIGHT,PARKED MOTOR VEHICLE,NOT DIVIDED,STRAIGHT AND LEVEL,DRY,NO DEFECTS,ON SCENE,NO INJURY / DRIVE AWAY,,,Y,"OVER $1,500",2025-05-18T13:19:00.000,UNABLE TO DETERMINE,UNABLE TO DETERMINE,2813,N,LOCKWOOD AVE,2514,,,,,,,2,NO INDICATION OF INJURY,0.0,0.0,0.0,0.0,0.0,1.0,0.0,7,1,5,41.9317710483,-87.7587289924,POINT (-87.758728992443 41.9317710483)