crash_unit_id,crash_record_id,crash_date_left,unit_no,unit_type,num_passengers,vehicle_id,cmrc_veh_i,make,model,lic_plate_state,vehicle_year,vehicle_defect,vehicle_type,vehicle_use,travel_direction,maneuver,towed_i,fire_i,occupant_cnt,towed_by,towed_to,area_00_i,area_01_i,area_02_i,area_03_i,area_04_i,area_05_i,area_06_i,area_07_i,area_08_i,area_09_i,area_10_i,area_11_i,area_12_i,area_99_i,first_contact_point,cmv_id,usdot_no,commercial_src,gvwr,carrier_name,carrier_state,carrier_city,hazmat_placards_i,hazmat_present_i,hazmat_report_i,mcs_report_i,hazmat_vio_cause_crash_i,mcs_vio_cause_crash_i,idot_permit_no,trailer1_width,trailer2_width,trailer1_length,axle_cnt,vehicle_config,cargo_body_type,load_type,hazmat_out_of_service_i,mcs_out_of_service_i,hazmat_class,crash_date_est_i,crash_date_right,posted_speed_limit,traffic_control_device,device_condition,weather_condition,lighting_condition,first_crash_type,trafficway_type,alignment,roadway_surface_cond,road_defect,report_type,crash_type,intersection_related_i,private_property_i,hit_and_run_i,damage,date_police_notified,prim_contributory_cause,sec_contributory_cause,street_no,street_direction,street_name,beat_of_occurrence,photos_taken_i,statements_taken_i,dooring_i,work_zone_i,work_zone_type,workers_present_i,num_units,most_severe_injury,injuries_total,injuries_fatal,injuries_incapacitating,injuries_non_incapacitating,injuries_reported_not_evident,injuries_no_indication,injuries_unknown,crash_hour,crash_day_of_week,crash_month,latitude,longitude,location
2065574,9e1ecbcf3df1ff5079ed437c34af2b35d8331194dec914b8fdc037df6625e84c431dd739c011d40c61309b2efac3d0a3bf9580e470a4403e98f163c3b8518577,2025-05-18T07:00:00.000,2,PARKED,,1969021.0,,VOLKSWAGEN,EOS,IL,2010.0,UNKNOWN,PASSENGER,NOT IN USE,N,PARKED,,,0.0,,,,,,,,,,,,Y,,,,,SIDE-LEFT,,,,,,,,,,,,,,,,,,,,,,,,,Y,2025-05-18T07:00:00.000,20,NO CONTROLS,NO CONTROLS,CLEAR,DAYLIGHT,PARKED MOTOR VEHICLE,NOT DIVIDED,STRAIGHT AND LEVEL,DRY,NO DEFECTS,ON SCENE,NO INJURY / DRIVE AWAY,,,Y,"OVER $1,500",2025-05-18T13:19:00.000,UNABLE TO DETERMINE,UNABLE TO DETERMINE,2813,N,LOCKWOOD AVE,2514,,,,,,,2,NO INDICATION OF INJURY,0.0,0.0,0.0,0.0,0.0,1.0,0.0,7,1,5,41.9317710483,-87.7587289924,POINT (-87.758728992443 41.9317710483)
2065461,39328f1ab472b3dc3e96593807c327a325ac3af836bc34bba8c82562fa807ce8f7e26bbebcb95e4017fed36df4dbe7b8df0bc10de92ebc3571ab1014562d01d0,2025-05-18T06:30:00.000,1,DRIVER,,1968921.0,,CHEVROLET,TRAIL BLAZER,IL,2024.0,NONE,SPORT UTILITY VEHICLE (SUV),PERSONAL,S,STRAIGHT AHEAD,,,1.0,,,,,,,,,,,,,,Y,,,FRONT-LEFT-CORNER,,,,,,,,,,,,,,,,,,,,,,,,,,2025-05-18T06:30:00.000,30,NO CONTROLS,NO CONTROLS,CLEAR,DAYLIGHT,SIDESWIPE SAME DIRECTION,DIVIDED - W/MEDIAN BARRIER,STRAIGHT AND LEVEL,DRY,UNKNOWN,ON SCENE,NO INJURY / DRIVE AWAY,,,,"OVER $1,500",2025-05-18T06:45:00.000,UNDER THE INFLUENCE OF ALCOHOL/DRUGS (USE WHEN ARREST IS EFFECTED),UNDER THE INFLUENCE OF ALCOHOL/DRUGS (USE WHEN ARREST IS EFFECTED),7900,S,PULASKI RD,834,,,,,,,2,NO INDICATION OF INJURY,0.0,0.0,0.0,0.0,0.0,3.0,0.0,6,1,5,41.7493390001,-87.7220520909,POINT (-87.722052090915 41.749339000082)
2065462,39328f1ab472b3dc3e96593807c327a325ac3af836bc34bba8c82562fa807ce8f7e26bbebcb95e4017fed36df4dbe7b8df0bc10de92ebc3571ab1014562d01d0,2025-05-18T06:30:00.000,2,DRIVER,1.0,1968926.0,,DODGE,RAM 1500 PU,IL,,UNKNOWN,PASSENGER,PERSONAL,S,STRAIGHT AHEAD,,,2.0,,,,,,Y,Y,Y,,,,,,,,,REAR-RIGHT-CORNER,,,,,,,,,,,,,,,,,,,,,,,,,,2025-05-18T06:30:00.000,30,NO CONTROLS,NO CONTROLS,CLEAR,DAYLIGHT,SIDESWIPE SAME DIRECTION,DIVIDED - W/MEDIAN BARRIER,STRAIGHT AND LEVEL,DRY,UNKNOWN,ON SCENE,NO INJURY / DRIVE AWAY,,,,"OVER $1,500",2025-05-18T06:45:00.000,UNDER THE INFLUENCE OF ALCOHOL/DRUGS (USE WHEN ARREST IS EFFECTED),UNDER THE INFLUENCE OF ALCOHOL/DRUGS (USE WHEN ARREST IS EFFECTED),7900,S,PULASKI RD,834,,,,,,,2,NO INDICATION OF INJURY,0.0,0.0,0.0,0.0,0.0,3.0,0.0,6,1,5,41.7493390001,-87.7220520909,POINT (-87.722052090915 41.749339000082)
2065991,b0dcabc2fd7988e8249fa96db0e8971b703194e3fb1436546499f40106ac4b202c8632cf79eeba6ba7a351d3222670a00c0412afab5cd553e3276580099cb63e,2025-05-18T06:00:00.000,1,DRIVER,,1969412.0,,UNKNOWN,OTHER (EXPLAIN IN NARRATIVE),,,UNKNOWN,UNKNOWN/NA,UNKNOWN/NA,UNKNOWN,UNKNOWN/NA,,,1.0,,,,,,,,,,,,,,,,,UNKNOWN,,,,,,,,,,,,,,,,,,,,,,,,,Y,2025-05-18T06:00:00.000,20,NO CONTROLS,NO CONTROLS,CLEAR,"DARKNESS, LIGHTED ROAD",PARKED MOTOR VEHICLE,ONE-WAY,STRAIGHT AND LEVEL,DRY,NO DEFECTS,NOT ON SCENE (DESK REPORT),NO INJURY / DRIVE AWAY,,,Y,"OVER $1,500",2025-05-19T06:47:00.000,UNABLE TO DETERMINE,UNABLE TO DETERMINE,5233,W,GLADYS AVE,1522,,,,,,,2,NO INDICATION OF INJURY,0.0,0.0,0.0,0.0,0.0,1.0,0.0,6,1,5,41.8756295275,-87.756242369,POINT (-87.756242369001 41.875629527455)
2065992,b0dcabc2fd7988e8249fa96db0e8971b703194e3fb1436546499f40106ac4b202c8632cf79eeba6ba7a351d3222670a00c0412afab5cd553e3276580099cb63e,2025-05-18T06:00:00.000,2,PARKED,,1969414.0,,NISSAN,ROGUE,IL,2025.0,NONE,SPORT UTILITY VEHICLE (SUV),NOT IN USE,W,PARKED,,,0.0,,,,,,Y,,,,,,,,,,,SIDE-RIGHT,,,,,,,,,,,,,,,,,,,,,,,,,Y,2025-05-18T06:00:00.000,20,NO CONTROLS,NO CONTROLS,CLEAR,"DARKNESS, LIGHTED ROAD",PARKED MOTOR VEHICLE,ONE-WAY,STRAIGHT AND LEVEL,DRY,NO DEFECTS,NOT ON SCENE (DESK REPORT),NO INJURY / DRIVE AWAY,,,Y,"OVER $1,500",2025-05-19T06:47:00.000,UNABLE TO DETERMINE,UNABLE TO DETERMINE,5233,W,GLADYS AVE,1522,,,,,,,2,NO INDICATION OF INJURY,0.0,0.0,0.0,0.0,0.0,1.0,0.0,6,1,5,41.8756295275,-87.756242369,POINT (-87.756242369001 41.875629527455)
2065465,0f931c54ba86c25bbbb76d9a57726fd8b240ea4b6f19d313c1ebece9394a90ae445e66be9d8a4f80425eae36ebcf146c63f54d9a2ef47205669e75914d78c480,2025-05-18T05:59:00.000,2,PARKED,,1968925.0,,JEEP,COMMANDER,IL,2008.0,NONE,SPORT UTILITY VEHICLE (SUV),UNKNOWN/NA,W,PARKED,,,0.0,,,,,,,,Y,Y,Y,,,,,,,REAR,,,,,,,,,,,,,,,,,,,,,,,,,,2025-05-18T05:59:00.000,30,NO CONTROLS,NO CONTROLS,UNKNOWN,UNKNOWN,PARKED MOTOR VEHICLE,NOT DIVIDED,STRAIGHT AND LEVEL,UNKNOWN,UNKNOWN,NOT ON SCENE (DESK REPORT),INJURY AND / OR TOW DUE TO CRASH,,,,"OVER $1,500",2025-05-18T10:17:00.000,UNABLE TO DETERMINE,NOT APPLICABLE,3636,W,MARQUETTE RD,833,,,,,,,2,NO INDICATION OF INJURY,0.0,0.0,0.0,0.0,0.0,1.0,0.0,5,1,5,41.771610158,-87.7143949822,POINT (-87.714394982192 41.771610158002)
2065466,0f931c54ba86c25bbbb76d9a57726fd8b240ea4b6f19d313c1ebece9394a90ae445e66be9d8a4f80425eae36ebcf146c63f54d9a2ef47205669e75914d78c480,2025-05-18T05:59:00.000,1,DRIVER,,1968924.0,Y,VOLKSWAGEN,JETTA,IL,2013.0,UNKNOWN,PASSENGER,OTHER,W,UNKNOWN/NA,Y,,1.0,UNKNOWN FROM SCENE,,,Y,,,,,,,,,,Y,Y,,FRONT,,,,,,,,,,,,,,,,,,,,,,,,,,2025-05-18T05:59:00.000,30,NO CONTROLS,NO CONTROLS,UNKNOWN,UNKNOWN,PARKED MOTOR VEHICLE,NOT DIVIDED,STRAIGHT AND LEVEL,UNKNOWN,UNKNOWN,NOT ON SCENE (DESK REPORT),INJURY AND / OR TOW DUE TO CRASH,,,,"OVER $1,500",2025-05-18T10:17:00.000,UNABLE TO DETERMINE,NOT APPLICABLE,3636,W,MARQUETTE RD,833,,,,,,,2,NO INDICATION OF INJURY,0.0,0.0,0.0,0.0,0.0,1.0,0.0,5,1,5,41.771610158,-87.7143949822,POINT (-87.714394982192 41.771610158002)
2065437,a5f3ea60288f090ec540018cd59159d332dc6b8ac435883dfd86919193fcde6f4bfa3efacfd4e587f2daa8a6d380d3e77ee73d6cfa769953a38e6d112776bc78,2025-05-18T05:59:00.000,1,DRIVER,,1968900.0,,NISSAN,VERSA,IL,2020.0,UNKNOWN,PASSENGER,PERSONAL,N,STRAIGHT AHEAD,Y,,1.0,PRIVATE TOW,PRIVATE LOT,,Y,Y,Y,,,,,,,,,Y,,SIDE-RIGHT-FRONT,,,,,,,,,,,,,,,,,,,,,,,,,,2025-05-18T05:59:00.000,30,TRAFFIC SIGNAL,FUNCTIONING PROPERLY,CLEAR,DAYLIGHT,ANGLE,FOUR WAY,STRAIGHT AND LEVEL,DRY,OTHER,ON SCENE,INJURY AND / OR TOW DUE TO CRASH,Y,,,"OVER $1,500",2025-05-18T07:00:00.000,DISREGARDING TRAFFIC SIGNALS,DRIVING SKILLS/KNOWLEDGE/EXPERIENCE,401,S,CANAL ST,121,,,,,,,2,NO INDICATION OF INJURY,0.0,0.0,0.0,0.0,0.0,2.0,0.0,5,1,5,41.8766867586,-87.6395026937,POINT (-87.639502693729 41.8766867586)
2065438,a5f3ea60288f090ec540018cd59159d332dc6b8ac435883dfd86919193fcde6f4bfa3efacfd4e587f2daa8a6d380d3e77ee73d6cfa769953a38e6d112776bc78,2025-05-18T05:59:00.000,2,DRIVER,,1968901.0,,TOYOTA,CAMRY,IL,2012.0,NONE,PASSENGER,DRIVER EDUCATION,W,STRAIGHT AHEAD,,,1.0,,,,Y,,,,,,,,,Y,Y,Y,,FRONT-LEFT-CORNER,,,,,,,,,,,,,,,,,,,,,,,,,,2025-05-18T05:59:00.000,30,TRAFFIC SIGNAL,FUNCTIONING PROPERLY,CLEAR,DAYLIGHT,ANGLE,FOUR WAY,STRAIGHT AND LEVEL,DRY,OTHER,ON SCENE,INJURY AND / OR TOW DUE TO CRASH,Y,,,"OVER $1,500",2025-05-18T07:00:00.000,DISREGARDING TRAFFIC SIGNALS,DRIVING SKILLS/KNOWLEDGE/EXPERIENCE,401,S,CANAL ST,121,,,,,,,2,NO INDICATION OF INJURY,0.0,0.0,0.0,0.0,0.0,2.0,0.0,5,1,5,41.8766867586,-87.6395026937,POINT (-87.639502693729 41.8766867586)
2065431,4b6a4cc2c61ed5a9e59282eb0dfaf665e444846986ace9e4e9de3dd951f6f89974332e2ae9fe7d4d3fc7e9a37522278f2ed6d6aaaf706a2e0fd698c69ab87166,2025-05-18T05:25:00.000,1,DRIVER,,1968895.0,,TOYOTA,RAV4,IL,2020.0,UNKNOWN,SPORT UTILITY VEHICLE (SUV),PERSONAL,S,STRAIGHT AHEAD,Y,,1.0,PRIVATE TOW,,,Y,Y,,,,,,,,Y,Y,Y,,FRONT,,,,,,,,,,,,,,,,,,,,,,,,,,2025-05-18T05:25:00.000,30,TRAFFIC SIGNAL,FUNCTIONING PROPERLY,CLEAR,DAWN,ANGLE,FOUR WAY,STRAIGHT AND LEVEL,DRY,NO DEFECTS,ON SCENE,INJURY AND / OR TOW DUE TO CRASH,Y,,,"OVER $1,500",2025-05-18T05:25:00.000,DISREGARDING TRAFFIC SIGNALS,FAILING TO REDUCE SPEED TO AVOID CRASH,958,N,KEDZIE AVE,1121,,,,,,,2,NO INDICATION OF INJURY,0.0,0.0,0.0,0.0,0.0,2.0,0.0,5,1,5,41.8991482835,-87.706819773,POINT (-87.706819772999 41.899148283494)
2065432,4b6a4cc2c61ed5a9e59282eb0dfaf665e444846986ace9e4e9de3dd951f6f89974332e2ae9fe7d4d3fc7e9a37522278f2ed6d6aaaf706a2e0fd698c69ab87166,2025-05-18T05:25:00.000,2,DRIVER,,1968897.0,,ACURA,ADX,IL,2007.0,UNKNOWN,SPORT UTILITY VEHICLE (SUV),PERSONAL,W,STRAIGHT AHEAD,Y,,1.0,PRIVATE TOW,,,Y,Y,,,,,,,,Y,Y,Y,,FRONT-RIGHT-CORNER,,,,,,,,,,,,,,,,,,,,,,,,,,2025-05-18T05:25:00.000,30,TRAFFIC SIGNAL,FUNCTIONING PROPERLY,CLEAR,DAWN,ANGLE,FOUR WAY,STRAIGHT AND LEVEL,DRY,NO DEFECTS,ON SCENE,INJURY AND / OR TOW DUE TO CRASH,Y,,,"OVER $1,500",2025-05-18T05:25:00.000,DISREGARDING TRAFFIC SIGNALS,FAILING TO REDUCE SPEED TO AVOID CRASH,958,N,KEDZIE AVE,1121,,,,,,,2,NO INDICATION OF INJURY,0.0,0.0,0.0,0.0,0.0,2.0,0.0,5,1,5,41.8991482835,-87.706819773,POINT (-87.706819772999 41.899148283494)
2065426,f36d9c775f9ff124a4a5d1fc39cf3b40d4518356c3908d01d1073eaf0c5bdca71d9da4f40b790270449cc7e772a417032ef903af11bd57451b3bc7e30dc2d617,2025-05-18T05:11:00.000,1,DRIVER,1.0,1968885.0,,DODGE,CHALLENGER,IL,2019.0,UNKNOWN,PASSENGER,UNKNOWN/NA,W,BACKING,,,2.0,,,,,,,,,Y,Y,,,,,,N,REAR,,,,,,,,,,,,,,,,,,,,,,,,,,2025-05-18T05:11:00.000,30,STOP SIGN/FLASHER,FUNCTIONING PROPERLY,CLEAR,DAYLIGHT,REAR TO FRONT,Y-INTERSECTION,STRAIGHT AND LEVEL,DRY,UNKNOWN,ON SCENE,NO INJURY / DRIVE AWAY,Y,,,$500 OR LESS,2025-05-18T05:11:00.000,IMPROPER BACKING,NOT APPLICABLE,2643,W,ARMITAGE AVE,1421,,Y,,,,,2,NO INDICATION OF INJURY,0.0,0.0,0.0,0.0,0.0,4.0,0.0,5,1,5,41.9174087033,-87.694005425,POINT (-87.694005425018 41.91740870329)
2065427,f36d9c775f9ff124a4a5d1fc39cf3b40d4518356c3908d01d1073eaf0c5bdca71d9da4f40b790270449cc7e772a417032ef903af11bd57451b3bc7e30dc2d617,2025-05-18T05:11:00.000,2,DRIVER,1.0,1968887.0,,FORD,EXPLORER,IL,2021.0,UNKNOWN,SPORT UTILITY VEHICLE (SUV),POLICE,E,STRAIGHT AHEAD,,,2.0,,,,,,,,,,,,,,,Y,,FRONT,,,,,,,,,,,,,,,,,,,,,,,,,,2025-05-18T05:11:00.000,30,STOP SIGN/FLASHER,FUNCTIONING PROPERLY,CLEAR,DAYLIGHT,REAR TO FRONT,Y-INTERSECTION,STRAIGHT AND LEVEL,DRY,UNKNOWN,ON SCENE,NO INJURY / DRIVE AWAY,Y,,,$500 OR LESS,2025-05-18T05:11:00.000,IMPROPER BACKING,NOT APPLICABLE,2643,W,ARMITAGE AVE,1421,,Y,,,,,2,NO INDICATION OF INJURY,0.0,0.0,0.0,0.0,0.0,4.0,0.0,5,1,5,41.9174087033,-87.694005425,POINT (-87.694005425018 41.91740870329)
2065415,64a0c4ad6e8cc9339051f3da252291e451531cc20459b931838e9fc8a2d6537b106c66a3095ce4f07da9cbcaa239fe918f5712a3d2fdc9ae7b7bf7869b638c3f,2025-05-18T04:30:00.000,1,DRIVER,,1968877.0,,TOYOTA,OTHER (EXPLAIN IN NARRATIVE),IL,2020.0,UNKNOWN,SPORT UTILITY VEHICLE (SUV),UNKNOWN/NA,S,STRAIGHT AHEAD,,,1.0,,,,,,,,,,,,,,,,,FRONT,,,,,,,,,,,,,,,,,,,,,,,,,,2025-05-18T04:30:00.000,30,TRAFFIC SIGNAL,FUNCTIONING PROPERLY,CLEAR,"DARKNESS, LIGHTED ROAD",REAR END,NOT DIVIDED,STRAIGHT AND LEVEL,DRY,NO DEFECTS,NOT ON SCENE (DESK REPORT),NO INJURY / DRIVE AWAY,,,Y,"OVER $1,500",2025-05-18T04:55:00.000,FAILING TO REDUCE SPEED TO AVOID CRASH,FOLLOWING TOO CLOSELY,1448,N,HALSTED ST,1822,,,,,,,2,NO INDICATION OF INJURY,0.0,0.0,0.0,0.0,0.0,2.0,0.0,4,1,5,41.9078185939,-87.6483406845,POINT (-87.648340684489 41.907818593906)
2065416,64a0c4ad6e8cc9339051f3da252291e451531cc20459b931838e9fc8a2d6537b106c66a3095ce4f07da9cbcaa239fe918f5712a3d2fdc9ae7b7bf7869b638c3f,2025-05-18T04:30:00.000,2,DRIVER,,1968879.0,,FORD,OTHER (EXPLAIN IN NARRATIVE),IL,2014.0,NONE,PASSENGER,PERSONAL,S,SLOW/STOP IN TRAFFIC,,,1.0,,,,,,,,Y,Y,Y,,,,,,,REAR,,,,,,,,,,,,,,,,,,,,,,,,,,2025-05-18T04:30:00.000,30,TRAFFIC SIGNAL,FUNCTIONING PROPERLY,CLEAR,"DARKNESS, LIGHTED ROAD",REAR END,NOT DIVIDED,STRAIGHT AND LEVEL,DRY,NO DEFECTS,NOT ON SCENE (DESK REPORT),NO INJURY / DRIVE AWAY,,,Y,"OVER $1,500",2025-05-18T04:55:00.000,FAILING TO REDUCE SPEED TO AVOID CRASH,FOLLOWING TOO CLOSELY,1448,N,HALSTED ST,1822,,,,,,,2,NO INDICATION OF INJURY,0.0,0.0,0.0,0.0,0.0,2.0,0.0,4,1,5,41.9078185939,-87.6483406845,POINT (-87.648340684489 41.907818593906)
2065410,c374224ffa6eb2c6b67905c6d2246ee415d87423d7fdd152259d96f48343e5f009001eb39d9c5492ec469863a1eea3b40058b4ec28668bb65bf8ccaed57b1ef3,2025-05-18T04:20:00.000,1,DRIVER,1.0,1968873.0,,HONDA,CIVIC,IL,2009.0,NONE,PASSENGER,PERSONAL,N,STRAIGHT AHEAD,,,2.0,,,,Y,,,,,,,,,,Y,Y,,FRONT,,,,,,,,,,,,,,,,,,,,,,,,,,2025-05-18T04:20:00.000,30,NO CONTROLS,NO CONTROLS,CLEAR,"DARKNESS, LIGHTED ROAD",SIDESWIPE OPPOSITE DIRECTION,NOT DIVIDED,STRAIGHT AND LEVEL,DRY,NO DEFECTS,ON SCENE,INJURY AND / OR TOW DUE TO CRASH,,,Y,"OVER $1,500",2025-05-18T04:22:00.000,FAILING TO REDUCE SPEED TO AVOID CRASH,FAILING TO REDUCE SPEED TO AVOID CRASH,738,N,HOMAN AVE,1121,,,,,,,3,NONINCAPACITATING INJURY,1.0,0.0,0.0,1.0,0.0,2.0,0.0,4,1,5,41.8948443042,-87.7115629653,POINT (-87.711562965277 41.894844304159)
2065411,c374224ffa6eb2c6b67905c6d2246ee415d87423d7fdd152259d96f48343e5f009001eb39d9c5492ec469863a1eea3b40058b4ec28668bb65bf8ccaed57b1ef3,2025-05-18T04:20:00.000,2,DRIVER,,1968878.0,,BMW,328I,IL,2013.0,NONE,PASSENGER,NOT IN USE,S,STRAIGHT AHEAD,,,1.0,,,,,,,,,,,Y,Y,Y,Y,Y,,FRONT,,,,,,,,,,,,,,,,,,,,,,,,,,2025-05-18T04:20:00.000,30,NO CONTROLS,NO CONTROLS,CLEAR,"DARKNESS, LIGHTED ROAD",SIDESWIPE OPPOSITE DIRECTION,NOT DIVIDED,STRAIGHT AND LEVEL,DRY,NO DEFECTS,ON SCENE,INJURY AND / OR TOW DUE TO CRASH,,,Y,"OVER $1,500",2025-05-18T04:22:00.000,FAILING TO REDUCE SPEED TO AVOID CRASH,FAILING TO REDUCE SPEED TO AVOID CRASH,738,N,HOMAN AVE,1121,,,,,,,3,NONINCAPACITATING INJURY,1.0,0.0,0.0,1.0,0.0,2.0,0.0,4,1,5,41.8948443042,-87.7115629653,POINT (-87.711562965277 41.894844304159)
2065412,c374224ffa6eb2c6b67905c6d2246ee415d87423d7fdd152259d96f48343e5f009001eb39d9c5492ec469863a1eea3b40058b4ec28668bb65bf8ccaed57b1ef3,2025-05-18T04:20:00.000,3,PARKED,,1968882.0,,(UNLISTED MANUFACTURER),OTHER (EXPLAIN IN NARRATIVE),IL,2008.0,NONE,PASSENGER,PERSONAL,S,STRAIGHT AHEAD,,,0.0,,,,,,,,,,,,,,Y,,,FRONT-LEFT-CORNER,,,,,,,,,,,,,,,,,,,,,,,,,,2025-05-18T04:20:00.000,30,NO CONTROLS,NO CONTROLS,CLEAR,"DARKNESS, LIGHTED ROAD",SIDESWIPE OPPOSITE DIRECTION,NOT DIVIDED,STRAIGHT AND LEVEL,DRY,NO DEFECTS,ON SCENE,INJURY AND / OR TOW DUE TO CRASH,,,Y,"OVER $1,500",2025-05-18T04:22:00.000,FAILING TO REDUCE SPEED TO AVOID CRASH,FAILING TO REDUCE SPEED TO AVOID CRASH,738,N,HOMAN AVE,1121,,,,,,,3,NONINCAPACITATING INJURY,1.0,0.0,0.0,1.0,0.0,2.0,0.0,4,1,5,41.8948443042,-87.7115629653,POINT (-87.711562965277 41.894844304159)
2065424,fa6fa4b61dc7ed588e637b1ba0fbc104503a4ca2726e1fabf5b26076f65f473aabb66f5eee9444679341a9d66770c381df2f88b1f362bf2047b001ca2924a98e,2025-05-18T04:10:00.000,1,DRIVER,,1968884.0,,CHEVROLET,TRAX,IL,2024.0,NONE,SPORT UTILITY VEHICLE (SUV),PERSONAL,N,STRAIGHT AHEAD,,,1.0,,,,,,,,,,,,,,,Y,,FRONT,,,,,,,,,,,,,,,,,,,,,,,,,,2025-05-18T04:10:00.000,30,TRAFFIC SIGNAL,FUNCTIONING PROPERLY,CLEAR,DAWN,REAR END,FOUR WAY,STRAIGHT AND LEVEL,DRY,NO DEFECTS,ON SCENE,NO INJURY / DRIVE AWAY,Y,,,"$501 - $1,500",2025-05-18T04:22:00.000,FAILING TO REDUCE SPEED TO AVOID CRASH,IMPROPER LANE USAGE,5500,S,CICERO AVE,813,N,N,,,,,2,NO INDICATION OF INJURY,0.0,0.0,0.0,0.0,0.0,3.0,0.0,4,1,5,41.7929108835,-87.742077343,POINT (-87.742077342959 41.792910883497)
2065425,fa6fa4b61dc7ed588e637b1ba0fbc104503a4ca2726e1fabf5b26076f65f473aabb66f5eee9444679341a9d66770c381df2f88b1f362bf2047b001ca2924a98e,2025-05-18T04:10:00.000,2,DRIVER,1.0,1968888.0,,KIA,TELLURIDE,IL,2024.0,NONE,SPORT UTILITY VEHICLE (SUV),OTHER,N,SLOW/STOP IN TRAFFIC,,,2.0,,,,,,,,Y,Y,Y,,,,,,,REAR,,,,,,,,,,,,,,,,,,,,,,,,,,2025-05-18T04:10:00.000,30,TRAFFIC SIGNAL,FUNCTIONING PROPERLY,CLEAR,DAWN,REAR END,FOUR WAY,STRAIGHT AND LEVEL,DRY,NO DEFECTS,ON SCENE,NO INJURY / DRIVE AWAY,Y,,,"$501 - $1,500",2025-05-18T04:22:00.000,FAILING TO REDUCE SPEED TO AVOID CRASH,IMPROPER LANE USAGE,5500,S,CICERO AVE,813,N,N,,,,,2,NO INDICATION OF INJURY,0.0,0.0,0.0,0.0,0.0,3.0,0.0,4,1,5,41.7929108835,-87.742077343,POINT (-87.742077342959 41.792910883497)
2065419,0e30516f1811a8ea66b011a132733a8b119ea01d8ba31e5f8ad8e25dab335927c5e94e575a9f51a8c7ebd0bcea9723994be2ba34624e20faa3efad8b4ad07810,2025-05-18T04:09:00.000,1,DRIVER,,1968883.0,,CHEVROLET,MALIBU,IL,2015.0,UNKNOWN,PASSENGER,PERSONAL,N,PASSING/OVERTAKING,,,1.0,,,,Y,Y,Y,,,,,,,,,,,SIDE-RIGHT,,,,,,,,,,,,,,,,,,,,,,,,,,2025-05-18T04:09:00.000,30,NO CONTROLS,NO CONTROLS,CLEAR,"DARKNESS, LIGHTED ROAD",SIDESWIPE SAME DIRECTION,NOT DIVIDED,STRAIGHT AND LEVEL,DRY,NO DEFECTS,ON SCENE,INJURY AND / OR TOW DUE TO CRASH,,,N,"OVER $1,500",2025-05-18T04:09:00.000,IMPROPER OVERTAKING/PASSING,UNABLE TO DETERMINE,539,N,LARAMIE AVE,1532,,,,,,,6,INCAPACITATING INJURY,1.0,0.0,1.0,0.0,0.0,1.0,0.0,4,1,5,41.8904939345,-87.7552892142,POINT (-87.755289214188 41.89049393446)
2065420,0e30516f1811a8ea66b011a132733a8b119ea01d8ba31e5f8ad8e25dab335927c5e94e575a9f51a8c7ebd0bcea9723994be2ba34624e20faa3efad8b4ad07810,2025-05-18T04:09:00.000,2,DRIVER,,1968889.0,,CHEVROLET,MALIBU,IN,2018.0,UNKNOWN,PASSENGER,PERSONAL,N,STRAIGHT AHEAD,Y,,1.0,city of chicago,732163,,Y,Y,Y,,,,,,,,Y,Y,,SIDE-LEFT,,,,,,,,,,,,,,,,,,,,,,,,,,2025-05-18T04:09:00.000,30,NO CONTROLS,NO CONTROLS,CLEAR,"DARKNESS, LIGHTED ROAD",SIDESWIPE SAME DIRECTION,NOT DIVIDED,STRAIGHT AND LEVEL,DRY,NO DEFECTS,ON SCENE,INJURY AND / OR TOW DUE TO CRASH,,,N,"OVER $1,500",2025-05-18T04:09:00.000,IMPROPER OVERTAKING/PASSING,UNABLE TO DETERMINE,539,N,LARAMIE AVE,1532,,,,,,,6,INCAPACITATING INJURY,1.0,0.0,1.0,0.0,0.0,1.0,0.0,4,1,5,41.8904939345,-87.7552892142,POINT (-87.755289214188 41.89049393446)
2065421,0e30516f1811a8ea66b011a132733a8b119ea01d8ba31e5f8ad8e25dab335927c5e94e575a9f51a8c7ebd0bcea9723994be2ba34624e20faa3efad8b4ad07810,2025-05-18T04:09:00.000,3,PARKED,,1968891.0,,LINCOLN,MKX,IL,2016.0,NONE,PASSENGER,PERSONAL,N,PARKED,,,0.0,,,,,,,Y,Y,Y,Y,Y,,,,,,REAR,,,,,,,,,,,,,,,,,,,,,,,,,,2025-05-18T04:09:00.000,30,NO CONTROLS,NO CONTROLS,CLEAR,"DARKNESS, LIGHTED ROAD",SIDESWIPE SAME DIRECTION,NOT DIVIDED,STRAIGHT AND LEVEL,DRY,NO DEFECTS,ON SCENE,INJURY AND / OR TOW DUE TO CRASH,,,N,"OVER $1,500",2025-05-18T04:09:00.000,IMPROPER OVERTAKING/PASSING,UNABLE TO DETERMINE,539,N,LARAMIE AVE,1532,,,,,,,6,INCAPACITATING INJURY,1.0,0.0,1.0,0.0,0.0,1.0,0.0,4,1,5,41.8904939345,-87.7552892142,POINT (-87.755289214188 41.89049393446)