crash_unit_id,crash_record_id,crash_date_left,unit_no,unit_type,num_passengers,vehicle_id,cmrc_veh_i,make,model,lic_plate_state,vehicle_year,vehicle_defect,vehicle_type,vehicle_use,travel_direction,maneuver,towed_i,fire_i,occupant_cnt,towed_by,towed_to,area_00_i,area_01_i,area_02_i,area_03_i,area_04_i,area_05_i,area_06_i,area_07_i,area_08_i,area_09_i,area_10_i,area_11_i,area_12_i,area_99_i,first_contact_point,cmv_id,usdot_no,commercial_src,gvwr,carrier_name,carrier_state,carrier_city,hazmat_placards_i,hazmat_present_i,hazmat_report_i,mcs_report_i,hazmat_vio_cause_crash_i,mcs_vio_cause_crash_i,idot_permit_no,trailer1_width,trailer2_width,trailer1_length,axle_cnt,vehicle_config,cargo_body_type,load_type,hazmat_out_of_service_i,mcs_out_of_service_i,hazmat_class,crash_date_est_i,crash_date_right,posted_speed_limit,traffic_control_device,device_condition,weather_condition,lighting_condition,first_crash_type,trafficway_type,alignment,roadway_surface_cond,road_defect,report_type,crash_type,intersection_related_i,private_property_i,hit_and_run_i,damage,date_police_notified,prim_contributory_cause,sec_contributory_cause,street_no,street_direction,street_name,beat_of_occurrence,photos_taken_i,statements_taken_i,dooring_i,work_zone_i,work_zone_type,workers_present_i,num_units,most_severe_injury,injuries_total,injuries_fatal,injuries_incapacitating,injuries_non_incapacitating,injuries_reported_not_evident,injuries_no_indication,injuries_unknown,crash_hour,crash_day_of_week,crash_month,latitude,longitude,location
2065422,0e30516f1811a8ea66b011a132733a8b119ea01d8ba31e5f8ad8e25dab335927c5e94e575a9f51a8c7ebd0bcea9723994be2ba34624e20faa3efad8b4ad07810,2025-05-18T04:09:00.000,4,PARKED,,1968892.0,,CHEVROLET,EQUINOX,IL,2023.0,NONE,PASSENGER,PERSONAL,N,PARKED,,,0.0,,,,,,,,,Y,Y,Y,,,,,,REAR-LEFT-CORNER,,,,,,,,,,,,,,,,,,,,,,,,,,2025-05-18T04:09:00.000,30,NO CONTROLS,NO CONTROLS,CLEAR,"DARKNESS, LIGHTED ROAD",SIDESWIPE SAME DIRECTION,NOT DIVIDED,STRAIGHT AND LEVEL,DRY,NO DEFECTS,ON SCENE,INJURY AND / OR TOW DUE TO CRASH,,,N,"OVER $1,500",2025-05-18T04:09:00.000,IMPROPER OVERTAKING/PASSING,UNABLE TO DETERMINE,539,N,LARAMIE AVE,1532,,,,,,,6,INCAPACITATING INJURY,1.0,0.0,1.0,0.0,0.0,1.0,0.0,4,1,5,41.8904939345,-87.7552892142,POINT (-87.755289214188 41.89049393446)
2065423,0e30516f1811a8ea66b011a132733a8b119ea01d8ba31e5f8ad8e25dab335927c5e94e575a9f51a8c7ebd0bcea9723994be2ba34624e20faa3efad8b4ad07810,2025-05-18T04:09:00.000,5,PARKED,,1968893.0,,TOYOTA,COROLLA,IL,2005.0,NONE,PASSENGER,PERSONAL,N,PARKED,,,0.0,,,,,,,,,,N,Y,Y,Y,Y,,,SIDE-LEFT,,,,,,,,,,,,,,,,,,,,,,,,,,2025-05-18T04:09:00.000,30,NO CONTROLS,NO CONTROLS,CLEAR,"DARKNESS, LIGHTED ROAD",SIDESWIPE SAME DIRECTION,NOT DIVIDED,STRAIGHT AND LEVEL,DRY,NO DEFECTS,ON SCENE,INJURY AND / OR TOW DUE TO CRASH,,,N,"OVER $1,500",2025-05-18T04:09:00.000,IMPROPER OVERTAKING/PASSING,UNABLE TO DETERMINE,539,N,LARAMIE AVE,1532,,,,,,,6,INCAPACITATING INJURY,1.0,0.0,1.0,0.0,0.0,1.0,0.0,4,1,5,41.8904939345,-87.7552892142,POINT (-87.755289214188 41.89049393446)
2065430,0e30516f1811a8ea66b011a132733a8b119ea01d8ba31e5f8ad8e25dab335927c5e94e575a9f51a8c7ebd0bcea9723994be2ba34624e20faa3efad8b4ad07810,2025-05-18T04:09:00.000,6,PARKED,,1968894.0,,FORD,EDGE,IL,2025.0,NONE,PASSENGER,PERSONAL,N,PARKED,,,0.0,,,,,,,,,,Y,Y,,,,,,SIDE-LEFT-REAR,,,,,,,,,,,,,,,,,,,,,,,,,,2025-05-18T04:09:00.000,30,NO CONTROLS,NO CONTROLS,CLEAR,"DARKNESS, LIGHTED ROAD",SIDESWIPE SAME DIRECTION,NOT DIVIDED,STRAIGHT AND LEVEL,DRY,NO DEFECTS,ON SCENE,INJURY AND / OR TOW DUE TO CRASH,,,N,"OVER $1,500",2025-05-18T04:09:00.000,IMPROPER OVERTAKING/PASSING,UNABLE TO DETERMINE,539,N,LARAMIE AVE,1532,,,,,,,6,INCAPACITATING INJURY,1.0,0.0,1.0,0.0,0.0,1.0,0.0,4,1,5,41.8904939345,-87.7552892142,POINT (-87.755289214188 41.89049393446)
2065413,b35ab665efb28982426081628141fb6c611fb3e2520fc01533338de5eccb93e1ee31b10123425aecc28b4bc14ab5334c5a7bf5ba58bba236cd19a398a2d79333,2025-05-18T04:05:00.000,1,DRIVER,,1968875.0,,NISSAN,PATHFINDER,IL,2015.0,NONE,SPORT UTILITY VEHICLE (SUV),PERSONAL,W,STRAIGHT AHEAD,Y,,1.0,PRIVATE TOW,,,Y,Y,Y,Y,,,Y,Y,Y,Y,Y,Y,,FRONT-RIGHT-CORNER,,,,,,,,,,,,,,,,,,,,,,,,,,2025-05-18T04:05:00.000,35,NO CONTROLS,NO CONTROLS,CLEAR,"DARKNESS, LIGHTED ROAD",PARKED MOTOR VEHICLE,NOT DIVIDED,STRAIGHT AND LEVEL,DRY,NO DEFECTS,ON SCENE,INJURY AND / OR TOW DUE TO CRASH,,,,"OVER $1,500",2025-05-18T04:19:00.000,PHYSICAL CONDITION OF DRIVER,NOT APPLICABLE,3045,W,71ST ST,831,,,,,,,2,NO INDICATION OF INJURY,0.0,0.0,0.0,0.0,0.0,1.0,0.0,4,1,5,41.7643174282,-87.6997089823,POINT (-87.699708982272 41.764317428222)
2065414,b35ab665efb28982426081628141fb6c611fb3e2520fc01533338de5eccb93e1ee31b10123425aecc28b4bc14ab5334c5a7bf5ba58bba236cd19a398a2d79333,2025-05-18T04:05:00.000,2,PARKED,,1968876.0,,DODGE,RAM 1500 PU,IL,2004.0,NONE,PICKUP,PERSONAL,W,PARKED,,,0.0,,,,,,,,,,Y,Y,Y,Y,,,,REAR-LEFT-CORNER,,,,,,,,,,,,,,,,,,,,,,,,,,2025-05-18T04:05:00.000,35,NO CONTROLS,NO CONTROLS,CLEAR,"DARKNESS, LIGHTED ROAD",PARKED MOTOR VEHICLE,NOT DIVIDED,STRAIGHT AND LEVEL,DRY,NO DEFECTS,ON SCENE,INJURY AND / OR TOW DUE TO CRASH,,,,"OVER $1,500",2025-05-18T04:19:00.000,PHYSICAL CONDITION OF DRIVER,NOT APPLICABLE,3045,W,71ST ST,831,,,,,,,2,NO INDICATION OF INJURY,0.0,0.0,0.0,0.0,0.0,1.0,0.0,4,1,5,41.7643174282,-87.6997089823,POINT (-87.699708982272 41.764317428222)
2065409,1822cfb27a003899cd44cbe6bc4c0f35cf7ff8ef75796b85e39f533da609ad5a257f17d36d145a1ea9625749349845feac8832a257d7dbb1a4ddc32406792afb,2025-05-18T04:02:00.000,1,DRIVER,3.0,1968874.0,,KIA,OPTIMA / K5,IL,2017.0,UNKNOWN,PASSENGER,UNKNOWN/NA,E,AVOIDING VEHICLES/OBJECTS,Y,,4.0,e&R,doty,,,,,,,,,,,,,Y,,FRONT,,,,,,,,,,,,,,,,,,,,,,,,,Y,2025-05-18T04:02:00.000,35,STOP SIGN/FLASHER,FUNCTIONING PROPERLY,CLEAR,"DARKNESS, LIGHTED ROAD",FIXED OBJECT,NOT DIVIDED,STRAIGHT AND LEVEL,DRY,NO DEFECTS,ON SCENE,INJURY AND / OR TOW DUE TO CRASH,,,,"OVER $1,500",2025-05-18T04:02:00.000,DISREGARDING STOP SIGN,"OPERATING VEHICLE IN ERRATIC, RECKLESS, CARELESS, NEGLIGENT OR AGGRESSIVE MANNER",11759,S,JUSTINE ST,524,,,,,,,1,NO INDICATION OF INJURY,0.0,0.0,0.0,0.0,0.0,4.0,0.0,4,1,5,41.6794726357,-87.6600818681,POINT (-87.660081868088 41.679472635721)
2065417,bca53a178d9bfd237609828b6f3f350c0d045baef9ed122960b7c28297489938544d7f516d4dd833c6e1a6292de64829f30e3f86daa9c92a88c306753965adc6,2025-05-18T03:50:00.000,1,DRIVER,,1968880.0,,CHEVROLET,MALIBU,IL,2010.0,UNKNOWN,UNKNOWN/NA,UNKNOWN/NA,N,STRAIGHT AHEAD,Y,,1.0,UKNOWN,UNKNOWN,,,,,,,,,,,,,,Y,FRONT,,,,,,,,,,,,,,,,,,,,,,,,,N,2025-05-18T03:50:00.000,30,TRAFFIC SIGNAL,FUNCTIONING PROPERLY,CLEAR,"DARKNESS, LIGHTED ROAD",TURNING,UNKNOWN INTERSECTION TYPE,STRAIGHT AND LEVEL,DRY,NO DEFECTS,ON SCENE,INJURY AND / OR TOW DUE TO CRASH,Y,,Y,"OVER $1,500",2025-05-18T03:54:00.000,DISREGARDING TRAFFIC SIGNALS,FAILING TO REDUCE SPEED TO AVOID CRASH,3500,S,KEDZIE AVE,911,,,,,,,2,NO INDICATION OF INJURY,0.0,0.0,0.0,0.0,0.0,2.0,0.0,3,1,5,41.8297749598,-87.7047535147,POINT (-87.704753514706 41.829774959784)
2065418,bca53a178d9bfd237609828b6f3f350c0d045baef9ed122960b7c28297489938544d7f516d4dd833c6e1a6292de64829f30e3f86daa9c92a88c306753965adc6,2025-05-18T03:50:00.000,2,DRIVER,,1968881.0,,KIA,FORTE,IL,2024.0,NONE,PASSENGER,PERSONAL,S,TURNING LEFT,,,1.0,,,,Y,Y,Y,Y,,,,,,,,,,SIDE-RIGHT,,,,,,,,,,,,,,,,,,,,,,,,,N,2025-05-18T03:50:00.000,30,TRAFFIC SIGNAL,FUNCTIONING PROPERLY,CLEAR,"DARKNESS, LIGHTED ROAD",TURNING,UNKNOWN INTERSECTION TYPE,STRAIGHT AND LEVEL,DRY,NO DEFECTS,ON SCENE,INJURY AND / OR TOW DUE TO CRASH,Y,,Y,"OVER $1,500",2025-05-18T03:54:00.000,DISREGARDING TRAFFIC SIGNALS,FAILING TO REDUCE SPEED TO AVOID CRASH,3500,S,KEDZIE AVE,911,,,,,,,2,NO INDICATION OF INJURY,0.0,0.0,0.0,0.0,0.0,2.0,0.0,3,1,5,41.8297749598,-87.7047535147,POINT (-87.704753514706 41.829774959784)
2065407,bebc9a9a6fad355a7cd831be50087fc08b37688b11367637ccf652f86ca8ce00a83a950a070644b9848e2cd9c448c70465a77aad6a5b8deff55d9bea675f78a9,2025-05-18T03:30:00.000,1,DRIVER,,1968871.0,,UNKNOWN,OTHER (EXPLAIN IN NARRATIVE),IL,,UNKNOWN,MOTORCYCLE (OVER 150CC),PERSONAL,N,PASSING/OVERTAKING,,,1.0,,,,,,,,,,,,,,Y,,,FRONT-LEFT-CORNER,,,,,,,,,,,,,,,,,,,,,,,,,,2025-05-18T03:30:00.000,30,NO CONTROLS,NO CONTROLS,CLEAR,"DARKNESS, LIGHTED ROAD",SIDESWIPE SAME DIRECTION,DIVIDED - W/MEDIAN (NOT RAISED),STRAIGHT AND LEVEL,DRY,NO DEFECTS,NOT ON SCENE (DESK REPORT),NO INJURY / DRIVE AWAY,,,Y,"OVER $1,500",2025-05-18T04:10:00.000,IMPROPER OVERTAKING/PASSING,UNABLE TO DETERMINE,3407,N,WESTERN AVE,1921,,,,,,,2,NO INDICATION OF INJURY,0.0,0.0,0.0,0.0,0.0,2.0,0.0,3,1,5,41.9433597399,-87.6880108604,POINT (-87.688010860355 41.943359739933)
2065408,bebc9a9a6fad355a7cd831be50087fc08b37688b11367637ccf652f86ca8ce00a83a950a070644b9848e2cd9c448c70465a77aad6a5b8deff55d9bea675f78a9,2025-05-18T03:30:00.000,2,DRIVER,,1968872.0,,TOYOTA,TACOMA,IL,2007.0,NONE,TRUCK - SINGLE UNIT,PERSONAL,N,STRAIGHT AHEAD,,,1.0,,,,Y,,,,,,,,,,,,,FRONT-RIGHT-CORNER,,,,,,,,,,,,,,,,,,,,,,,,,,2025-05-18T03:30:00.000,30,NO CONTROLS,NO CONTROLS,CLEAR,"DARKNESS, LIGHTED ROAD",SIDESWIPE SAME DIRECTION,DIVIDED - W/MEDIAN (NOT RAISED),STRAIGHT AND LEVEL,DRY,NO DEFECTS,NOT ON SCENE (DESK REPORT),NO INJURY / DRIVE AWAY,,,Y,"OVER $1,500",2025-05-18T04:10:00.000,IMPROPER OVERTAKING/PASSING,UNABLE TO DETERMINE,3407,N,WESTERN AVE,1921,,,,,,,2,NO INDICATION OF INJURY,0.0,0.0,0.0,0.0,0.0,2.0,0.0,3,1,5,41.9433597399,-87.6880108604,POINT (-87.688010860355 41.943359739933)
2065522,0922853edc3a54c464f7d9f450963c3fafaa1a58508989a77aad2121e66415e8d07a2ae858207afb483821bd7b688a171a4ba7d2e223e621581546475de6e161,2025-05-18T03:27:00.000,1,DRIVER,,1968970.0,,UNKNOWN,OTHER (EXPLAIN IN NARRATIVE),,,UNKNOWN,PASSENGER,UNKNOWN/NA,S,STRAIGHT AHEAD,,,1.0,,,,,,,,,,,,,,,,Y,UNKNOWN,,,,,,,,,,,,,,,,,,,,,,,,,,2025-05-18T03:27:00.000,25,NO CONTROLS,NO CONTROLS,UNKNOWN,UNKNOWN,PARKED MOTOR VEHICLE,ONE-WAY,STRAIGHT AND LEVEL,UNKNOWN,NO DEFECTS,ON SCENE,NO INJURY / DRIVE AWAY,,,Y,"OVER $1,500",2025-05-18T10:07:00.000,IMPROPER LANE USAGE,FAILING TO REDUCE SPEED TO AVOID CRASH,916,N,LATROBE AVE,1524,,,,,,,3,NO INDICATION OF INJURY,0.0,0.0,0.0,0.0,0.0,1.0,0.0,3,1,5,41.8972907168,-87.7570316087,POINT (-87.757031608748 41.897290716777)
2065523,0922853edc3a54c464f7d9f450963c3fafaa1a58508989a77aad2121e66415e8d07a2ae858207afb483821bd7b688a171a4ba7d2e223e621581546475de6e161,2025-05-18T03:27:00.000,2,DRIVERLESS,,1968974.0,,KIA,OPIRUS,IL,2016.0,NONE,PASSENGER,PERSONAL,S,PARKED,,,0.0,,,,,,,,,,Y,Y,Y,Y,Y,,,SIDE-LEFT-REAR,,,,,,,,,,,,,,,,,,,,,,,,,,2025-05-18T03:27:00.000,25,NO CONTROLS,NO CONTROLS,UNKNOWN,UNKNOWN,PARKED MOTOR VEHICLE,ONE-WAY,STRAIGHT AND LEVEL,UNKNOWN,NO DEFECTS,ON SCENE,NO INJURY / DRIVE AWAY,,,Y,"OVER $1,500",2025-05-18T10:07:00.000,IMPROPER LANE USAGE,FAILING TO REDUCE SPEED TO AVOID CRASH,916,N,LATROBE AVE,1524,,,,,,,3,NO INDICATION OF INJURY,0.0,0.0,0.0,0.0,0.0,1.0,0.0,3,1,5,41.8972907168,-87.7570316087,POINT (-87.757031608748 41.897290716777)
2065524,0922853edc3a54c464f7d9f450963c3fafaa1a58508989a77aad2121e66415e8d07a2ae858207afb483821bd7b688a171a4ba7d2e223e621581546475de6e161,2025-05-18T03:27:00.000,3,DRIVERLESS,,1968981.0,,TOYOTA,RAV4,IL,2021.0,NONE,SPORT UTILITY VEHICLE (SUV),UNKNOWN/NA,S,PARKED,,,0.0,,,,,,,,,Y,,,,,,,,REAR,,,,,,,,,,,,,,,,,,,,,,,,,,2025-05-18T03:27:00.000,25,NO CONTROLS,NO CONTROLS,UNKNOWN,UNKNOWN,PARKED MOTOR VEHICLE,ONE-WAY,STRAIGHT AND LEVEL,UNKNOWN,NO DEFECTS,ON SCENE,NO INJURY / DRIVE AWAY,,,Y,"OVER $1,500",2025-05-18T10:07:00.000,IMPROPER LANE USAGE,FAILING TO REDUCE SPEED TO AVOID CRASH,916,N,LATROBE AVE,1524,,,,,,,3,NO INDICATION OF INJURY,0.0,0.0,0.0,0.0,0.0,1.0,0.0,3,1,5,41.8972907168,-87.7570316087,POINT (-87.757031608748 41.897290716777)
2065428,d033082601a721db6027a69d51166ac901a747caef6de3a41d444c9360ca2b0ad784cc6e21df5305e62596a1ae2cf190f6408fcf96a57ae63286b6ad2aff0f05,2025-05-18T03:20:00.000,1,DRIVER,,1968886.0,,CHEVROLET,IMPALA,XX,,UNKNOWN,UNKNOWN/NA,UNKNOWN/NA,W,STRAIGHT AHEAD,,,1.0,,,,Y,Y,,,,,,,Y,Y,Y,Y,,FRONT,,,,,,,,,,,,,,,,,,,,,,,,,,2025-05-18T03:20:00.000,30,NO CONTROLS,NO CONTROLS,CLEAR,DARKNESS,PARKED MOTOR VEHICLE,NOT DIVIDED,STRAIGHT AND LEVEL,DRY,NO DEFECTS,ON SCENE,INJURY AND / OR TOW DUE TO CRASH,,,Y,"OVER $1,500",2025-05-18T05:50:00.000,UNABLE TO DETERMINE,NOT APPLICABLE,5601,W,HURON ST,1511,,,,,,,2,NO INDICATION OF INJURY,0.0,0.0,0.0,0.0,0.0,1.0,0.0,3,1,5,41.8928151665,-87.7653805385,POINT (-87.765380538544 41.892815166523)
2065429,d033082601a721db6027a69d51166ac901a747caef6de3a41d444c9360ca2b0ad784cc6e21df5305e62596a1ae2cf190f6408fcf96a57ae63286b6ad2aff0f05,2025-05-18T03:20:00.000,2,PARKED,,1968890.0,,CHEVROLET,TRUCK,IL,2009.0,NONE,PASSENGER,PERSONAL,W,PARKED,Y,,0.0,private tow,,,,,Y,Y,Y,Y,Y,,,,,,,REAR,,,,,,,,,,,,,,,,,,,,,,,,,,2025-05-18T03:20:00.000,30,NO CONTROLS,NO CONTROLS,CLEAR,DARKNESS,PARKED MOTOR VEHICLE,NOT DIVIDED,STRAIGHT AND LEVEL,DRY,NO DEFECTS,ON SCENE,INJURY AND / OR TOW DUE TO CRASH,,,Y,"OVER $1,500",2025-05-18T05:50:00.000,UNABLE TO DETERMINE,NOT APPLICABLE,5601,W,HURON ST,1511,,,,,,,2,NO INDICATION OF INJURY,0.0,0.0,0.0,0.0,0.0,1.0,0.0,3,1,5,41.8928151665,-87.7653805385,POINT (-87.765380538544 41.892815166523)
2065405,6ff447e8ecf6c7ed6d4e5fa8b7caa0ee9a6ec0de970a4828de726b8af81886efa4eb7fd16564ad6b1e3ab7708ec06159d8ea0992b5bdb91c6fdacf1be1f2532b,2025-05-18T03:11:00.000,1,DRIVER,,1968867.0,,BMW,X5,IL,2020.0,UNKNOWN,SPORT UTILITY VEHICLE (SUV),PERSONAL,N,STRAIGHT AHEAD,,,1.0,,,,,Y,Y,Y,Y,,,,,,,,,SIDE-RIGHT,,,,,,,,,,,,,,,,,,,,,,,,,,2025-05-18T03:11:00.000,15,NO CONTROLS,NO CONTROLS,CLEAR,"DARKNESS, LIGHTED ROAD",PARKED MOTOR VEHICLE,PARKING LOT,STRAIGHT AND LEVEL,DRY,UNKNOWN,ON SCENE,NO INJURY / DRIVE AWAY,,Y,,"OVER $1,500",2025-05-18T03:18:00.000,UNABLE TO DETERMINE,UNABLE TO DETERMINE,2722,N,CENTRAL AVE,2514,,,,,,,2,NO INDICATION OF INJURY,0.0,0.0,0.0,0.0,0.0,1.0,0.0,3,1,5,41.9301406023,-87.7663527414,POINT (-87.766352741448 41.93014060228)
2065406,6ff447e8ecf6c7ed6d4e5fa8b7caa0ee9a6ec0de970a4828de726b8af81886efa4eb7fd16564ad6b1e3ab7708ec06159d8ea0992b5bdb91c6fdacf1be1f2532b,2025-05-18T03:11:00.000,2,PARKED,,1968869.0,,MERCEDES-BENZ,E-CLASS,IL,2019.0,UNKNOWN,PASSENGER,UNKNOWN/NA,E,PARKED,,,0.0,,,,,,,,Y,,,,,,,,,REAR-RIGHT-CORNER,,,,,,,,,,,,,,,,,,,,,,,,,,2025-05-18T03:11:00.000,15,NO CONTROLS,NO CONTROLS,CLEAR,"DARKNESS, LIGHTED ROAD",PARKED MOTOR VEHICLE,PARKING LOT,STRAIGHT AND LEVEL,DRY,UNKNOWN,ON SCENE,NO INJURY / DRIVE AWAY,,Y,,"OVER $1,500",2025-05-18T03:18:00.000,UNABLE TO DETERMINE,UNABLE TO DETERMINE,2722,N,CENTRAL AVE,2514,,,,,,,2,NO INDICATION OF INJURY,0.0,0.0,0.0,0.0,0.0,1.0,0.0,3,1,5,41.9301406023,-87.7663527414,POINT (-87.766352741448 41.93014060228)
2065397,60d66e2f87cf5c5fa210f8ff1364153886eec69608ab64df09617990081dd2139e836812cb682edcb2f350cc7dc0bc2531df56826efd523401b9af14424fa3cb,2025-05-18T02:35:00.000,1,DRIVER,1.0,1968860.0,,HONDA,ACCORD,IL,2024.0,NONE,PASSENGER,PERSONAL,NW,TURNING RIGHT,,,2.0,,,,,,,Y,Y,,,,,,,,,REAR-RIGHT-CORNER,,,,,,,,,,,,,,,,,,,,,,,,,,2025-05-18T02:35:00.000,30,TRAFFIC SIGNAL,FUNCTIONING PROPERLY,CLEAR,"DARKNESS, LIGHTED ROAD",TURNING,FOUR WAY,STRAIGHT AND LEVEL,DRY,NO DEFECTS,NOT ON SCENE (DESK REPORT),NO INJURY / DRIVE AWAY,Y,,,"$501 - $1,500",2025-05-18T02:41:00.000,IMPROPER LANE USAGE,IMPROPER TURNING/NO SIGNAL,2135,S,STATE ST,131,,,,,,,2,NO INDICATION OF INJURY,0.0,0.0,0.0,0.0,0.0,4.0,0.0,2,1,5,41.8531779968,-87.626946544,POINT (-87.626946544034 41.853177996793)
2065398,60d66e2f87cf5c5fa210f8ff1364153886eec69608ab64df09617990081dd2139e836812cb682edcb2f350cc7dc0bc2531df56826efd523401b9af14424fa3cb,2025-05-18T02:35:00.000,2,DRIVER,1.0,1968863.0,,FORD,EDGE,IL,2009.0,NONE,SPORT UTILITY VEHICLE (SUV),PERSONAL,NW,TURNING RIGHT,,,2.0,,,,Y,,,,,,,,,,N,Y,,FRONT-RIGHT-CORNER,,,,,,,,,,,,,,,,,,,,,,,,,,2025-05-18T02:35:00.000,30,TRAFFIC SIGNAL,FUNCTIONING PROPERLY,CLEAR,"DARKNESS, LIGHTED ROAD",TURNING,FOUR WAY,STRAIGHT AND LEVEL,DRY,NO DEFECTS,NOT ON SCENE (DESK REPORT),NO INJURY / DRIVE AWAY,Y,,,"$501 - $1,500",2025-05-18T02:41:00.000,IMPROPER LANE USAGE,IMPROPER TURNING/NO SIGNAL,2135,S,STATE ST,131,,,,,,,2,NO INDICATION OF INJURY,0.0,0.0,0.0,0.0,0.0,4.0,0.0,2,1,5,41.8531779968,-87.626946544,POINT (-87.626946544034 41.853177996793)
2065443,4402d44aa19d3fe4f15215073fda4f0d7014b51992d70a5ba0ee800366f89ddd009ee0c744dedd2decdf7425df6004f77cc6a083fea8c4d75da26f80191fa65e,2025-05-18T02:20:00.000,1,DRIVER,,1968906.0,,INTERNATIONAL HARVESTER,INTERNATIONAL HARVESTER,IL,2013.0,NONE,TRUCK - SINGLE UNIT,CONSTRUCTION/MAINTENANCE,NW,TURNING RIGHT,,,1.0,,,,,,,Y,Y,,,,,,,,,REAR-RIGHT-CORNER,,,,,,,,,,,,,,,,,,,,,,,,,,2025-05-18T02:20:00.000,20,NO CONTROLS,NO CONTROLS,CLEAR,DARKNESS,PARKED MOTOR VEHICLE,NOT DIVIDED,STRAIGHT AND LEVEL,DRY,NO DEFECTS,NOT ON SCENE (DESK REPORT),NO INJURY / DRIVE AWAY,,,,"OVER $1,500",2025-05-18T08:45:00.000,UNABLE TO DETERMINE,UNABLE TO DETERMINE,4738,S,LAVERGNE AVE,814,,,,,,,2,NO INDICATION OF INJURY,0.0,0.0,0.0,0.0,0.0,1.0,0.0,2,1,5,41.806388275,-87.7481626906,POINT (-87.748162690567 41.806388275008)
2065444,4402d44aa19d3fe4f15215073fda4f0d7014b51992d70a5ba0ee800366f89ddd009ee0c744dedd2decdf7425df6004f77cc6a083fea8c4d75da26f80191fa65e,2025-05-18T02:20:00.000,2,PARKED,,1968907.0,,AUDI,Q7,IL,2023.0,NONE,PASSENGER,NOT IN USE,N,PARKED,,,0.0,,,,,,,,,,Y,,,,,,,REAR-LEFT-CORNER,,,,,,,,,,,,,,,,,,,,,,,,,,2025-05-18T02:20:00.000,20,NO CONTROLS,NO CONTROLS,CLEAR,DARKNESS,PARKED MOTOR VEHICLE,NOT DIVIDED,STRAIGHT AND LEVEL,DRY,NO DEFECTS,NOT ON SCENE (DESK REPORT),NO INJURY / DRIVE AWAY,,,,"OVER $1,500",2025-05-18T08:45:00.000,UNABLE TO DETERMINE,UNABLE TO DETERMINE,4738,S,LAVERGNE AVE,814,,,,,,,2,NO INDICATION OF INJURY,0.0,0.0,0.0,0.0,0.0,1.0,0.0,2,1,5,41.806388275,-87.7481626906,POINT (-87.748162690567 41.806388275008)
2065403,f66555702f0ea68698fe42b9e1aad9a63678d7b284b89ea6fd7c4e88712ff00c1873a184e14a5712366d440f08d870cdd539f2f93550c36e39adac40d9333254,2025-05-18T02:02:00.000,1,DRIVER,,1968868.0,,CHEVROLET,MALIBU,IL,2007.0,UNKNOWN,PASSENGER,PERSONAL,W,STRAIGHT AHEAD,Y,Y,1.0,CITY TOW,,,Y,Y,Y,,,,,,,Y,Y,Y,,FRONT-RIGHT-CORNER,,,,,,,,,,,,,,,,,,,,,,,,,,2025-05-18T02:02:00.000,30,NO CONTROLS,NO CONTROLS,CLEAR,"DARKNESS, LIGHTED ROAD",PARKED MOTOR VEHICLE,NOT DIVIDED,STRAIGHT AND LEVEL,DRY,NO DEFECTS,ON SCENE,INJURY AND / OR TOW DUE TO CRASH,,,,"OVER $1,500",2025-05-18T02:03:00.000,FAILING TO REDUCE SPEED TO AVOID CRASH,UNABLE TO DETERMINE,7710,W,ADDISON ST,1631,,,,,,,2,NONINCAPACITATING INJURY,1.0,0.0,0.0,1.0,0.0,0.0,0.0,2,1,5,41.9453173089,-87.8200823599,POINT (-87.820082359919 41.945317308868)
2065404,f66555702f0ea68698fe42b9e1aad9a63678d7b284b89ea6fd7c4e88712ff00c1873a184e14a5712366d440f08d870cdd539f2f93550c36e39adac40d9333254,2025-05-18T02:02:00.000,2,PARKED,,1968870.0,,DODGE,DURANGO,IL,2019.0,UNKNOWN,PASSENGER,NOT IN USE,W,PARKED,Y,,0.0,PRIVATE INSURANCE,,,,,,,,Y,Y,Y,Y,Y,Y,Y,,SIDE-LEFT-REAR,,,,,,,,,,,,,,,,,,,,,,,,,,2025-05-18T02:02:00.000,30,NO CONTROLS,NO CONTROLS,CLEAR,"DARKNESS, LIGHTED ROAD",PARKED MOTOR VEHICLE,NOT DIVIDED,STRAIGHT AND LEVEL,DRY,NO DEFECTS,ON SCENE,INJURY AND / OR TOW DUE TO CRASH,,,,"OVER $1,500",2025-05-18T02:03:00.000,FAILING TO REDUCE SPEED TO AVOID CRASH,UNABLE TO DETERMINE,7710,W,ADDISON ST,1631,,,,,,,2,NONINCAPACITATING INJURY,1.0,0.0,0.0,1.0,0.0,0.0,0.0,2,1,5,41.9453173089,-87.8200823599,POINT (-87.820082359919 41.945317308868)