crash_unit_id,crash_record_id,crash_date_left,unit_no,unit_type,num_passengers,vehicle_id,cmrc_veh_i,make,model,lic_plate_state,vehicle_year,vehicle_defect,vehicle_type,vehicle_use,travel_direction,maneuver,towed_i,fire_i,occupant_cnt,towed_by,towed_to,area_00_i,area_01_i,area_02_i,area_03_i,area_04_i,area_05_i,area_06_i,area_07_i,area_08_i,area_09_i,area_10_i,area_11_i,area_12_i,area_99_i,first_contact_point,cmv_id,usdot_no,commercial_src,gvwr,carrier_name,carrier_state,carrier_city,hazmat_placards_i,hazmat_present_i,hazmat_report_i,mcs_report_i,hazmat_vio_cause_crash_i,mcs_vio_cause_crash_i,idot_permit_no,trailer1_width,trailer2_width,trailer1_length,axle_cnt,vehicle_config,cargo_body_type,load_type,hazmat_out_of_service_i,mcs_out_of_service_i,hazmat_class,crash_date_est_i,crash_date_right,posted_speed_limit,traffic_control_device,device_condition,weather_condition,lighting_condition,first_crash_type,trafficway_type,alignment,roadway_surface_cond,road_defect,report_type,crash_type,intersection_related_i,private_property_i,hit_and_run_i,damage,date_police_notified,prim_contributory_cause,sec_contributory_cause,street_no,street_direction,street_name,beat_of_occurrence,photos_taken_i,statements_taken_i,dooring_i,work_zone_i,work_zone_type,workers_present_i,num_units,most_severe_injury,injuries_total,injuries_fatal,injuries_incapacitating,injuries_non_incapacitating,injuries_reported_not_evident,injuries_no_indication,injuries_unknown,crash_hour,crash_day_of_week,crash_month,latitude,longitude,location
2065344,4c7c8f172c2f027f98daf2af00d3c05aa31cbe5453934f0655219004bde18dee2b00ded5ec2822300e286985aee7755789ad2a26b2922788fdcd63ecda826029,2025-05-17T22:05:00.000,1,DRIVER,,1968810.0,,HONDA,CR-V,IL,2017.0,UNKNOWN,SPORT UTILITY VEHICLE (SUV),PERSONAL,N,STRAIGHT AHEAD,,,1.0,,,,,,,,,,,,,,,Y,,FRONT,,,,,,,,,,,,,,,,,,,,,,,,,,2025-05-17T22:05:00.000,30,TRAFFIC SIGNAL,FUNCTIONING PROPERLY,CLEAR,DAYLIGHT,REAR END,DIVIDED - W/MEDIAN (NOT RAISED),STRAIGHT AND LEVEL,DRY,NO DEFECTS,NOT ON SCENE (DESK REPORT),NO INJURY / DRIVE AWAY,Y,,,"OVER $1,500",2025-05-17T23:00:00.000,FAILING TO REDUCE SPEED TO AVOID CRASH,NOT APPLICABLE,600,N,RUSH ST,1834,,,,,,,2,NO INDICATION OF INJURY,0.0,0.0,0.0,0.0,0.0,2.0,0.0,22,7,5,41.8925622525,-87.6255420976,POINT (-87.625542097587 41.892562252544)
2065345,4c7c8f172c2f027f98daf2af00d3c05aa31cbe5453934f0655219004bde18dee2b00ded5ec2822300e286985aee7755789ad2a26b2922788fdcd63ecda826029,2025-05-17T22:05:00.000,2,DRIVER,,1968815.0,,SUBARU,CROSSTREK,FL,2022.0,NONE,PASSENGER,PERSONAL,N,SLOW/STOP IN TRAFFIC,,,1.0,,,,,,,,,Y,,,,,,,,REAR,,,,,,,,,,,,,,,,,,,,,,,,,,2025-05-17T22:05:00.000,30,TRAFFIC SIGNAL,FUNCTIONING PROPERLY,CLEAR,DAYLIGHT,REAR END,DIVIDED - W/MEDIAN (NOT RAISED),STRAIGHT AND LEVEL,DRY,NO DEFECTS,NOT ON SCENE (DESK REPORT),NO INJURY / DRIVE AWAY,Y,,,"OVER $1,500",2025-05-17T23:00:00.000,FAILING TO REDUCE SPEED TO AVOID CRASH,NOT APPLICABLE,600,N,RUSH ST,1834,,,,,,,2,NO INDICATION OF INJURY,0.0,0.0,0.0,0.0,0.0,2.0,0.0,22,7,5,41.8925622525,-87.6255420976,POINT (-87.625542097587 41.892562252544)
2065712,7cade577c944f250ee0272fedd6f406da8a7b710e79c1e45d892eba6d6d8f50248ace0f05eac614bd1ce10e5d5e0d0374267c0103e865f0480dd2a13e56c0c77,2025-05-17T22:00:00.000,1,DRIVER,,1969154.0,,UNKNOWN,OTHER (EXPLAIN IN NARRATIVE),,,UNKNOWN,PASSENGER,UNKNOWN/NA,S,STRAIGHT AHEAD,,,1.0,,,,,,,,,,,,,,,,Y,UNKNOWN,,,,,,,,,,,,,,,,,,,,,,,,,,2025-05-17T22:00:00.000,30,STOP SIGN/FLASHER,FUNCTIONING PROPERLY,UNKNOWN,UNKNOWN,ANGLE,DIVIDED - W/MEDIAN (NOT RAISED),STRAIGHT AND LEVEL,UNKNOWN,UNKNOWN,NOT ON SCENE (DESK REPORT),NO INJURY / DRIVE AWAY,Y,,Y,"OVER $1,500",2025-05-18T15:36:00.000,FAILING TO YIELD RIGHT-OF-WAY,FAILING TO YIELD RIGHT-OF-WAY,3381,W,CONGRESS PKWY,1134,,,,,,,2,NO INDICATION OF INJURY,0.0,0.0,0.0,0.0,0.0,2.0,0.0,22,7,5,41.8744347783,-87.7107650754,POINT (-87.710765075441 41.874434778336)
2065713,7cade577c944f250ee0272fedd6f406da8a7b710e79c1e45d892eba6d6d8f50248ace0f05eac614bd1ce10e5d5e0d0374267c0103e865f0480dd2a13e56c0c77,2025-05-17T22:00:00.000,2,DRIVER,,1969158.0,,ACURA,CL,IL,2017.0,UNKNOWN,PASSENGER,UNKNOWN/NA,W,STRAIGHT AHEAD,,,1.0,,,,,,,,,,,,,,,Y,,FRONT,,,,,,,,,,,,,,,,,,,,,,,,,,2025-05-17T22:00:00.000,30,STOP SIGN/FLASHER,FUNCTIONING PROPERLY,UNKNOWN,UNKNOWN,ANGLE,DIVIDED - W/MEDIAN (NOT RAISED),STRAIGHT AND LEVEL,UNKNOWN,UNKNOWN,NOT ON SCENE (DESK REPORT),NO INJURY / DRIVE AWAY,Y,,Y,"OVER $1,500",2025-05-18T15:36:00.000,FAILING TO YIELD RIGHT-OF-WAY,FAILING TO YIELD RIGHT-OF-WAY,3381,W,CONGRESS PKWY,1134,,,,,,,2,NO INDICATION OF INJURY,0.0,0.0,0.0,0.0,0.0,2.0,0.0,22,7,5,41.8744347783,-87.7107650754,POINT (-87.710765075441 41.874434778336)
2065348,c900d7fee64d0e5322226cb1b1728fe2ac04d8b7c2c5abb4727b885afe0bc464bbdd1b48c4de91d385c8a54c2715760c0d011957f10fce946cf16e5f9a8bc2b2,2025-05-17T22:00:00.000,1,DRIVER,,1968812.0,,CHEVROLET,TAHOE,IL,2024.0,UNKNOWN,UNKNOWN/NA,TAXI/FOR HIRE,S,PASSING/OVERTAKING,,,1.0,,,,,,,,,,,,,,,,Y,UNKNOWN,,,,,,,,,,,,,,,,,,,,,,,,,,2025-05-17T22:00:00.000,20,TRAFFIC SIGNAL,FUNCTIONING PROPERLY,CLEAR,"DARKNESS, LIGHTED ROAD",SIDESWIPE SAME DIRECTION,NOT DIVIDED,STRAIGHT AND LEVEL,DRY,NO DEFECTS,NOT ON SCENE (DESK REPORT),NO INJURY / DRIVE AWAY,,,Y,"OVER $1,500",2025-05-17T23:30:00.000,IMPROPER TURNING/NO SIGNAL,IMPROPER OVERTAKING/PASSING,835,S,MICHIGAN AVE,114,,,,,,,2,NO INDICATION OF INJURY,0.0,0.0,0.0,0.0,0.0,2.0,0.0,22,7,5,41.8714153215,-87.6240122229,POINT (-87.624012222906 41.871415321511)
2065349,c900d7fee64d0e5322226cb1b1728fe2ac04d8b7c2c5abb4727b885afe0bc464bbdd1b48c4de91d385c8a54c2715760c0d011957f10fce946cf16e5f9a8bc2b2,2025-05-17T22:00:00.000,2,DRIVER,,1968819.0,,NISSAN,VERSA,IL,2020.0,UNKNOWN,PASSENGER,PERSONAL,S,STRAIGHT AHEAD,,,1.0,,,,Y,Y,Y,,,,,,,,,,,SIDE-RIGHT,,,,,,,,,,,,,,,,,,,,,,,,,,2025-05-17T22:00:00.000,20,TRAFFIC SIGNAL,FUNCTIONING PROPERLY,CLEAR,"DARKNESS, LIGHTED ROAD",SIDESWIPE SAME DIRECTION,NOT DIVIDED,STRAIGHT AND LEVEL,DRY,NO DEFECTS,NOT ON SCENE (DESK REPORT),NO INJURY / DRIVE AWAY,,,Y,"OVER $1,500",2025-05-17T23:30:00.000,IMPROPER TURNING/NO SIGNAL,IMPROPER OVERTAKING/PASSING,835,S,MICHIGAN AVE,114,,,,,,,2,NO INDICATION OF INJURY,0.0,0.0,0.0,0.0,0.0,2.0,0.0,22,7,5,41.8714153215,-87.6240122229,POINT (-87.624012222906 41.871415321511)
2065463,db75e676fe81dd2b52f239f1095e951a363c1c356fe67b1799a670425490c1ad3f973e70b863db94925430ec8d33fab33b36ad73ee9253a724b882f8d6e5025f,2025-05-17T22:00:00.000,1,DRIVER,,1968920.0,,TESLA,MODEL S,IL,2016.0,UNKNOWN,PASSENGER,UNKNOWN/NA,S,STRAIGHT AHEAD,,,1.0,,,,,,,,,,,,,,Y,Y,,FRONT-LEFT-CORNER,,,,,,,,,,,,,,,,,,,,,,,,,,2025-05-17T22:00:00.000,10,NO CONTROLS,NO CONTROLS,UNKNOWN,UNKNOWN,FIXED OBJECT,PARKING LOT,STRAIGHT AND LEVEL,UNKNOWN,NO DEFECTS,ON SCENE,NO INJURY / DRIVE AWAY,,Y,,"OVER $1,500",2025-05-18T08:54:00.000,UNABLE TO DETERMINE,NOT APPLICABLE,1822,S,MELODY CT,914,,,,,,,1,NO INDICATION OF INJURY,0.0,0.0,0.0,0.0,0.0,1.0,0.0,22,7,5,41.8576989955,-87.6325107949,POINT (-87.632510794919 41.857698995483)
2065311,f4198cf48864b7bdbc2974cac21972a02873be44ca98767b19927a8b143cd976be189800468483caa5c650e8b8480ae5787f0f856f99a27ff5233b0be045fe4a,2025-05-17T21:46:00.000,1,DRIVER,,1968773.0,,UNKNOWN,MOTORIZED,,,UNKNOWN,PASSENGER,UNKNOWN/NA,E,STRAIGHT AHEAD,,,1.0,,,,,,,,,,,,,,,,,UNKNOWN,,,,,,,,,,,,,,,,,,,,,,,,,,2025-05-17T21:46:00.000,30,STOP SIGN/FLASHER,FUNCTIONING PROPERLY,CLEAR,DARKNESS,PEDESTRIAN,DIVIDED - W/MEDIAN (NOT RAISED),STRAIGHT AND LEVEL,DRY,NO DEFECTS,ON SCENE,INJURY AND / OR TOW DUE TO CRASH,,,Y,"OVER $1,500",2025-05-17T21:52:00.000,DISREGARDING TRAFFIC SIGNALS,NOT APPLICABLE,4500,W,MADISON ST,1113,,,,,,,2,INCAPACITATING INJURY,1.0,0.0,1.0,0.0,0.0,1.0,0.0,21,7,5,41.8806910757,-87.7380381315,POINT (-87.738038131465 41.880691075693)
2065312,f4198cf48864b7bdbc2974cac21972a02873be44ca98767b19927a8b143cd976be189800468483caa5c650e8b8480ae5787f0f856f99a27ff5233b0be045fe4a,2025-05-17T21:46:00.000,2,PEDESTRIAN,,,,,,,,,,,,,,,,,,,,,,,,,,,,,,,,,,,,,,,,,,,,,,,,,,,,,,,,,,2025-05-17T21:46:00.000,30,STOP SIGN/FLASHER,FUNCTIONING PROPERLY,CLEAR,DARKNESS,PEDESTRIAN,DIVIDED - W/MEDIAN (NOT RAISED),STRAIGHT AND LEVEL,DRY,NO DEFECTS,ON SCENE,INJURY AND / OR TOW DUE TO CRASH,,,Y,"OVER $1,500",2025-05-17T21:52:00.000,DISREGARDING TRAFFIC SIGNALS,NOT APPLICABLE,4500,W,MADISON ST,1113,,,,,,,2,INCAPACITATING INJURY,1.0,0.0,1.0,0.0,0.0,1.0,0.0,21,7,5,41.8806910757,-87.7380381315,POINT (-87.738038131465 41.880691075693)
2065559,546079033f2c4897a4c8b4a261075b279022b8e7afa63cfd0599a3f735667bec3a100445489d00f4a40378fc8f932c622fcb87035c8046060caec8b1a9d66564,2025-05-17T21:39:00.000,1,DRIVER,,1969151.0,,NISSAN,ALTIMA,XX,,UNKNOWN,PASSENGER,UNKNOWN/NA,S,STRAIGHT AHEAD,,,1.0,,,,,,,,,,,,,,,Y,,FRONT,,,,,,,,,,,,,,,,,,,,,,,,,,2025-05-17T21:39:00.000,30,NO CONTROLS,NO CONTROLS,CLEAR,"DARKNESS, LIGHTED ROAD",REAR END,DIVIDED - W/MEDIAN (NOT RAISED),STRAIGHT AND LEVEL,DRY,NO DEFECTS,NOT ON SCENE (DESK REPORT),NO INJURY / DRIVE AWAY,,,Y,"OVER $1,500",2025-05-18T13:00:00.000,"OPERATING VEHICLE IN ERRATIC, RECKLESS, CARELESS, NEGLIGENT OR AGGRESSIVE MANNER",UNABLE TO DETERMINE,8312,S,KEDZIE AVE,834,,,,,,,2,NO INDICATION OF INJURY,0.0,0.0,0.0,0.0,0.0,2.0,0.0,21,7,5,41.7420587558,-87.7023322417,POINT (-87.702332241683 41.742058755756)
2065560,546079033f2c4897a4c8b4a261075b279022b8e7afa63cfd0599a3f735667bec3a100445489d00f4a40378fc8f932c622fcb87035c8046060caec8b1a9d66564,2025-05-17T21:39:00.000,2,DRIVER,,1969152.0,,FORD,FOCUS,IL,2012.0,NONE,PASSENGER,PERSONAL,S,SLOW/STOP IN TRAFFIC,,,1.0,,,,,,,,,Y,,,,,,,,REAR,,,,,,,,,,,,,,,,,,,,,,,,,,2025-05-17T21:39:00.000,30,NO CONTROLS,NO CONTROLS,CLEAR,"DARKNESS, LIGHTED ROAD",REAR END,DIVIDED - W/MEDIAN (NOT RAISED),STRAIGHT AND LEVEL,DRY,NO DEFECTS,NOT ON SCENE (DESK REPORT),NO INJURY / DRIVE AWAY,,,Y,"OVER $1,500",2025-05-18T13:00:00.000,"OPERATING VEHICLE IN ERRATIC, RECKLESS, CARELESS, NEGLIGENT OR AGGRESSIVE MANNER",UNABLE TO DETERMINE,8312,S,KEDZIE AVE,834,,,,,,,2,NO INDICATION OF INJURY,0.0,0.0,0.0,0.0,0.0,2.0,0.0,21,7,5,41.7420587558,-87.7023322417,POINT (-87.702332241683 41.742058755756)
2065615,10e519705291dd1a9ae93fa77a35516e6b8db757d39e8df467ec5bb0e677bb30a490491324d16ae2c0bfe3e47cfafba441879554e9deb4c1e562be774f6fe256,2025-05-17T21:30:00.000,1,DRIVER,,1969062.0,,HYUNDAI,TUCSON,IL,2016.0,UNKNOWN,SPORT UTILITY VEHICLE (SUV),PERSONAL,UNKNOWN,BACKING,,,1.0,,,,,,,,,,,,,,,,Y,REAR,,,,,,,,,,,,,,,,,,,,,,,,,,2025-05-17T21:30:00.000,30,NO CONTROLS,NO CONTROLS,UNKNOWN,"DARKNESS, LIGHTED ROAD",REAR TO SIDE,PARKING LOT,STRAIGHT AND LEVEL,DRY,UNKNOWN,NOT ON SCENE (DESK REPORT),NO INJURY / DRIVE AWAY,,,,"$501 - $1,500",2025-05-18T14:30:00.000,UNABLE TO DETERMINE,NOT APPLICABLE,4501,W,NORTH AVE,2533,,,,,,,2,NO INDICATION OF INJURY,0.0,0.0,0.0,0.0,0.0,3.0,0.0,21,7,5,41.909600386,-87.7393564665,POINT (-87.739356466533 41.909600386011)
2065616,10e519705291dd1a9ae93fa77a35516e6b8db757d39e8df467ec5bb0e677bb30a490491324d16ae2c0bfe3e47cfafba441879554e9deb4c1e562be774f6fe256,2025-05-17T21:30:00.000,2,DRIVER,1.0,1969050.0,,TESLA,MODEL Y,IL,2023.0,UNKNOWN,SPORT UTILITY VEHICLE (SUV),PERSONAL,UNKNOWN,LEAVING TRAFFIC LANE TO PARK,,,2.0,,,,,,,,,,,,Y,Y,,,,SIDE-LEFT,,,,,,,,,,,,,,,,,,,,,,,,,,2025-05-17T21:30:00.000,30,NO CONTROLS,NO CONTROLS,UNKNOWN,"DARKNESS, LIGHTED ROAD",REAR TO SIDE,PARKING LOT,STRAIGHT AND LEVEL,DRY,UNKNOWN,NOT ON SCENE (DESK REPORT),NO INJURY / DRIVE AWAY,,,,"$501 - $1,500",2025-05-18T14:30:00.000,UNABLE TO DETERMINE,NOT APPLICABLE,4501,W,NORTH AVE,2533,,,,,,,2,NO INDICATION OF INJURY,0.0,0.0,0.0,0.0,0.0,3.0,0.0,21,7,5,41.909600386,-87.7393564665,POINT (-87.739356466533 41.909600386011)
2065332,caa0c1862c6731f87f073ea8c9c2e9379a42beda4b604df4b3707e11fe246d9c23ca4818ac8cdbc9b0076e82b133fa2efc5db9f118ca9441ee8aa31060af652c,2025-05-17T21:30:00.000,1,DRIVER,1.0,1968796.0,,ACURA,ADX,MI,2014.0,NONE,PASSENGER,PERSONAL,NW,TURNING LEFT,,,2.0,,,,,,,,,,,Y,Y,,,,,SIDE-LEFT,,,,,,,,,,,,,,,,,,,,,,,,,,2025-05-17T21:30:00.000,30,NO CONTROLS,NO CONTROLS,CLEAR,"DARKNESS, LIGHTED ROAD",TURNING,NOT DIVIDED,STRAIGHT AND LEVEL,DRY,NO DEFECTS,NOT ON SCENE (DESK REPORT),NO INJURY / DRIVE AWAY,,,,"OVER $1,500",2025-05-17T22:20:00.000,IMPROPER TURNING/NO SIGNAL,UNABLE TO DETERMINE,1863,S,WABASH AVE,131,,,,,,,2,NO INDICATION OF INJURY,0.0,0.0,0.0,0.0,0.0,3.0,0.0,21,7,5,41.8566397381,-87.6254374538,POINT (-87.625437453789 41.856639738149)
2065333,caa0c1862c6731f87f073ea8c9c2e9379a42beda4b604df4b3707e11fe246d9c23ca4818ac8cdbc9b0076e82b133fa2efc5db9f118ca9441ee8aa31060af652c,2025-05-17T21:30:00.000,2,DRIVER,,1968802.0,,NISSAN,SENTRA,IL,2018.0,NONE,PASSENGER,PERSONAL,N,STRAIGHT AHEAD,,,1.0,,,,Y,,,,,,,,,,,Y,,FRONT-RIGHT-CORNER,,,,,,,,,,,,,,,,,,,,,,,,,,2025-05-17T21:30:00.000,30,NO CONTROLS,NO CONTROLS,CLEAR,"DARKNESS, LIGHTED ROAD",TURNING,NOT DIVIDED,STRAIGHT AND LEVEL,DRY,NO DEFECTS,NOT ON SCENE (DESK REPORT),NO INJURY / DRIVE AWAY,,,,"OVER $1,500",2025-05-17T22:20:00.000,IMPROPER TURNING/NO SIGNAL,UNABLE TO DETERMINE,1863,S,WABASH AVE,131,,,,,,,2,NO INDICATION OF INJURY,0.0,0.0,0.0,0.0,0.0,3.0,0.0,21,7,5,41.8566397381,-87.6254374538,POINT (-87.625437453789 41.856639738149)
2065330,5270c084581221b0c7dd761a8e8b7080035dc2f277a77fe0959c5d7e9b9909918d9d249ed6233082ca6a6e85af634e0144558ec63a75d2855db90c87aab4fb79,2025-05-17T21:29:00.000,1,BICYCLE,,,,,,,,,,,,,,,,,,,,,,,,,,,,,,,,,,,,,,,,,,,,,,,,,,,,,,,,,,2025-05-17T21:29:00.000,30,TRAFFIC SIGNAL,FUNCTIONING PROPERLY,CLEAR,"DARKNESS, LIGHTED ROAD",PEDALCYCLIST,NOT DIVIDED,STRAIGHT AND LEVEL,DRY,NO DEFECTS,ON SCENE,NO INJURY / DRIVE AWAY,Y,,,"OVER $1,500",2025-05-17T22:08:00.000,FAILING TO YIELD RIGHT-OF-WAY,DISREGARDING TRAFFIC SIGNALS,4801,W,WASHINGTON BLVD,1533,,,,,,,2,NO INDICATION OF INJURY,0.0,0.0,0.0,0.0,0.0,4.0,0.0,21,7,5,41.8817064526,-87.7454621149,POINT (-87.745462114941 41.881706452614)
2065331,5270c084581221b0c7dd761a8e8b7080035dc2f277a77fe0959c5d7e9b9909918d9d249ed6233082ca6a6e85af634e0144558ec63a75d2855db90c87aab4fb79,2025-05-17T21:29:00.000,2,DRIVER,2.0,1968795.0,,KIA,OPTIMA / K5,IL,2025.0,NONE,PASSENGER,PERSONAL,E,STRAIGHT AHEAD,,,3.0,,,,N,Y,Y,Y,,,,,,,,,,SIDE-RIGHT-FRONT,,,,,,,,,,,,,,,,,,,,,,,,,,2025-05-17T21:29:00.000,30,TRAFFIC SIGNAL,FUNCTIONING PROPERLY,CLEAR,"DARKNESS, LIGHTED ROAD",PEDALCYCLIST,NOT DIVIDED,STRAIGHT AND LEVEL,DRY,NO DEFECTS,ON SCENE,NO INJURY / DRIVE AWAY,Y,,,"OVER $1,500",2025-05-17T22:08:00.000,FAILING TO YIELD RIGHT-OF-WAY,DISREGARDING TRAFFIC SIGNALS,4801,W,WASHINGTON BLVD,1533,,,,,,,2,NO INDICATION OF INJURY,0.0,0.0,0.0,0.0,0.0,4.0,0.0,21,7,5,41.8817064526,-87.7454621149,POINT (-87.745462114941 41.881706452614)
2065323,ee8f2661dbae8d37eec587d4e91dea88ae2fcb8fdb6cf8842206f0552c17ccae520365bdd8a096baf28efeb197eb5836c17fe7d6008275806914f7802ecc43e7,2025-05-17T21:15:00.000,1,DRIVER,,1968779.0,,UNKNOWN,OTHER (EXPLAIN IN NARRATIVE),,,UNKNOWN,UNKNOWN/NA,UNKNOWN/NA,UNKNOWN,UNKNOWN/NA,,,1.0,,,,,,,,,,,,,,,,,UNKNOWN,,,,,,,,,,,,,,,,,,,,,,,,,,2025-05-17T21:15:00.000,25,NO CONTROLS,NO CONTROLS,CLEAR,"DARKNESS, LIGHTED ROAD",PARKED MOTOR VEHICLE,NOT DIVIDED,STRAIGHT AND LEVEL,DRY,UNKNOWN,NOT ON SCENE (DESK REPORT),NO INJURY / DRIVE AWAY,,,Y,"$501 - $1,500",2025-05-17T22:15:00.000,UNABLE TO DETERMINE,UNABLE TO DETERMINE,455,W,126TH PL,523,,,,,,,2,NO INDICATION OF INJURY,0.0,0.0,0.0,0.0,0.0,1.0,0.0,21,7,5,41.664167927,-87.6338977711,POINT (-87.63389777109 41.664167927022)
2065324,ee8f2661dbae8d37eec587d4e91dea88ae2fcb8fdb6cf8842206f0552c17ccae520365bdd8a096baf28efeb197eb5836c17fe7d6008275806914f7802ecc43e7,2025-05-17T21:15:00.000,2,PARKED,,1968782.0,,HYUNDAI,OTHER (EXPLAIN IN NARRATIVE),IL,2013.0,UNKNOWN,PASSENGER,NOT IN USE,W,PARKED,,,0.0,,,,,,,,Y,,,,,,,,,REAR,,,,,,,,,,,,,,,,,,,,,,,,,,2025-05-17T21:15:00.000,25,NO CONTROLS,NO CONTROLS,CLEAR,"DARKNESS, LIGHTED ROAD",PARKED MOTOR VEHICLE,NOT DIVIDED,STRAIGHT AND LEVEL,DRY,UNKNOWN,NOT ON SCENE (DESK REPORT),NO INJURY / DRIVE AWAY,,,Y,"$501 - $1,500",2025-05-17T22:15:00.000,UNABLE TO DETERMINE,UNABLE TO DETERMINE,455,W,126TH PL,523,,,,,,,2,NO INDICATION OF INJURY,0.0,0.0,0.0,0.0,0.0,1.0,0.0,21,7,5,41.664167927,-87.6338977711,POINT (-87.63389777109 41.664167927022)
2065296,23ebd3c46f64d8fcf5035af1e08ae586d731fb1aab69e70fd800ed4ee4ddd5fed349394a2af58fc5ae76409ab3d9fbc248ff9a4c9e5377e3755b0ef5c9efa668,2025-05-17T21:00:00.000,1,DRIVER,,1968764.0,,CHEVROLET,OTHER (EXPLAIN IN NARRATIVE),IL,2010.0,UNKNOWN,OTHER,UNKNOWN/NA,UNKNOWN,UNKNOWN/NA,,,1.0,,,,,,,,,,,,,,,,Y,UNKNOWN,,,,,,,,,,,,,,,,,,,,,,,,,,2025-05-17T21:00:00.000,30,UNKNOWN,UNKNOWN,UNKNOWN,UNKNOWN,SIDESWIPE SAME DIRECTION,UNKNOWN,STRAIGHT AND LEVEL,UNKNOWN,UNKNOWN,NOT ON SCENE (DESK REPORT),NO INJURY / DRIVE AWAY,,,Y,"OVER $1,500",2025-05-17T21:43:00.000,UNABLE TO DETERMINE,NOT APPLICABLE,151,W,ADAMS ST,122,,,,,,,2,NO INDICATION OF INJURY,0.0,0.0,0.0,0.0,0.0,2.0,0.0,21,7,5,41.8792900733,-87.6323627253,POINT (-87.6323627253 41.879290073296)
2065297,23ebd3c46f64d8fcf5035af1e08ae586d731fb1aab69e70fd800ed4ee4ddd5fed349394a2af58fc5ae76409ab3d9fbc248ff9a4c9e5377e3755b0ef5c9efa668,2025-05-17T21:00:00.000,2,DRIVER,,1968767.0,,KIA,RIO / K2,IL,2020.0,NONE,PASSENGER,PERSONAL,W,CHANGING LANES,,,1.0,,,,,,,,,,,,,Y,Y,,,SIDE-LEFT,,,,,,,,,,,,,,,,,,,,,,,,,,2025-05-17T21:00:00.000,30,UNKNOWN,UNKNOWN,UNKNOWN,UNKNOWN,SIDESWIPE SAME DIRECTION,UNKNOWN,STRAIGHT AND LEVEL,UNKNOWN,UNKNOWN,NOT ON SCENE (DESK REPORT),NO INJURY / DRIVE AWAY,,,Y,"OVER $1,500",2025-05-17T21:43:00.000,UNABLE TO DETERMINE,NOT APPLICABLE,151,W,ADAMS ST,122,,,,,,,2,NO INDICATION OF INJURY,0.0,0.0,0.0,0.0,0.0,2.0,0.0,21,7,5,41.8792900733,-87.6323627253,POINT (-87.6323627253 41.879290073296)
2065294,3ab3bef7633a61bf705a34ab98f3661d3e3f50373ae9ebc3e55a37dba95539c86c5125a5719d9e94532a625e659fdfe5c5bb47de45ec72ccbdeeeecf88960530,2025-05-17T21:00:00.000,1,DRIVER,,1968761.0,,TOYOTA,HIGHLANDER,IL,2022.0,NONE,SPORT UTILITY VEHICLE (SUV),PERSONAL,E,STRAIGHT AHEAD,,,1.0,,,,,,,,,,,,,,Y,Y,,FRONT-LEFT-CORNER,,,,,,,,,,,,,,,,,,,,,,,,,,2025-05-17T21:00:00.000,30,NO CONTROLS,NO CONTROLS,CLEAR,"DARKNESS, LIGHTED ROAD",ANGLE,NOT DIVIDED,STRAIGHT AND LEVEL,DRY,NO DEFECTS,NOT ON SCENE (DESK REPORT),NO INJURY / DRIVE AWAY,,,,"OVER $1,500",2025-05-17T21:30:00.000,FAILING TO YIELD RIGHT-OF-WAY,UNABLE TO DETERMINE,2000,S,MICHIGAN AVE,131,,,,,,,2,NO INDICATION OF INJURY,0.0,0.0,0.0,0.0,0.0,3.0,0.0,21,7,5,41.8554295577,-87.6240218414,POINT (-87.624021841401 41.855429557743)
2065295,3ab3bef7633a61bf705a34ab98f3661d3e3f50373ae9ebc3e55a37dba95539c86c5125a5719d9e94532a625e659fdfe5c5bb47de45ec72ccbdeeeecf88960530,2025-05-17T21:00:00.000,2,DRIVER,1.0,1968766.0,,INFINITI,QX60,IL,2015.0,NONE,SPORT UTILITY VEHICLE (SUV),PERSONAL,S,STRAIGHT AHEAD,,,2.0,,,,Y,Y,,,,,,,,,,,,SIDE-RIGHT,,,,,,,,,,,,,,,,,,,,,,,,,,2025-05-17T21:00:00.000,30,NO CONTROLS,NO CONTROLS,CLEAR,"DARKNESS, LIGHTED ROAD",ANGLE,NOT DIVIDED,STRAIGHT AND LEVEL,DRY,NO DEFECTS,NOT ON SCENE (DESK REPORT),NO INJURY / DRIVE AWAY,,,,"OVER $1,500",2025-05-17T21:30:00.000,FAILING TO YIELD RIGHT-OF-WAY,UNABLE TO DETERMINE,2000,S,MICHIGAN AVE,131,,,,,,,2,NO INDICATION OF INJURY,0.0,0.0,0.0,0.0,0.0,3.0,0.0,21,7,5,41.8554295577,-87.6240218414,POINT (-87.624021841401 41.855429557743)