crash_unit_id,crash_record_id,crash_date_left,unit_no,unit_type,num_passengers,vehicle_id,cmrc_veh_i,make,model,lic_plate_state,vehicle_year,vehicle_defect,vehicle_type,vehicle_use,travel_direction,maneuver,towed_i,fire_i,occupant_cnt,towed_by,towed_to,area_00_i,area_01_i,area_02_i,area_03_i,area_04_i,area_05_i,area_06_i,area_07_i,area_08_i,area_09_i,area_10_i,area_11_i,area_12_i,area_99_i,first_contact_point,cmv_id,usdot_no,commercial_src,gvwr,carrier_name,carrier_state,carrier_city,hazmat_placards_i,hazmat_present_i,hazmat_report_i,mcs_report_i,hazmat_vio_cause_crash_i,mcs_vio_cause_crash_i,idot_permit_no,trailer1_width,trailer2_width,trailer1_length,axle_cnt,vehicle_config,cargo_body_type,load_type,hazmat_out_of_service_i,mcs_out_of_service_i,hazmat_class,crash_date_est_i,crash_date_right,posted_speed_limit,traffic_control_device,device_condition,weather_condition,lighting_condition,first_crash_type,trafficway_type,alignment,roadway_surface_cond,road_defect,report_type,crash_type,intersection_related_i,private_property_i,hit_and_run_i,damage,date_police_notified,prim_contributory_cause,sec_contributory_cause,street_no,street_direction,street_name,beat_of_occurrence,photos_taken_i,statements_taken_i,dooring_i,work_zone_i,work_zone_type,workers_present_i,num_units,most_severe_injury,injuries_total,injuries_fatal,injuries_incapacitating,injuries_non_incapacitating,injuries_reported_not_evident,injuries_no_indication,injuries_unknown,crash_hour,crash_day_of_week,crash_month,latitude,longitude,location
2065309,8c083ea41547c75558a37cc95623a2bc769ff01a0342b5ee5117bbff312e8af86e7fdac642b1bd9a8763b909e4daa2e9a2d5080318089a1bfa63e40372fbfa67,2025-05-17T21:00:00.000,1,DRIVER,,1968776.0,,HONDA,ODYSSEY,IL,2014.0,NONE,PASSENGER,PERSONAL,N,PASSING/OVERTAKING,,,1.0,,,,Y,N,N,N,,,,,,,,,,SIDE-RIGHT-FRONT,,,,,,,,,,,,,,,,,,,,,,,,,,2025-05-17T21:00:00.000,30,NO CONTROLS,NO CONTROLS,CLEAR,"DARKNESS, LIGHTED ROAD",SIDESWIPE SAME DIRECTION,NOT DIVIDED,STRAIGHT AND LEVEL,DRY,NO DEFECTS,ON SCENE,NO INJURY / DRIVE AWAY,,,Y,"OVER $1,500",2025-05-17T21:03:00.000,UNABLE TO DETERMINE,NOT APPLICABLE,2051,N,MILWAUKEE AVE,1431,,,,,,,2,NO INDICATION OF INJURY,0.0,0.0,0.0,0.0,0.0,2.0,0.0,21,7,5,41.9185930409,-87.6900635677,POINT (-87.690063567743 41.918593040875)
2065310,8c083ea41547c75558a37cc95623a2bc769ff01a0342b5ee5117bbff312e8af86e7fdac642b1bd9a8763b909e4daa2e9a2d5080318089a1bfa63e40372fbfa67,2025-05-17T21:00:00.000,2,DRIVER,,1968785.0,,TOYOTA,RAV4,IL,2025.0,NONE,PASSENGER,RIDESHARE SERVICE,N,STRAIGHT AHEAD,,,1.0,,,,,,,,,,,Y,,Y,Y,,,SIDE-LEFT,,,,,,,,,,,,,,,,,,,,,,,,,,2025-05-17T21:00:00.000,30,NO CONTROLS,NO CONTROLS,CLEAR,"DARKNESS, LIGHTED ROAD",SIDESWIPE SAME DIRECTION,NOT DIVIDED,STRAIGHT AND LEVEL,DRY,NO DEFECTS,ON SCENE,NO INJURY / DRIVE AWAY,,,Y,"OVER $1,500",2025-05-17T21:03:00.000,UNABLE TO DETERMINE,NOT APPLICABLE,2051,N,MILWAUKEE AVE,1431,,,,,,,2,NO INDICATION OF INJURY,0.0,0.0,0.0,0.0,0.0,2.0,0.0,21,7,5,41.9185930409,-87.6900635677,POINT (-87.690063567743 41.918593040875)
2065828,c7788b8321895f75294efff0937a2058936b0b27ae92ec9d76f9687fd6150e34f11a5cb0e9b8bbccab483acb68754e1bec4b18250a780548a87a91d3650db55d,2025-05-17T21:00:00.000,1,DRIVER,,1969260.0,,UNKNOWN,OTHER (EXPLAIN IN NARRATIVE),,,UNKNOWN,UNKNOWN/NA,UNKNOWN/NA,UNKNOWN,UNKNOWN/NA,,,1.0,,,,,,,,,,,,,,,,,UNKNOWN,,,,,,,,,,,,,,,,,,,,,,,,,Y,2025-05-17T21:00:00.000,30,NO CONTROLS,NO CONTROLS,UNKNOWN,UNKNOWN,PARKED MOTOR VEHICLE,UNKNOWN,STRAIGHT AND LEVEL,UNKNOWN,UNKNOWN,ON SCENE,NO INJURY / DRIVE AWAY,,,Y,"$501 - $1,500",2025-05-18T19:21:00.000,UNABLE TO DETERMINE,UNABLE TO DETERMINE,4145,S,WABASH AVE,213,,,,,,,2,NO INDICATION OF INJURY,0.0,0.0,0.0,0.0,0.0,1.0,0.0,21,7,5,41.8188077131,-87.6245638188,POINT (-87.624563818801 41.818807713068)
2065829,c7788b8321895f75294efff0937a2058936b0b27ae92ec9d76f9687fd6150e34f11a5cb0e9b8bbccab483acb68754e1bec4b18250a780548a87a91d3650db55d,2025-05-17T21:00:00.000,2,PARKED,,1969264.0,,LEXUS,ES300,IL,1999.0,NONE,UNKNOWN/NA,UNKNOWN/NA,S,PARKED,,,0.0,,,,,,,,,,,,,,,Y,,FRONT,,,,,,,,,,,,,,,,,,,,,,,,,Y,2025-05-17T21:00:00.000,30,NO CONTROLS,NO CONTROLS,UNKNOWN,UNKNOWN,PARKED MOTOR VEHICLE,UNKNOWN,STRAIGHT AND LEVEL,UNKNOWN,UNKNOWN,ON SCENE,NO INJURY / DRIVE AWAY,,,Y,"$501 - $1,500",2025-05-18T19:21:00.000,UNABLE TO DETERMINE,UNABLE TO DETERMINE,4145,S,WABASH AVE,213,,,,,,,2,NO INDICATION OF INJURY,0.0,0.0,0.0,0.0,0.0,1.0,0.0,21,7,5,41.8188077131,-87.6245638188,POINT (-87.624563818801 41.818807713068)
2065326,e7ebf36b42512ebb1a3a34bc0e11050779d296aab28ba2245edbbf3c0bcdd6bdade32f434810e4edbffd32fad884d42822fd3904afed1e6e63fd9434812a3666,2025-05-17T21:00:00.000,1,DRIVER,1.0,1968783.0,,FORD,EDGE,IN,2017.0,UNKNOWN,UNKNOWN/NA,UNKNOWN/NA,E,BACKING,,,2.0,,,,,,,,,,,,,,,,Y,UNKNOWN,,,,,,,,,,,,,,,,,,,,,,,,,,2025-05-17T21:00:00.000,30,NO CONTROLS,NO CONTROLS,CLEAR,"DARKNESS, LIGHTED ROAD",PARKED MOTOR VEHICLE,PARKING LOT,STRAIGHT AND LEVEL,DRY,NO DEFECTS,NOT ON SCENE (DESK REPORT),NO INJURY / DRIVE AWAY,,,,"OVER $1,500",2025-05-17T22:00:00.000,UNABLE TO DETERMINE,UNABLE TO DETERMINE,600,N,CLARK ST,1832,Y,,,,,,2,NO INDICATION OF INJURY,0.0,0.0,0.0,0.0,0.0,2.0,0.0,21,7,5,41.892464033,-87.6312948859,POINT (-87.631294885907 41.892464032993)
2065327,e7ebf36b42512ebb1a3a34bc0e11050779d296aab28ba2245edbbf3c0bcdd6bdade32f434810e4edbffd32fad884d42822fd3904afed1e6e63fd9434812a3666,2025-05-17T21:00:00.000,2,PARKED,,1968788.0,,TOYOTA,COROLLA,TN,,NONE,PASSENGER,PERSONAL,W,PARKED,,,0.0,,,,,,,,Y,,,,,,,,,REAR-RIGHT-CORNER,,,,,,,,,,,,,,,,,,,,,,,,,,2025-05-17T21:00:00.000,30,NO CONTROLS,NO CONTROLS,CLEAR,"DARKNESS, LIGHTED ROAD",PARKED MOTOR VEHICLE,PARKING LOT,STRAIGHT AND LEVEL,DRY,NO DEFECTS,NOT ON SCENE (DESK REPORT),NO INJURY / DRIVE AWAY,,,,"OVER $1,500",2025-05-17T22:00:00.000,UNABLE TO DETERMINE,UNABLE TO DETERMINE,600,N,CLARK ST,1832,Y,,,,,,2,NO INDICATION OF INJURY,0.0,0.0,0.0,0.0,0.0,2.0,0.0,21,7,5,41.892464033,-87.6312948859,POINT (-87.631294885907 41.892464032993)
2065328,7208191eb4068144a7e75a93625d7aec69134d1ad0cdadd14a2bad2de7e67f126c725a26826de078cd9bfe1139044ac6e39b435ca18c8d956fbee06ddc8985dc,2025-05-17T20:58:00.000,1,DRIVER,,1968811.0,,HYUNDAI,SONATA,IL,2009.0,UNKNOWN,PASSENGER,PERSONAL,S,STRAIGHT AHEAD,Y,,1.0,HERRERA'S TOWING,"127 137TH ST HAMMOND, IN",,Y,Y,,,,,Y,,,,Y,Y,,FRONT-RIGHT-CORNER,,,,,,,,,,,,,,,,,,,,,,,,,,2025-05-17T20:58:00.000,55,NO CONTROLS,NO CONTROLS,CLEAR,"DARKNESS, LIGHTED ROAD",FIXED OBJECT,DIVIDED - W/MEDIAN BARRIER,STRAIGHT AND LEVEL,DRY,NO DEFECTS,ON SCENE,INJURY AND / OR TOW DUE TO CRASH,,,,"OVER $1,500",2025-05-17T21:10:00.000,FAILING TO REDUCE SPEED TO AVOID CRASH,NOT APPLICABLE,7100,S,CHICAGO SKYWAY OB,323,,,,,,,1,NONINCAPACITATING INJURY,1.0,0.0,0.0,1.0,0.0,0.0,0.0,20,7,5,,,
2065342,26901cb580449497bb908636cc9818efcad49078a4ce9fd53affd1a5a428c99a14f61d8b7a221fd567021c5a50971944ff20229474298851092a6e1e272b7e2b,2025-05-17T20:45:00.000,1,DRIVER,,1968806.0,,DODGE,NITRO,IL,2007.0,NONE,PICKUP,PERSONAL,N,STRAIGHT AHEAD,,,1.0,,,,,,,,Y,Y,Y,,,,,,,TOTAL (ALL AREAS),,,,,,,,,,,,,,,,,,,,,,,,,,2025-05-17T20:45:00.000,30,NO CONTROLS,NO CONTROLS,CLEAR,DARKNESS,PARKED MOTOR VEHICLE,ONE-WAY,STRAIGHT AND LEVEL,DRY,NO DEFECTS,NOT ON SCENE (DESK REPORT),NO INJURY / DRIVE AWAY,,,Y,"OVER $1,500",2025-05-17T23:00:00.000,UNABLE TO DETERMINE,NOT APPLICABLE,305,N,KILBOURN AVE,1113,,,,,,,2,NO INDICATION OF INJURY,0.0,0.0,0.0,0.0,0.0,1.0,0.0,20,7,5,41.8855379446,-87.7379417313,POINT (-87.737941731301 41.885537944615)
2065343,26901cb580449497bb908636cc9818efcad49078a4ce9fd53affd1a5a428c99a14f61d8b7a221fd567021c5a50971944ff20229474298851092a6e1e272b7e2b,2025-05-17T20:45:00.000,2,PARKED,,1968807.0,,UNKNOWN,OTHER (EXPLAIN IN NARRATIVE),IL,2023.0,NONE,OTHER,PERSONAL,N,PARKED,,,0.0,,,,,,,,,Y,Y,,,,,,,REAR-LEFT-CORNER,,,,,,,,,,,,,,,,,,,,,,,,,,2025-05-17T20:45:00.000,30,NO CONTROLS,NO CONTROLS,CLEAR,DARKNESS,PARKED MOTOR VEHICLE,ONE-WAY,STRAIGHT AND LEVEL,DRY,NO DEFECTS,NOT ON SCENE (DESK REPORT),NO INJURY / DRIVE AWAY,,,Y,"OVER $1,500",2025-05-17T23:00:00.000,UNABLE TO DETERMINE,NOT APPLICABLE,305,N,KILBOURN AVE,1113,,,,,,,2,NO INDICATION OF INJURY,0.0,0.0,0.0,0.0,0.0,1.0,0.0,20,7,5,41.8855379446,-87.7379417313,POINT (-87.737941731301 41.885537944615)
2065354,8578e4e0b369df3596827e246abcda5c1955b86be55c1cb0a02fa77169868b55adddf120dc6c9f153617ae6ed09a609f892d9df48d18f188e56407a1d3da3d43,2025-05-17T20:42:00.000,1,DRIVER,,1968816.0,,UNKNOWN,OTHER (EXPLAIN IN NARRATIVE),IL,,UNKNOWN,UNKNOWN/NA,UNKNOWN/NA,UNKNOWN,UNKNOWN/NA,,,1.0,,,,,,,,,,,,,,,,,UNKNOWN,,,,,,,,,,,,,,,,,,,,,,,,,,2025-05-17T20:42:00.000,30,NO CONTROLS,NO CONTROLS,CLEAR,"DARKNESS, LIGHTED ROAD",PARKED MOTOR VEHICLE,PARKING LOT,STRAIGHT AND LEVEL,DRY,NO DEFECTS,NOT ON SCENE (DESK REPORT),NO INJURY / DRIVE AWAY,,,Y,"OVER $1,500",2025-05-17T23:55:00.000,UNABLE TO DETERMINE,NOT APPLICABLE,56,E,11TH ST,123,,,,,,,2,NO INDICATION OF INJURY,0.0,0.0,0.0,0.0,0.0,1.0,0.0,20,7,5,41.8693909748,-87.6253829297,POINT (-87.625382929707 41.869390974808)
2065355,8578e4e0b369df3596827e246abcda5c1955b86be55c1cb0a02fa77169868b55adddf120dc6c9f153617ae6ed09a609f892d9df48d18f188e56407a1d3da3d43,2025-05-17T20:42:00.000,2,PARKED,,1968817.0,,MERCEDES-BENZ,OTHER (EXPLAIN IN NARRATIVE),IL,2023.0,NONE,PASSENGER,PERSONAL,UNKNOWN,PARKED,,,0.0,,,,,,,,,,,,,,Y,Y,,FRONT-LEFT-CORNER,,,,,,,,,,,,,,,,,,,,,,,,,,2025-05-17T20:42:00.000,30,NO CONTROLS,NO CONTROLS,CLEAR,"DARKNESS, LIGHTED ROAD",PARKED MOTOR VEHICLE,PARKING LOT,STRAIGHT AND LEVEL,DRY,NO DEFECTS,NOT ON SCENE (DESK REPORT),NO INJURY / DRIVE AWAY,,,Y,"OVER $1,500",2025-05-17T23:55:00.000,UNABLE TO DETERMINE,NOT APPLICABLE,56,E,11TH ST,123,,,,,,,2,NO INDICATION OF INJURY,0.0,0.0,0.0,0.0,0.0,1.0,0.0,20,7,5,41.8693909748,-87.6253829297,POINT (-87.625382929707 41.869390974808)
2065736,dea536b44ab4df146e0179ab0168bf6f1e1655a2bcad5dcad303a0417739359a408e2f3a42c533cb3315490b9bc0fb23d0a121d06d0e32c3ebc4e8e2520c3f00,2025-05-17T20:37:00.000,1,DRIVER,,1969178.0,,HONDA,ODYSSEY,IL,2010.0,UNKNOWN,VAN/MINI-VAN,PERSONAL,N,PASSING/OVERTAKING,,,1.0,,,,Y,,,,,,,,,,Y,Y,,SIDE-RIGHT-FRONT,,,,,,,,,,,,,,,,,,,,,,,,,,2025-05-17T20:37:00.000,30,NO CONTROLS,NO CONTROLS,CLEAR,"DARKNESS, LIGHTED ROAD",SIDESWIPE SAME DIRECTION,RAMP,STRAIGHT AND LEVEL,DRY,NO DEFECTS,ON SCENE,NO INJURY / DRIVE AWAY,,,,"OVER $1,500",2025-05-17T20:37:00.000,IMPROPER OVERTAKING/PASSING,NOT APPLICABLE,1600,N,LAKE SHORE DR NB,1814,,,,,,,2,NO INDICATION OF INJURY,0.0,0.0,0.0,0.0,0.0,2.0,0.0,20,7,5,41.9118569525,-87.6261695233,POINT (-87.626169523312 41.911856952541)
2065737,dea536b44ab4df146e0179ab0168bf6f1e1655a2bcad5dcad303a0417739359a408e2f3a42c533cb3315490b9bc0fb23d0a121d06d0e32c3ebc4e8e2520c3f00,2025-05-17T20:37:00.000,2,DRIVER,,1969183.0,,TESLA,MODEL 3,IL,2024.0,UNKNOWN,PASSENGER,PERSONAL,N,STRAIGHT AHEAD,,,1.0,,,,,,,,,,Y,Y,,,,,,SIDE-LEFT-REAR,,,,,,,,,,,,,,,,,,,,,,,,,,2025-05-17T20:37:00.000,30,NO CONTROLS,NO CONTROLS,CLEAR,"DARKNESS, LIGHTED ROAD",SIDESWIPE SAME DIRECTION,RAMP,STRAIGHT AND LEVEL,DRY,NO DEFECTS,ON SCENE,NO INJURY / DRIVE AWAY,,,,"OVER $1,500",2025-05-17T20:37:00.000,IMPROPER OVERTAKING/PASSING,NOT APPLICABLE,1600,N,LAKE SHORE DR NB,1814,,,,,,,2,NO INDICATION OF INJURY,0.0,0.0,0.0,0.0,0.0,2.0,0.0,20,7,5,41.9118569525,-87.6261695233,POINT (-87.626169523312 41.911856952541)
2065957,c1218c0f24054e4d3b35588729804bce557c2d919d2cf0d47d178869c85eff06c0263a447d3d9835165224391d7699cbb1c0fa9127f58210f9093d6b8174ac8b,2025-05-17T20:35:00.000,1,DRIVER,,1969385.0,,TOYOTA,PRIUS,IL,,UNKNOWN,PASSENGER,RIDESHARE SERVICE,S,SLOW/STOP IN TRAFFIC,,,1.0,,,,N,,,,,Y,,,,,,,,REAR,,,,,,,,,,,,,,,,,,,,,,,,,,2025-05-17T20:35:00.000,30,NO CONTROLS,NO CONTROLS,CLEAR,"DARKNESS, LIGHTED ROAD",REAR TO FRONT,NOT DIVIDED,STRAIGHT AND LEVEL,DRY,UNKNOWN,NOT ON SCENE (DESK REPORT),NO INJURY / DRIVE AWAY,,,,$500 OR LESS,2025-05-19T02:00:00.000,IMPROPER BACKING,IMPROPER BACKING,3801,N,CLARK ST,1923,,,,,,,2,NO INDICATION OF INJURY,0.0,0.0,0.0,0.0,0.0,2.0,0.0,20,7,5,41.9511755564,-87.6595418025,POINT (-87.659541802485 41.951175556416)
2065958,c1218c0f24054e4d3b35588729804bce557c2d919d2cf0d47d178869c85eff06c0263a447d3d9835165224391d7699cbb1c0fa9127f58210f9093d6b8174ac8b,2025-05-17T20:35:00.000,2,DRIVER,,1969387.0,,GENERAL MOTORS CORPORATION (GMC),ACADIA,,,UNKNOWN,SPORT UTILITY VEHICLE (SUV),RIDESHARE SERVICE,N,OTHER,,,1.0,,,,Y,,,,,,,,,,,,,FRONT-RIGHT-CORNER,,,,,,,,,,,,,,,,,,,,,,,,,,2025-05-17T20:35:00.000,30,NO CONTROLS,NO CONTROLS,CLEAR,"DARKNESS, LIGHTED ROAD",REAR TO FRONT,NOT DIVIDED,STRAIGHT AND LEVEL,DRY,UNKNOWN,NOT ON SCENE (DESK REPORT),NO INJURY / DRIVE AWAY,,,,$500 OR LESS,2025-05-19T02:00:00.000,IMPROPER BACKING,IMPROPER BACKING,3801,N,CLARK ST,1923,,,,,,,2,NO INDICATION OF INJURY,0.0,0.0,0.0,0.0,0.0,2.0,0.0,20,7,5,41.9511755564,-87.6595418025,POINT (-87.659541802485 41.951175556416)
2065292,4473a4b81099f18fe0eb2cc936d3b54fa8efd21d95ca60ec4504ce9789b28c521a095a0b7d28f3d4cab526fe51cb921f78b28099d13aa2d0c2584d0997ade071,2025-05-17T20:30:00.000,1,DRIVER,,1968763.0,,TOYOTA,OTHER (EXPLAIN IN NARRATIVE),IL,2014.0,NONE,PASSENGER,PERSONAL,N,CHANGING LANES,,,1.0,,,,,Y,Y,Y,,,,,,,,,,SIDE-RIGHT,,,,,,,,,,,,,,,,,,,,,,,,,,2025-05-17T20:30:00.000,30,NO CONTROLS,NO CONTROLS,CLEAR,"DARKNESS, LIGHTED ROAD",SIDESWIPE SAME DIRECTION,NOT DIVIDED,STRAIGHT AND LEVEL,DRY,NO DEFECTS,NOT ON SCENE (DESK REPORT),NO INJURY / DRIVE AWAY,,,,"OVER $1,500",2025-05-17T21:00:00.000,IMPROPER LANE USAGE,NOT APPLICABLE,175,N,STATE ST,111,,,,,,,2,NO INDICATION OF INJURY,0.0,0.0,0.0,0.0,0.0,2.0,0.0,20,7,5,41.8852377995,-87.6277818345,POINT (-87.627781834474 41.885237799493)
2065293,4473a4b81099f18fe0eb2cc936d3b54fa8efd21d95ca60ec4504ce9789b28c521a095a0b7d28f3d4cab526fe51cb921f78b28099d13aa2d0c2584d0997ade071,2025-05-17T20:30:00.000,2,DRIVER,,1968771.0,,TOYOTA,OTHER (EXPLAIN IN NARRATIVE),IL,2025.0,NONE,PASSENGER,PERSONAL,N,SLOW/STOP IN TRAFFIC,,,1.0,,,,,,,,,,,,,,Y,,,FRONT-LEFT-CORNER,,,,,,,,,,,,,,,,,,,,,,,,,,2025-05-17T20:30:00.000,30,NO CONTROLS,NO CONTROLS,CLEAR,"DARKNESS, LIGHTED ROAD",SIDESWIPE SAME DIRECTION,NOT DIVIDED,STRAIGHT AND LEVEL,DRY,NO DEFECTS,NOT ON SCENE (DESK REPORT),NO INJURY / DRIVE AWAY,,,,"OVER $1,500",2025-05-17T21:00:00.000,IMPROPER LANE USAGE,NOT APPLICABLE,175,N,STATE ST,111,,,,,,,2,NO INDICATION OF INJURY,0.0,0.0,0.0,0.0,0.0,2.0,0.0,20,7,5,41.8852377995,-87.6277818345,POINT (-87.627781834474 41.885237799493)
2065338,8e4ee943acd62220d781c5046daf085d5ff275b365fc5a7b280b355f4992254fcd786e6dee90fb062d9868093a73740536d31dde4984ff3f08aaee9a47a0e70d,2025-05-17T20:30:00.000,1,DRIVER,,1968804.0,,DODGE,NITRO,IL,2007.0,UNKNOWN,UNKNOWN/NA,UNKNOWN/NA,N,UNKNOWN/NA,,,1.0,,,,,,,,,,Y,Y,Y,Y,Y,,,SIDE-LEFT,,,,,,,,,,,,,,,,,,,,,,,,,,2025-05-17T20:30:00.000,30,NO CONTROLS,NO CONTROLS,CLEAR,"DARKNESS, LIGHTED ROAD",PARKED MOTOR VEHICLE,FOUR WAY,STRAIGHT AND LEVEL,DRY,NO DEFECTS,NOT ON SCENE (DESK REPORT),NO INJURY / DRIVE AWAY,,,,"OVER $1,500",2025-05-17T22:45:00.000,UNABLE TO DETERMINE,NOT APPLICABLE,241,N,KILBOURN AVE,1113,,,,,,,2,NO INDICATION OF INJURY,0.0,0.0,0.0,0.0,0.0,1.0,0.0,20,7,5,41.8844737573,-87.7379080383,POINT (-87.737908038306 41.884473757262)
2065339,8e4ee943acd62220d781c5046daf085d5ff275b365fc5a7b280b355f4992254fcd786e6dee90fb062d9868093a73740536d31dde4984ff3f08aaee9a47a0e70d,2025-05-17T20:30:00.000,2,PARKED,,1968805.0,,HYUNDAI,SONATA,IL,2014.0,NONE,UNKNOWN/NA,NOT IN USE,N,PARKED,,,0.0,,,,Y,Y,Y,Y,Y,,,,,,,,,SIDE-RIGHT,,,,,,,,,,,,,,,,,,,,,,,,,,2025-05-17T20:30:00.000,30,NO CONTROLS,NO CONTROLS,CLEAR,"DARKNESS, LIGHTED ROAD",PARKED MOTOR VEHICLE,FOUR WAY,STRAIGHT AND LEVEL,DRY,NO DEFECTS,NOT ON SCENE (DESK REPORT),NO INJURY / DRIVE AWAY,,,,"OVER $1,500",2025-05-17T22:45:00.000,UNABLE TO DETERMINE,NOT APPLICABLE,241,N,KILBOURN AVE,1113,,,,,,,2,NO INDICATION OF INJURY,0.0,0.0,0.0,0.0,0.0,1.0,0.0,20,7,5,41.8844737573,-87.7379080383,POINT (-87.737908038306 41.884473757262)
2065290,aa1eb342e9657b67f52d78db31fb7872b0fe6f5665ea7085d0bf99edad55e64ded3d580895079f727e89a24f76efa1e104e416ef199db3d5083c5a1d349c6108,2025-05-17T20:29:00.000,1,DRIVER,,1968758.0,,CHEVROLET,OTHER (EXPLAIN IN NARRATIVE),IL,2009.0,UNKNOWN,PICKUP,PERSONAL,N,AVOIDING VEHICLES/OBJECTS,Y,,1.0,PRIVATE TOW,,,Y,,,,,,,,,Y,Y,Y,,FRONT-LEFT-CORNER,,,,,,,,,,,,,,,,,,,,,,,,,,2025-05-17T20:29:00.000,30,FLASHING CONTROL SIGNAL,FUNCTIONING PROPERLY,CLEAR,DARKNESS,TURNING,FOUR WAY,STRAIGHT AND LEVEL,DRY,UNKNOWN,ON SCENE,INJURY AND / OR TOW DUE TO CRASH,Y,,,"OVER $1,500",2025-05-17T20:29:00.000,FAILING TO YIELD RIGHT-OF-WAY,FAILING TO YIELD RIGHT-OF-WAY,7500,S,STONY ISLAND AVE,411,,Y,,,,,2,NO INDICATION OF INJURY,0.0,0.0,0.0,0.0,0.0,2.0,0.0,20,7,5,41.7587154667,-87.5862809648,POINT (-87.586280964844 41.758715466706)
2065291,aa1eb342e9657b67f52d78db31fb7872b0fe6f5665ea7085d0bf99edad55e64ded3d580895079f727e89a24f76efa1e104e416ef199db3d5083c5a1d349c6108,2025-05-17T20:29:00.000,2,DRIVER,,1968760.0,,(UNLISTED CONSTRUCTION EQUIPMENT MAKE),(UNLISTED CONSTRUCTION EQUIPMENT MAKE),IL,2022.0,UNKNOWN,OTHER,FIRE,NE,TURNING RIGHT,,N,1.0,,,,,Y,Y,,,,,,,,,,,SIDE-RIGHT,,,,,,,,,,,,,,,,,,,,,,,,,,2025-05-17T20:29:00.000,30,FLASHING CONTROL SIGNAL,FUNCTIONING PROPERLY,CLEAR,DARKNESS,TURNING,FOUR WAY,STRAIGHT AND LEVEL,DRY,UNKNOWN,ON SCENE,INJURY AND / OR TOW DUE TO CRASH,Y,,,"OVER $1,500",2025-05-17T20:29:00.000,FAILING TO YIELD RIGHT-OF-WAY,FAILING TO YIELD RIGHT-OF-WAY,7500,S,STONY ISLAND AVE,411,,Y,,,,,2,NO INDICATION OF INJURY,0.0,0.0,0.0,0.0,0.0,2.0,0.0,20,7,5,41.7587154667,-87.5862809648,POINT (-87.586280964844 41.758715466706)
2066387,83c59a9045faceb12091f1013272fdaef8e232e425b9d128242c92e74d1f981db5fae5998f7aa7e312d3a29068707dd71cf49f0bd7467d6edee70f01fa11ab44,2025-05-17T20:26:00.000,1,DRIVER,,1969793.0,,KIA,TELLURIDE,IL,2020.0,UNKNOWN,UNKNOWN/NA,UNKNOWN/NA,UNKNOWN,UNKNOWN/NA,,,1.0,,,,,,,,,,,,,,N,Y,,FRONT,,,,,,,,,,,,,,,,,,,,,,,,,,2025-05-17T20:26:00.000,30,UNKNOWN,UNKNOWN,CLEAR,DAYLIGHT,REAR END,UNKNOWN,STRAIGHT AND LEVEL,DRY,UNKNOWN,NOT ON SCENE (DESK REPORT),NO INJURY / DRIVE AWAY,Y,,,"OVER $1,500",2025-05-19T16:50:00.000,UNABLE TO DETERMINE,UNABLE TO DETERMINE,400,E,PERSHING RD,212,,,,,,,2,NO INDICATION OF INJURY,0.0,0.0,0.0,0.0,0.0,2.0,0.0,20,7,5,41.8239488417,-87.616672416,POINT (-87.61667241604 41.823948841721)
2066388,83c59a9045faceb12091f1013272fdaef8e232e425b9d128242c92e74d1f981db5fae5998f7aa7e312d3a29068707dd71cf49f0bd7467d6edee70f01fa11ab44,2025-05-17T20:26:00.000,2,DRIVER,,1969812.0,,VOLKSWAGEN,TIGUAN,,2022.0,UNKNOWN,UNKNOWN/NA,UNKNOWN/NA,UNKNOWN,UNKNOWN/NA,,,1.0,,,,,,,,,Y,,,,,,,,REAR,,,,,,,,,,,,,,,,,,,,,,,,,,2025-05-17T20:26:00.000,30,UNKNOWN,UNKNOWN,CLEAR,DAYLIGHT,REAR END,UNKNOWN,STRAIGHT AND LEVEL,DRY,UNKNOWN,NOT ON SCENE (DESK REPORT),NO INJURY / DRIVE AWAY,Y,,,"OVER $1,500",2025-05-19T16:50:00.000,UNABLE TO DETERMINE,UNABLE TO DETERMINE,400,E,PERSHING RD,212,,,,,,,2,NO INDICATION OF INJURY,0.0,0.0,0.0,0.0,0.0,2.0,0.0,20,7,5,41.8239488417,-87.616672416,POINT (-87.61667241604 41.823948841721)
2065275,38d066c3c83c987c573fbf1d7047d0798e30372917bbca273a8c1071aceede07bdfb2cf76ec849994869a64b5f2c4607ac48c73f82f0034db957bc17feb6b610,2025-05-17T20:20:00.000,1,DRIVER,,1968748.0,,CHEVROLET,MALIBU,IL,2022.0,NONE,PASSENGER,PERSONAL,N,TURNING RIGHT,Y,,1.0,,,,Y,Y,,,,,,,,Y,Y,Y,,FRONT,,,,,,,,,,,,,,,,,,,,,,,,,,2025-05-17T20:20:00.000,20,TRAFFIC SIGNAL,FUNCTIONING PROPERLY,CLEAR,DUSK,PARKED MOTOR VEHICLE,NOT DIVIDED,STRAIGHT AND LEVEL,DRY,NO DEFECTS,ON SCENE,INJURY AND / OR TOW DUE TO CRASH,,,,"OVER $1,500",2025-05-17T20:25:00.000,UNABLE TO DETERMINE,UNABLE TO DETERMINE,658,W,43RD PL,925,,,,,,,2,NO INDICATION OF INJURY,0.0,0.0,0.0,0.0,0.0,1.0,0.0,20,7,5,41.8154198483,-87.6431867705,POINT (-87.643186770458 41.815419848282)